2026-08-03 18:16:54.306 | INFO     | app.main:on_startup:15 - Starting RAG Platform in development mode
2026-08-03 18:20:32.429 | INFO     | app.main:on_startup:15 - Starting RAG Platform in development mode
2026-08-04 11:53:05.334 | INFO     | app.main:on_startup:15 - Starting RAG Platform in development mode
2026-08-04 11:55:52.584 | INFO     | app.main:on_startup:15 - Starting RAG Platform in development mode
2026-08-04 12:07:37.027 | INFO     | app.main:on_startup:15 - Starting RAG Platform in development mode
2026-08-04 12:08:05.902 | INFO     | app.main:on_startup:15 - Starting RAG Platform in development mode
2026-08-04 12:11:10.483 | INFO     | app.main:on_startup:15 - Starting RAG Platform in development mode
2026-08-04 12:12:50.475 | INFO     | app.main:on_startup:15 - Starting RAG Platform in development mode
2026-08-04 12:14:28.230 | INFO     | app.main:on_startup:15 - Starting RAG Platform in development mode
2026-08-04 12:26:52.466 | INFO     | app.main:on_startup:15 - Starting RAG Platform in development mode
2026-08-04 12:39:44.853 | INFO     | app.main:on_startup:15 - Starting RAG Platform in development mode
2026-08-04 12:40:10.601 | INFO     | app.main:on_startup:15 - Starting RAG Platform in development mode
2026-08-04 12:40:39.032 | INFO     | app.main:on_startup:15 - Starting RAG Platform in development mode
2026-08-04 12:47:41.233 | INFO     | app.main:on_startup:16 - Starting RAG Platform in development mode
2026-08-04 12:50:30.787 | INFO     | app.main:on_startup:16 - Starting RAG Platform in development mode
2026-08-04 12:55:07.543 | INFO     | app.main:on_startup:16 - Starting RAG Platform in development mode
2026-08-04 13:01:37.501 | INFO     | app.main:on_startup:16 - Starting RAG Platform in development mode
2026-08-04 13:12:39.403 | INFO     | app.main:on_startup:16 - Starting RAG Platform in development mode
2026-08-04 13:44:03.998 | INFO     | app.main:on_startup:16 - Starting RAG Platform in development mode
2026-08-04 13:44:51.608 | INFO     | app.main:on_startup:16 - Starting RAG Platform in development mode
2026-08-04 14:53:47.678 | INFO     | app.main:on_startup:16 - Starting RAG Platform in development mode
2026-08-04 16:16:39.849 | INFO     | app.main:on_startup:16 - Starting RAG Platform in development mode
2026-08-04 16:17:05.525 | INFO     | app.main:on_startup:16 - Starting RAG Platform in development mode
2026-08-04 16:41:03.166 | INFO     | app.main:on_startup:16 - Starting RAG Platform in development mode
2026-08-04 16:42:06.154 | INFO     | app.main:on_startup:16 - Starting RAG Platform in development mode
2026-08-04 16:54:49.278 | INFO     | app.main:on_startup:16 - Starting RAG Platform in development mode
2026-08-04 16:55:29.519 | INFO     | app.main:on_startup:18 - Starting RAG Platform in development mode
2026-08-04 16:56:07.216 | INFO     | app.main:on_startup:18 - Starting RAG Platform in development mode
2026-08-04 17:01:39.540 | INFO     | app.api.documents:upload_document:50 - Document uploaded by ddhawan82@gmail.com: sample_Defense_contract.pdf (Contract)
2026-08-04 17:04:12.733 | INFO     | app.api.documents:delete_document:81 - Document deleted by ddhawan82@gmail.com: sample_Defense_contract.pdf
2026-08-04 17:05:07.876 | INFO     | app.api.documents:upload_document:50 - Document uploaded by ddhawan82@gmail.com: sample_Defense_contract.pdf (Contract)
2026-08-04 17:05:22.711 | INFO     | app.api.documents:upload_document:50 - Document uploaded by ddhawan82@gmail.com: sample_Defense_contract.pdf (Contract)
2026-08-04 17:08:27.067 | INFO     | app.main:on_startup:18 - Starting RAG Platform in development mode
2026-08-04 17:11:47.415 | INFO     | app.main:on_startup:18 - Starting RAG Platform in development mode
2026-08-04 17:19:50.968 | INFO     | app.api.documents:upload_document:67 - Document uploaded by ddhawan82@gmail.com: sample_Defense_contract.pdf (Contract)
2026-08-04 17:19:55.548 | INFO     | app.api.documents:upload_document:35 - Duplicate upload blocked for ddhawan82@gmail.com: sample_Defense_contract.pdf
2026-08-04 17:28:48.879 | INFO     | app.main:on_startup:18 - Starting RAG Platform in development mode
2026-08-04 17:44:17.368 | INFO     | app.main:on_startup:18 - Starting RAG Platform in development mode
2026-08-04 17:44:53.282 | INFO     | app.main:on_startup:18 - Starting RAG Platform in development mode
2026-08-04 17:48:21.186 | INFO     | app.main:on_startup:18 - Starting RAG Platform in development mode
2026-08-04 17:51:09.002 | INFO     | app.main:on_startup:18 - Starting RAG Platform in development mode
2026-08-04 18:45:01.681 | INFO     | app.api.documents:upload_document:34 - Document uploaded by user@example.com: sample2.pdf (doc)
2026-08-04 18:48:16.256 | INFO     | app.api.documents:upload_document:34 - Document uploaded by ddhawan82@gmail.com: sample2.pdf (doc)
2026-08-05 13:02:42.350 | INFO     | app.main:on_startup:18 - Starting RAG Platform in development mode
2026-08-05 13:10:16.013 | INFO     | app.main:on_startup:18 - Starting RAG Platform in development mode
2026-08-05 13:14:11.945 | INFO     | app.main:on_startup:18 - Starting RAG Platform in development mode
2026-08-05 13:14:57.999 | INFO     | app.main:on_startup:18 - Starting RAG Platform in development mode
2026-08-05 13:18:39.259 | INFO     | app.main:on_startup:18 - Starting RAG Platform in development mode
2026-08-05 13:19:04.481 | INFO     | app.main:on_startup:18 - Starting RAG Platform in development mode
2026-08-05 13:22:57.532 | INFO     | app.main:on_startup:18 - Starting RAG Platform in development mode
2026-08-05 13:24:09.523 | INFO     | app.main:on_startup:18 - Starting RAG Platform in development mode
2026-08-05 13:28:39.760 | INFO     | app.api.documents:upload_document:34 - Document uploaded by ddhawan82@gmail.com: sample.pdf (string)
2026-08-05 13:28:40.026 | INFO     | app.worker:process_document:20 - Processing document: sample.pdf (string)
2026-08-05 13:28:40.071 | INFO     | app.worker:process_document:27 - Document ready: sample.pdf
2026-08-05 13:37:52.930 | INFO     | app.api.documents:upload_document:34 - Document uploaded by ddhawan82@gmail.com: sample2.pdf (reserach_doc)
2026-08-05 13:37:53.422 | INFO     | app.worker:process_document:20 - Processing document: sample2.pdf (reserach_doc)
2026-08-05 13:37:53.436 | INFO     | app.worker:process_document:27 - Document ready: sample2.pdf
2026-08-05 13:48:29.016 | INFO     | app.api.documents:upload_document:34 - Document uploaded by ddhawan82@gmail.com: sample.pdf (tabular)
2026-08-05 13:48:29.264 | INFO     | app.worker:process_document:24 - Processing document: sample.pdf (tabular)
2026-08-05 13:48:29.664 | INFO     | app.worker:process_document:52 - Extracted 2 text pages and 2 tables from sample.pdf
2026-08-05 13:56:51.260 | INFO     | app.api.documents:upload_document:34 - Document uploaded by ddhawan82@gmail.com: sample2.pdf (research_doc)
2026-08-05 13:56:51.311 | INFO     | app.worker:process_document:24 - Processing document: sample2.pdf (research_doc)
2026-08-05 13:56:52.477 | INFO     | app.worker:process_document:52 - Extracted 7 text pages and 0 tables from sample2.pdf
2026-08-05 14:01:33.030 | INFO     | app.api.documents:upload_document:34 - Document uploaded by ddhawan82@gmail.com: sample_Defense_contract.pdf (contract)
2026-08-05 14:01:33.212 | INFO     | app.worker:process_document:24 - Processing document: sample_Defense_contract.pdf (contract)
2026-08-05 14:01:59.599 | INFO     | app.worker:process_document:52 - Extracted 83 text pages and 34 tables from sample_Defense_contract.pdf
2026-08-05 14:31:22.631 | INFO     | app.main:on_startup:18 - Starting RAG Platform in development mode
2026-08-05 14:44:25.593 | INFO     | app.api.documents:upload_document:34 - Document uploaded by ddhawan82@gmail.com: sample2.pdf (research_doc)
2026-08-05 14:44:26.100 | INFO     | app.worker:process_document:24 - Processing document: sample2.pdf (research_doc)
2026-08-05 14:44:28.764 | INFO     | app.worker:process_document:52 - Extracted 7 text pages and 7 tables from sample2.pdf
2026-08-05 15:17:20.247 | INFO     | app.main:on_startup:18 - Starting RAG Platform in development mode
2026-08-05 15:19:38.224 | INFO     | app.api.documents:upload_document:34 - Document uploaded by ddhawan82@gmail.com: sample2.pdf (research_doc)
2026-08-05 15:19:38.770 | INFO     | app.worker:process_document:24 - Processing document: sample2.pdf (research_doc)
2026-08-05 15:19:39.972 | INFO     | app.worker:process_document:52 - Extracted 7 text pages and 0 tables from sample2.pdf
2026-08-05 19:12:38.689 | INFO     | app.main:on_startup:18 - Starting RAG Platform in development mode
2026-08-05 19:24:34.232 | INFO     | app.main:on_startup:31 - Starting RAG Platform in development mode
2026-08-06 09:24:31.598 | INFO     | app.main:on_startup:31 - Starting RAG Platform in development mode
2026-08-06 09:32:11.430 | INFO     | app.api.documents:upload_document:34 - Document uploaded by user1@example.com: sample2.pdf (Reserach_doc)
2026-08-06 09:32:11.842 | INFO     | app.worker:process_document:26 - Processing document: sample2.pdf (Reserach_doc)
2026-08-06 09:32:13.250 | INFO     | app.worker:process_document:52 - Extracted 7 text pages and 0 tables from sample2.pdf
2026-08-06 09:32:13.462 | INFO     | app.worker:process_document:83 - Created 14 chunks for sample2.pdf
2026-08-06 09:50:59.032 | INFO     | app.api.documents:upload_document:34 - Document uploaded by user1@example.com: sample_Defense_contract.pdf (contract)
2026-08-06 09:50:59.354 | ERROR    | app.worker:process_document:87 - Failed to process document 3c08fa6b-24c0-4fe2-9d31-4afc4895c2a0: (psycopg2.OperationalError) could not receive data from server: Software caused connection abort (0x00002745/10053)

[SQL: SELECT documents.id AS documents_id, documents.owner_id AS documents_owner_id, documents.filename AS documents_filename, documents.file_path AS documents_file_path, documents.file_hash AS documents_file_hash, documents.document_type AS documents_document_type, documents.status AS documents_status, documents.created_at AS documents_created_at 
FROM documents 
WHERE documents.id = %(id_1)s::UUID 
 LIMIT %(param_1)s]
[parameters: {'id_1': '3c08fa6b-24c0-4fe2-9d31-4afc4895c2a0', 'param_1': 1}]
(Background on this error at: https://sqlalche.me/e/20/e3q8)
2026-08-06 10:10:50.755 | INFO     | app.main:on_startup:31 - Starting RAG Platform in development mode
2026-08-06 10:17:50.371 | INFO     | app.api.documents:upload_document:34 - Document uploaded by user1@example.com: sample_Defense_contract.pdf (contract)
2026-08-06 10:17:50.613 | INFO     | app.worker:process_document:26 - Processing document: sample_Defense_contract.pdf (contract)
2026-08-06 10:18:15.647 | INFO     | app.worker:process_document:52 - Extracted 83 text pages and 34 tables from sample_Defense_contract.pdf
2026-08-06 10:18:15.976 | INFO     | app.worker:process_document:83 - Created 178 chunks for sample_Defense_contract.pdf
2026-08-06 10:53:28.361 | INFO     | app.main:on_startup:31 - Starting RAG Platform in development mode
2026-08-06 10:53:47.037 | INFO     | app.main:on_startup:31 - Starting RAG Platform in development mode
2026-08-06 10:54:52.073 | INFO     | app.main:on_startup:31 - Starting RAG Platform in development mode
2026-08-06 10:56:25.813 | INFO     | app.main:on_startup:31 - Starting RAG Platform in development mode
2026-08-06 10:56:55.546 | INFO     | app.main:on_startup:31 - Starting RAG Platform in development mode
2026-08-06 11:06:12.815 | INFO     | app.main:on_startup:31 - Starting RAG Platform in development mode
2026-08-06 11:24:37.237 | INFO     | app.api.documents:upload_document:34 - Document uploaded by user1@example.com: sample_Defense_contract.pdf (contract)
2026-08-06 11:24:37.591 | INFO     | app.worker:process_document:27 - Processing document: sample_Defense_contract.pdf (contract)
2026-08-06 11:24:59.967 | ERROR    | app.worker:process_document:90 - Failed to process document f6e9bc4b-1b87-4a1c-b082-2e8f0798a6f9: 'page_number' is an invalid keyword argument for DocumentTable
2026-08-06 11:30:51.945 | INFO     | app.main:on_startup:31 - Starting RAG Platform in development mode
2026-08-06 11:38:02.697 | INFO     | app.main:on_startup:31 - Starting RAG Platform in development mode
2026-08-06 11:40:09.555 | INFO     | app.main:on_startup:31 - Starting RAG Platform in development mode
2026-08-06 11:44:12.234 | INFO     | app.api.documents:upload_document:34 - Document uploaded by user@example.com: sample_Defense_contract.pdf (contract)
2026-08-06 11:44:55.760 | INFO     | app.worker:process_document:27 - Processing document: sample_Defense_contract.pdf (contract)
2026-08-06 11:45:17.424 | ERROR    | app.worker:process_document:91 - Failed to process document adc1c334-c7cc-433f-9dfd-00a82550564b: 'end_page'
2026-08-06 11:56:55.138 | INFO     | app.api.documents:upload_document:34 - Document uploaded by user@example.com: sample_Defense_contract.pdf (contract)
2026-08-06 11:56:55.605 | INFO     | app.worker:process_document:27 - Processing document: sample_Defense_contract.pdf (contract)
2026-08-06 11:57:20.775 | ERROR    | app.worker:process_document:91 - Failed to process document c7356db8-d533-4bed-9e40-e8650c90bb56: 'end_page'
2026-08-06 12:10:25.803 | INFO     | app.main:on_startup:31 - Starting RAG Platform in development mode
2026-08-06 12:11:33.868 | INFO     | app.api.documents:upload_document:34 - Document uploaded by user@example.com: sample_Defense_contract.pdf (contract)
2026-08-06 12:11:34.377 | INFO     | app.worker:process_document:27 - Processing document: sample_Defense_contract.pdf (contract)
2026-08-06 12:12:00.853 | ERROR    | app.worker:process_document:92 - Failed to process document e3c6777a-50dc-4999-b564-74a624e30f42: name 'tabl' is not defined
2026-08-06 12:12:29.926 | INFO     | app.main:on_startup:31 - Starting RAG Platform in development mode
2026-08-06 12:12:32.831 | INFO     | app.main:on_startup:31 - Starting RAG Platform in development mode
2026-08-06 12:15:11.716 | INFO     | app.api.documents:upload_document:34 - Document uploaded by user1@example.com: sample_Defense_contract.pdf (contract)
2026-08-06 12:15:12.073 | INFO     | app.worker:process_document:27 - Processing document: sample_Defense_contract.pdf (contract)
2026-08-06 12:15:35.051 | INFO     | app.worker:process_document:55 - Extracted 83 text pages and 34 tables from sample_Defense_contract.pdf
2026-08-06 12:15:35.315 | INFO     | app.worker:process_document:88 - Created 174 chunks for sample_Defense_contract.pdf
2026-08-06 12:26:56.706 | INFO     | app.main:on_startup:31 - Starting RAG Platform in development mode
2026-08-06 12:28:04.481 | INFO     | app.main:on_startup:31 - Starting RAG Platform in development mode
2026-08-06 12:29:31.037 | INFO     | app.main:on_startup:31 - Starting RAG Platform in development mode
2026-08-06 12:32:54.477 | INFO     | app.main:on_startup:31 - Starting RAG Platform in development mode
2026-08-06 12:34:03.491 | INFO     | app.main:on_startup:31 - Starting RAG Platform in development mode
2026-08-06 12:37:06.538 | INFO     | app.api.documents:upload_document:34 - Document uploaded by user1@example.com: sample_Defense_contract.pdf (contract)
2026-08-06 12:37:06.986 | INFO     | app.worker:process_document:27 - Processing document: sample_Defense_contract.pdf (contract)
2026-08-06 12:37:30.427 | INFO     | app.worker:process_document:55 - Extracted 83 text pages and 34 tables from sample_Defense_contract.pdf
2026-08-06 12:37:30.556 | ERROR    | app.worker:process_document:92 - Failed to process document aea7be7c-08c8-4a75-acc8-b8c8c63733af: (psycopg2.errors.UndefinedColumn) column "start_page" of relation "document_chunks" does not exist
LINE 1: INSERT INTO document_chunks (id, document_id, start_page, en...
                                                      ^

[SQL: INSERT INTO document_chunks (id, document_id, start_page, end_page, chunk_index, content, chunk_type, created_at) VALUES (%(id__0)s::UUID, %(document_id__0)s::UUID, %(start_page__0)s, %(end_page__0)s, %(chunk_index__0)s, %(content__0)s, %(chunk_type_ ... 28643 characters truncated ... %(end_page__173)s, %(chunk_index__173)s, %(content__173)s, %(chunk_type__173)s, %(created_at__173)s)]
[parameters: {'end_page__0': 1, 'chunk_type__0': 'text', 'id__0': UUID('e658744f-1e2f-456f-92c7-2f778aee14eb'), 'chunk_index__0': 0, 'created_at__0': datetime.datetime(2026, 8, 6, 7, 7, 30, 526492), 'content__0': 'CHAPTER VI\nSTANDARD CONTRACT DOCUMENT\nAgreement between the Government of the Republic of India, Ministry of Defence\nand\n(Name of the Company) fo ... (515 characters truncated) ... ICLE 14 AIR LIFT\nARTICLE 15 LIQUIDATED DAMAGES\nARTICLE 16 DENIAL CLAUSE\nARTICLE 17 JOINT RECEIPT INSPECTION (JRI) IN INDIA\nARTICLE 18 WARRANTY\n1', 'start_page__0': 1, 'document_id__0': UUID('aea7be7c-08c8-4a75-acc8-b8c8c63733af'), 'end_page__1': 2, 'chunk_type__1': 'text', 'id__1': UUID('0c7acc32-dd0b-42bb-91ef-7559f661339b'), 'chunk_index__1': 1, 'created_at__1': datetime.datetime(2026, 8, 6, 7, 7, 30, 526506), 'content__1': 'ARTICLE 19 INDIGENOUS CONTENT (IC)\nARTICLE 20 CLAIMS\nARTICLE 21 TAXES AND DUTIES\nARTICLE 22 TERMINATION\nARTICLE 23 LAW\nARTICLE 24 ARBITRATION\nA ... (410 characters truncated) ... NGINEERING SUPPORT PACKAGE\nARTICLE 38 ACCESSES TO BOOK OF ACCOUNTS\nARTICLE 39 SEVERABILITY\nARTICLE 40 SURVIVAL AFTER CANCELLATION OR EXPIRATION\n2', 'start_page__1': 2, 'document_id__1': UUID('aea7be7c-08c8-4a75-acc8-b8c8c63733af'), 'end_page__2': 3, 'chunk_type__2': 'text', 'id__2': UUID('d215ed13-c054-424f-9a2b-0238c8b2be9c'), 'chunk_index__2': 2, 'created_at__2': datetime.datetime(2026, 8, 6, 7, 7, 30, 526514), 'content__2': 'ANNEXURES\nANNEXURE I STATEMENT OF PRICES & QUANTITIES\nANNEXURE II TECHNICAL SPECIFICATIONS\nANNEXURE III STATEMENT OF WORK (SOW) AND DELIVERY\nSCHE ... (344 characters truncated) ... ANNEXURE VII QUANTITY CLAIM\nANNEXURE VIII QUALITY CLAIM\nANNEXURE IX PRICES BREAKDOWN OF SUPPLIES AND SERVICES\nANNEXURE X LETTER OF CREDIT\n****\n3', 'start_page__2': 3, 'document_id__2': UUID('aea7be7c-08c8-4a75-acc8-b8c8c63733af'), 'end_page__3': 4, 'chunk_type__3': 'text', 'id__3': UUID('f02633a8-1e7c-4840-a93b-be6b531fc65f'), 'chunk_index__3': 3, 'created_at__3': datetime.datetime(2026, 8, 6, 7, 7, 30, 526520), 'content__3': 'CONTRACT NO.( )\nDATED (_______ )\nPREAMBLE\n1. This Contract is made on this day, the (date) day of (Month & Year) in New\nDelhi, between the Presid ... (1526 characters truncated) ... ________, which inherently includes all Articles and its listed Annexures\nand Appendices, and any amendments thereto.\n(b) “Deliverables” shall mean', 'start_page__3': 4, 'document_id__3': UUID('aea7be7c-08c8-4a75-acc8-b8c8c63733af'), 'end_page__4': 4, 'chunk_type__4': 'text', 'id__4': UUID('27589621-e56a-4660-81f6-30c06b754752'), 'chunk_index__4': 4, 'created_at__4': datetime.datetime(2026, 8, 6, 7, 7, 30, 526526), 'content__4': ' Schedules.\n(a) “Contract” shall mean this present document reference: Contract No.\n_________________, which inherently includes all Articles and i ... (686 characters truncated) ... \ndocuments and Contracts forming part hereof or referred to herein shall, in the event of any\nconflict between them, be in the following order:-\n4', 'start_page__4': 4, 'document_id__4': UUID('aea7be7c-08c8-4a75-acc8-b8c8c63733af'), 'end_page__5': 5, 'chunk_type__5': 'text', 'id__5': UUID('b586c25f-4410-4c3e-a1a7-5bce748711be'), 'chunk_index__5': 5, 'created_at__5': datetime.datetime(2026, 8, 6, 7, 7, 30, 526533), 'content__5': '(i) this Contract; and\n(ii) all other documents forming part hereof or referred to herein\n4. Subject to the provisions of the Contract, in case of  ... (1590 characters truncated) ... the acquisition of ___(nomenclature of the\nequipment)] and accompanied accessories according to the technical specifications\nstipulated in Annexure', 'start_page__5': 5, 'document_id__5': UUID('aea7be7c-08c8-4a75-acc8-b8c8c63733af'), 'end_page__6': 5, 'chunk_type__6': 'text' ... 1292 parameters truncated ... 'start_page__167': 78, 'document_id__167': UUID('aea7be7c-08c8-4a75-acc8-b8c8c63733af'), 'end_page__168': 78, 'chunk_type__168': 'table', 'id__168': UUID('4b326a1b-7655-44ce-b0ef-18e521ccd5d9'), 'chunk_index__168': 168, 'created_at__168': datetime.datetime(2026, 8, 6, 7, 7, 30, 527325), 'content__168': 'Sl\nNo | Sl. No\nof Offer | Part\nNo. | Nomenclature | Schematic\nref. | No.\nper\neqpt | Unit\ncost in\nUSD $ | Total\ncost in\nUSD $ | Remarks\n1. | 1 | 220124 | Sensor NO2 | S1 |  |  |  | \n2. | 2 | 943253 | Sensor Membrane |  |  |  |  | \nTotal |  |  |  |  |  |  | --------- | ', 'start_page__168': 78, 'document_id__168': UUID('aea7be7c-08c8-4a75-acc8-b8c8c63733af'), 'end_page__169': 79, 'chunk_type__169': 'table', 'id__169': UUID('c413aa9a-b1ae-4072-a110-8d6cf0bf4c05'), 'chunk_index__169': 169, 'created_at__169': datetime.datetime(2026, 8, 6, 7, 7, 30, 527329), 'content__169': 'Sl\nNo | Sl. No\nof Offer | Part\nNo. | Nomenclature | Schematic\nref. | No.\nper\neqpt | Unit\ncost in\nUSD $ | Total\ncost in\nUSD $ | Remarks\n1.  ... (150 characters truncated) ...   |  | \n1. | 16 | 943021 | External\nbattery pack |  | 1 |  |  | \n |  |  |  |  |  |  |  | \n |  |  |  |  |  |  |  | \nTotal |  |  |  |  |  |  |  | ', 'start_page__169': 78, 'document_id__169': UUID('aea7be7c-08c8-4a75-acc8-b8c8c63733af'), 'end_page__170': 79, 'chunk_type__170': 'table', 'id__170': UUID('e62c3f92-3895-4358-bee1-b5ee32541bc0'), 'chunk_index__170': 170, 'created_at__170': datetime.datetime(2026, 8, 6, 7, 7, 30, 527334), 'content__170': 'Sl\nNo | Sl. No\nof Offer | Part\nNo. | Nomenclature | Schematic\nref. | No.\nper\neqpt | Unit\ncost in\nUSD $ | Total\ncost in\nUSD $ | Remarks\n1. | 12 | 943046 | RS232 Cable |  | 1 |  |  | \n | Total | ----- |  |  |  |  |  | ', 'start_page__170': 79, 'document_id__170': UUID('aea7be7c-08c8-4a75-acc8-b8c8c63733af'), 'end_page__171': 79, 'chunk_type__171': 'table', 'id__171': UUID('e568fa18-8139-479a-bc1c-4db4139a4c01'), 'chunk_index__171': 171, 'created_at__171': datetime.datetime(2026, 8, 6, 7, 7, 30, 527343), 'content__171': 'Sl\nNo | Sl. No\nof Offer | Part\nNo. | Nomenclature | Schematic\nref. | No.\nper\neqpt | Unit\ncost in\nUSD $ | Total\ncost in\nUSD $ | Remarks\n1. |  | 943018 | Audio Ear Set |  | 1 |  |  | spare\n |  |  |  |  |  |  |  | \nTotal |  |  |  |  |  |  |  | ', 'start_page__171': 79, 'document_id__171': UUID('aea7be7c-08c8-4a75-acc8-b8c8c63733af'), 'end_page__172': 80, 'chunk_type__172': 'table', 'id__172': UUID('3364b3e3-dd44-467a-b94c-29d5b275781d'), 'chunk_index__172': 172, 'created_at__172': datetime.datetime(2026, 8, 6, 7, 7, 30, 527348), 'content__172': 'Sl\nNo | Sl. No\nof Offer | Part\nNo. | Nomenclature | No.\nper\neqpt | Unit cost\nin USD $ | Total cost\nin USD $ | Remarks\n1. |  | TJ 3000 | Test Jig EVD |  |  |  | Component\nLevel Checks\nManufacture\nSupplied\n |  |  |  |  |  |  | \nTotal |  |  |  |  |  |  | ', 'start_page__172': 80, 'document_id__172': UUID('aea7be7c-08c8-4a75-acc8-b8c8c63733af'), 'end_page__173': 82, 'chunk_type__173': 'table', 'id__173': UUID('89186406-5bc8-4395-9582-029dcab85710'), 'chunk_index__173': 173, 'created_at__173': datetime.datetime(2026, 8, 6, 7, 7, 30, 527353), 'content__173': 'Stage | Amount | Validity Period\n |  | ', 'start_page__173': 82, 'document_id__173': UUID('aea7be7c-08c8-4a75-acc8-b8c8c63733af')}]
(Background on this error at: https://sqlalche.me/e/20/f405)
2026-08-06 12:50:12.625 | INFO     | app.main:on_startup:31 - Starting RAG Platform in development mode
2026-08-06 12:58:19.331 | INFO     | app.api.documents:upload_document:34 - Document uploaded by user@example.com: sample_Defense_contract.pdf (contract)
2026-08-06 12:58:19.713 | INFO     | app.worker:process_document:27 - Processing document: sample_Defense_contract.pdf (contract)
2026-08-06 12:58:43.624 | INFO     | app.worker:process_document:55 - Extracted 83 text pages and 34 tables from sample_Defense_contract.pdf
2026-08-06 12:58:43.908 | INFO     | app.worker:process_document:88 - Created 174 chunks for sample_Defense_contract.pdf
2026-08-06 14:04:31.470 | INFO     | app.main:on_startup:31 - Starting RAG Platform in development mode
2026-08-06 14:05:18.153 | INFO     | app.main:on_startup:31 - Starting RAG Platform in development mode
2026-08-06 14:06:01.005 | INFO     | app.main:on_startup:31 - Starting RAG Platform in development mode
2026-08-06 14:09:05.824 | INFO     | app.api.documents:upload_document:34 - Document uploaded by user@example.com: sample_Defense_contract.pdf (contract)
2026-08-06 14:09:06.219 | INFO     | app.worker:process_document:27 - Processing document: sample_Defense_contract.pdf (contract)
2026-08-06 14:09:28.162 | INFO     | app.worker:process_document:55 - Extracted 83 text pages and 34 tables from sample_Defense_contract.pdf
2026-08-06 14:09:28.580 | INFO     | app.worker:process_document:90 - Created 174 chunks for sample_Defense_contract.pdf
2026-08-06 14:17:50.295 | INFO     | app.main:on_startup:31 - Starting RAG Platform in development mode
2026-08-06 14:18:31.719 | INFO     | app.main:on_startup:31 - Starting RAG Platform in development mode
2026-08-06 14:20:05.401 | INFO     | app.main:on_startup:31 - Starting RAG Platform in development mode
2026-08-06 14:22:46.605 | INFO     | app.main:on_startup:31 - Starting RAG Platform in development mode
2026-08-06 14:27:35.562 | INFO     | app.main:on_startup:31 - Starting RAG Platform in development mode
2026-08-06 14:37:37.756 | INFO     | app.main:on_startup:31 - Starting RAG Platform in development mode
2026-08-06 14:40:42.013 | INFO     | app.main:on_startup:31 - Starting RAG Platform in development mode
2026-08-06 14:47:09.749 | INFO     | app.api.documents:upload_document:34 - Document uploaded by user@example.com: sample.pdf (sample)
2026-08-06 14:47:10.237 | INFO     | app.worker:process_document:28 - Processing document: sample.pdf (sample)
2026-08-06 14:47:10.705 | INFO     | app.worker:process_document:56 - Extracted 2 text pages and 2 tables from sample.pdf
2026-08-06 14:47:10.732 | INFO     | app.worker:process_document:89 - Created 7 chunks for sample.pdf
2026-08-06 14:47:18.408 | INFO     | app.worker:process_document:101 - Embedded 7 chunks for sample.pdf
2026-08-06 15:34:44.604 | INFO     | app.main:on_startup:31 - Starting RAG Platform in development mode
2026-08-06 15:38:42.343 | INFO     | app.main:on_startup:31 - Starting RAG Platform in development mode
2026-08-06 15:38:58.261 | INFO     | app.main:on_startup:31 - Starting RAG Platform in development mode
2026-08-06 15:40:56.377 | INFO     | app.main:on_startup:31 - Starting RAG Platform in development mode
2026-08-06 15:46:24.313 | INFO     | app.main:on_startup:31 - Starting RAG Platform in development mode
2026-08-06 15:46:33.078 | INFO     | app.main:on_startup:31 - Starting RAG Platform in development mode
2026-08-06 15:46:38.002 | INFO     | app.main:on_startup:31 - Starting RAG Platform in development mode
2026-08-06 16:05:26.951 | INFO     | app.main:on_startup:31 - Starting RAG Platform in development mode
2026-08-06 16:05:35.826 | INFO     | app.main:on_startup:31 - Starting RAG Platform in development mode
2026-08-06 16:06:55.386 | INFO     | app.main:on_startup:31 - Starting RAG Platform in development mode
2026-08-06 16:11:05.968 | INFO     | app.main:on_startup:31 - Starting RAG Platform in development mode
2026-08-06 16:13:50.128 | INFO     | app.main:on_startup:31 - Starting RAG Platform in development mode
2026-08-06 16:34:41.731 | INFO     | app.main:on_startup:31 - Starting RAG Platform in development mode
2026-08-06 16:36:58.998 | INFO     | app.main:on_startup:31 - Starting RAG Platform in development mode
2026-08-06 16:38:56.815 | INFO     | app.main:on_startup:31 - Starting RAG Platform in development mode
2026-08-06 16:39:19.763 | INFO     | app.main:on_startup:32 - Starting RAG Platform in development mode
2026-08-06 16:39:30.393 | INFO     | app.main:on_startup:33 - Starting RAG Platform in development mode
2026-08-06 16:40:22.456 | INFO     | app.main:on_startup:33 - Starting RAG Platform in development mode
2026-08-06 16:40:36.060 | INFO     | app.main:on_startup:33 - Starting RAG Platform in development mode
2026-08-06 16:45:01.045 | INFO     | app.api.documents:upload_document:36 - Document uploaded by user1@example.com: invoice.pdf (DocumentType.invoice)
2026-08-06 16:45:01.796 | INFO     | app.worker:process_document:28 - Processing document: invoice.pdf (invoice)
2026-08-06 16:45:01.928 | INFO     | app.worker:process_document:56 - Extracted 1 text pages and 3 tables from invoice.pdf
2026-08-06 16:45:01.994 | INFO     | app.worker:process_document:89 - Created 4 chunks for invoice.pdf
2026-08-06 16:45:14.718 | INFO     | app.worker:process_document:101 - Embedded 4 chunks for invoice.pdf
2026-08-06 16:51:13.418 | INFO     | app.api.documents:upload_document:36 - Document uploaded by user1@example.com: Preprint version2 6july26.pdf (DocumentType.research_paper)
2026-08-06 16:51:13.653 | INFO     | app.worker:process_document:28 - Processing document: Preprint version2 6july26.pdf (research_paper)
2026-08-06 16:51:14.940 | INFO     | app.worker:process_document:56 - Extracted 7 text pages and 0 tables from Preprint version2 6july26.pdf
2026-08-06 16:51:14.987 | INFO     | app.worker:process_document:89 - Created 14 chunks for Preprint version2 6july26.pdf
2026-08-06 16:51:20.980 | INFO     | app.worker:process_document:101 - Embedded 14 chunks for Preprint version2 6july26.pdf
2026-08-06 18:04:12.327 | INFO     | app.main:on_startup:33 - Starting RAG Platform in development mode
2026-08-06 18:14:30.290 | INFO     | app.main:on_startup:33 - Starting RAG Platform in development mode
2026-08-06 18:15:46.850 | INFO     | app.main:on_startup:33 - Starting RAG Platform in development mode
2026-08-06 18:27:20.584 | INFO     | app.main:on_startup:33 - Starting RAG Platform in development mode
2026-08-06 18:28:46.514 | INFO     | app.main:on_startup:33 - Starting RAG Platform in development mode
2026-08-06 18:29:54.659 | INFO     | app.main:on_startup:33 - Starting RAG Platform in development mode
2026-08-06 18:42:12.511 | INFO     | app.main:on_startup:33 - Starting RAG Platform in development mode
2026-08-06 18:43:02.482 | INFO     | app.main:on_startup:33 - Starting RAG Platform in development mode
2026-08-06 18:51:05.571 | INFO     | app.main:on_startup:33 - Starting RAG Platform in development mode
2026-08-06 18:56:24.986 | INFO     | app.main:on_startup:33 - Starting RAG Platform in development mode
2026-08-07 10:34:22.251 | INFO     | app.main:on_startup:33 - Starting RAG Platform in development mode
2026-08-07 10:51:32.259 | INFO     | app.main:on_startup:33 - Starting RAG Platform in development mode
2026-08-07 10:54:47.229 | INFO     | app.main:on_startup:33 - Starting RAG Platform in development mode
2026-08-07 10:56:39.649 | INFO     | app.main:on_startup:33 - Starting RAG Platform in development mode
2026-08-07 10:57:05.050 | INFO     | app.main:on_startup:33 - Starting RAG Platform in development mode
2026-08-07 11:05:55.678 | INFO     | app.main:on_startup:33 - Starting RAG Platform in development mode
2026-08-07 11:06:28.058 | INFO     | app.main:on_startup:35 - Starting RAG Platform in development mode
2026-08-07 12:14:20.360 | INFO     | app.api.documents:upload_document:36 - Document uploaded by user1@example.com: TS-2024-HALE-SENSOR-001_Technical_Specification.pdf (DocumentType.contract)
2026-08-07 12:15:15.127 | INFO     | app.worker:process_document:28 - Processing document: TS-2024-HALE-SENSOR-001_Technical_Specification.pdf (contract)
2026-08-07 12:15:17.326 | INFO     | app.worker:process_document:56 - Extracted 8 text pages and 8 tables from TS-2024-HALE-SENSOR-001_Technical_Specification.pdf
2026-08-07 12:15:17.423 | INFO     | app.worker:process_document:89 - Created 35 chunks for TS-2024-HALE-SENSOR-001_Technical_Specification.pdf
2026-08-07 12:15:24.804 | INFO     | app.worker:process_document:101 - Embedded 35 chunks for TS-2024-HALE-SENSOR-001_Technical_Specification.pdf
2026-08-07 13:30:39.312 | INFO     | app.main:on_startup:35 - Starting RAG Platform in development mode
2026-08-07 13:36:49.489 | INFO     | app.main:on_startup:35 - Starting RAG Platform in development mode
2026-08-07 13:38:56.749 | INFO     | app.main:on_startup:36 - Starting RAG Platform in development mode
2026-08-07 13:39:07.518 | INFO     | app.main:on_startup:37 - Starting RAG Platform in development mode
2026-08-07 14:37:35.519 | INFO     | app.main:on_startup:37 - Starting RAG Platform in development mode
2026-08-07 14:51:07.297 | INFO     | app.main:on_startup:37 - Starting RAG Platform in development mode
2026-08-07 14:52:44.133 | INFO     | app.main:on_startup:37 - Starting RAG Platform in development mode
2026-08-07 14:54:56.500 | INFO     | app.main:on_startup:37 - Starting RAG Platform in development mode
2026-08-07 14:58:00.735 | INFO     | app.main:on_startup:37 - Starting RAG Platform in development mode
2026-08-07 14:58:15.787 | INFO     | app.main:on_startup:38 - Starting RAG Platform in development mode
2026-08-07 14:58:27.587 | INFO     | app.main:on_startup:39 - Starting RAG Platform in development mode
2026-08-07 15:05:34.982 | INFO     | app.main:on_startup:39 - Starting RAG Platform in development mode
2026-08-07 15:09:42.958 | INFO     | app.main:on_startup:39 - Starting RAG Platform in development mode
2026-08-07 15:24:39.536 | INFO     | app.main:on_startup:39 - Starting RAG Platform in development mode
2026-08-07 17:39:46.494 | INFO     | app.api.documents:upload_document:36 - Document uploaded by user1@example.com: Dhiirajj_CV.pdf (DocumentType.resume)
2026-08-07 17:39:47.468 | INFO     | app.worker:process_document:28 - Processing document: Dhiirajj_CV.pdf (resume)
2026-08-07 17:39:48.416 | INFO     | app.worker:process_document:56 - Extracted 3 text pages and 0 tables from Dhiirajj_CV.pdf
2026-08-07 17:39:48.530 | INFO     | app.worker:process_document:89 - Created 3 chunks for Dhiirajj_CV.pdf
2026-08-07 17:39:53.139 | INFO     | app.worker:process_document:101 - Embedded 3 chunks for Dhiirajj_CV.pdf
2026-08-07 17:52:46.274 | INFO     | app.api.documents:upload_documents_batch:65 - Batch upload success by user1@example.com: resume.pdf
2026-08-07 17:52:46.298 | INFO     | app.api.documents:upload_documents_batch:65 - Batch upload success by user1@example.com: Thachinee_Phenglengpon_Resume_Final (1).pdf
2026-08-07 17:52:46.517 | INFO     | app.worker:process_document:28 - Processing document: resume.pdf (resume)
2026-08-07 17:52:46.557 | WARNING  | app.services.extraction_service:extract_pdf_content:21 - Page 1 of storage\11c1c18b-770e-47d4-8f18-01addd21d026\c6f23687-484d-4d3a-a73e-600759caf95a_resume.pdf had no extractable content (possibly scanned/image-based)
2026-08-07 17:52:46.558 | ERROR    | app.worker:process_document:105 - Failed to process document c6f23687-484d-4d3a-a73e-600759caf95a: No extractable content found in document
2026-08-07 17:52:46.575 | INFO     | app.worker:process_document:28 - Processing document: Thachinee_Phenglengpon_Resume_Final (1).pdf (resume)
2026-08-07 17:52:47.662 | INFO     | app.worker:process_document:56 - Extracted 1 text pages and 1 tables from Thachinee_Phenglengpon_Resume_Final (1).pdf
2026-08-07 17:52:47.673 | INFO     | app.worker:process_document:89 - Created 4 chunks for Thachinee_Phenglengpon_Resume_Final (1).pdf
2026-08-07 17:52:50.533 | INFO     | app.worker:process_document:101 - Embedded 4 chunks for Thachinee_Phenglengpon_Resume_Final (1).pdf
2026-08-08 10:56:10.728 | INFO     | app.main:on_startup:39 - Starting RAG Platform in development mode
2026-08-08 12:23:55.960 | INFO     | app.api.documents:upload_document:36 - Document uploaded by user@example.com: Oded_19-06-2026.pdf (DocumentType.invoice)
2026-08-08 12:26:49.416 | INFO     | app.worker:process_document:28 - Processing document: Oded_19-06-2026.pdf (invoice)
2026-08-08 12:26:49.562 | INFO     | app.worker:process_document:56 - Extracted 1 text pages and 1 tables from Oded_19-06-2026.pdf
2026-08-08 12:26:49.644 | INFO     | app.worker:process_document:89 - Created 2 chunks for Oded_19-06-2026.pdf
2026-08-08 12:26:52.326 | INFO     | app.worker:process_document:101 - Embedded 2 chunks for Oded_19-06-2026.pdf
2026-08-08 13:19:42.073 | INFO     | app.main:on_startup:39 - Starting RAG Platform in development mode
2026-08-08 13:27:13.219 | INFO     | app.main:on_startup:39 - Starting RAG Platform in development mode
2026-08-08 14:00:41.700 | INFO     | app.main:on_startup:39 - Starting RAG Platform in development mode
2026-08-08 14:05:00.741 | INFO     | app.main:on_startup:39 - Starting RAG Platform in development mode
2026-08-08 14:09:33.764 | INFO     | app.main:on_startup:39 - Starting RAG Platform in development mode
2026-08-08 14:34:26.069 | INFO     | app.main:on_startup:39 - Starting RAG Platform in development mode
2026-08-08 14:34:50.867 | INFO     | app.main:on_startup:39 - Starting RAG Platform in development mode
2026-08-08 14:42:58.244 | INFO     | app.main:on_startup:39 - Starting RAG Platform in development mode
2026-08-08 15:33:05.270 | INFO     | app.main:on_startup:39 - Starting RAG Platform in development mode
2026-08-08 15:39:08.047 | INFO     | app.main:on_startup:39 - Starting RAG Platform in development mode
2026-08-08 16:10:58.146 | INFO     | app.main:on_startup:39 - Starting RAG Platform in development mode
2026-08-08 16:21:02.556 | INFO     | app.services.query_rewrite_service:rewrite_query:28 - Query rewritten: 'what about Tactical-Grade IMU?' -> 'What is the unit price of the Tactical-Grade IMU?'
2026-08-08 16:25:44.283 | INFO     | app.main:on_startup:39 - Starting RAG Platform in development mode
2026-08-08 16:29:30.081 | INFO     | app.main:on_startup:39 - Starting RAG Platform in development mode
2026-08-08 16:30:28.444 | INFO     | app.api.documents:delete_document:106 - Document and all related data deleted by user1@example.com: resume.pdf
2026-08-08 16:39:22.363 | INFO     | app.main:on_startup:39 - Starting RAG Platform in development mode
2026-08-08 16:41:35.403 | INFO     | app.main:on_startup:39 - Starting RAG Platform in development mode
2026-08-08 16:51:47.799 | INFO     | app.main:on_startup:39 - Starting RAG Platform in development mode
2026-08-08 16:57:45.438 | INFO     | app.main:on_startup:39 - Starting RAG Platform in development mode
2026-08-08 17:00:24.611 | INFO     | app.main:on_startup:39 - Starting RAG Platform in development mode
2026-08-08 17:03:00.715 | INFO     | app.services.query_rewrite_service:rewrite_query:28 - Query rewritten: 'what are the main diagnostics in the aper' -> 'What are the main diagnostics in the document?'
2026-08-08 17:03:38.900 | INFO     | app.services.query_rewrite_service:rewrite_query:28 - Query rewritten: 'any other results' -> 'Are there any other results presented in the document?'
2026-08-08 17:04:08.539 | INFO     | app.services.query_rewrite_service:rewrite_query:28 - Query rewritten: 'so why didnt you sow the table' -> 'Why didn't you show the table?'
2026-08-08 17:04:42.023 | INFO     | app.services.query_rewrite_service:rewrite_query:28 - Query rewritten: 'I meant why didn't you display the relevant table.' -> 'Why didn't you display the relevant table?'
2026-08-08 17:57:02.715 | INFO     | app.main:on_startup:39 - Starting RAG Platform in development mode
2026-08-08 17:59:45.663 | INFO     | app.services.query_rewrite_service:rewrite_query:28 - Query rewritten: 'For a five-aircraft fleet, how many Closed-Cycle Cryocoolers are recommended as initial fleet spares, and what is the MTBF (hours) of that item as listed in the main BOM table?' -> 'How many Closed-Cycle Cryocoolers are recommended as initial fleet spares for a five-aircraft fleet, and what is the MTBF (hours) of that item as listed in the main BOM table?'
2026-08-08 18:18:57.393 | INFO     | app.main:on_startup:39 - Starting RAG Platform in development mode
2026-08-08 18:20:23.978 | INFO     | app.main:on_startup:39 - Starting RAG Platform in development mode
2026-08-08 18:21:09.391 | INFO     | app.main:on_startup:39 - Starting RAG Platform in development mode
2026-08-08 18:37:46.285 | INFO     | app.main:on_startup:39 - Starting RAG Platform in development mode
2026-08-08 18:45:26.608 | INFO     | app.main:on_startup:39 - Starting RAG Platform in development mode
2026-08-08 18:47:33.985 | INFO     | app.main:on_startup:39 - Starting RAG Platform in development mode
2026-08-08 18:48:32.910 | WARNING  | app.api.documents:reindex_document:131 - Reindexing TS-2024-HALE-SENSOR-001_Technical_Specification.pdf removed 8 eval question(s) tied to old chunks — these need to be re-added against the new chunks
2026-08-08 18:48:33.010 | INFO     | app.api.documents:reindex_document:143 - Reindex triggered by user1@example.com: TS-2024-HALE-SENSOR-001_Technical_Specification.pdf
2026-08-08 18:48:33.522 | INFO     | app.worker:process_document:28 - Processing document: TS-2024-HALE-SENSOR-001_Technical_Specification.pdf (contract)
2026-08-08 18:48:36.041 | INFO     | app.worker:process_document:56 - Extracted 8 text pages and 8 tables from TS-2024-HALE-SENSOR-001_Technical_Specification.pdf
2026-08-08 18:48:36.190 | INFO     | app.worker:process_document:89 - Created 35 chunks for TS-2024-HALE-SENSOR-001_Technical_Specification.pdf
2026-08-08 18:48:41.360 | INFO     | app.worker:process_document:101 - Embedded 35 chunks for TS-2024-HALE-SENSOR-001_Technical_Specification.pdf
2026-08-09 10:43:48.309 | INFO     | app.main:on_startup:39 - Starting RAG Platform in development mode
2026-08-09 12:07:30.903 | INFO     | app.main:on_startup:39 - Starting RAG Platform in development mode
2026-08-09 12:08:27.383 | WARNING  | app.api.documents:reindex_document:131 - Reindexing TS-2024-HALE-SENSOR-001_Technical_Specification.pdf removed 8 eval question(s) tied to old chunks — these need to be re-added against the new chunks
2026-08-09 12:08:27.506 | INFO     | app.api.documents:reindex_document:143 - Reindex triggered by user1@example.com: TS-2024-HALE-SENSOR-001_Technical_Specification.pdf
2026-08-09 12:08:28.349 | INFO     | app.worker:process_document:28 - Processing document: TS-2024-HALE-SENSOR-001_Technical_Specification.pdf (contract)
2026-08-09 12:08:30.907 | INFO     | app.worker:process_document:56 - Extracted 8 text pages and 8 tables from TS-2024-HALE-SENSOR-001_Technical_Specification.pdf
2026-08-09 12:08:31.132 | INFO     | app.worker:process_document:89 - Created 25 chunks for TS-2024-HALE-SENSOR-001_Technical_Specification.pdf
2026-08-09 12:08:37.467 | INFO     | app.worker:process_document:101 - Embedded 25 chunks for TS-2024-HALE-SENSOR-001_Technical_Specification.pdf
2026-08-09 12:33:44.142 | INFO     | app.main:on_startup:39 - Starting RAG Platform in development mode
2026-08-09 12:46:37.194 | INFO     | app.main:on_startup:39 - Starting RAG Platform in development mode
2026-08-09 12:47:27.781 | WARNING  | app.api.documents:reindex_document:131 - Reindexing TS-2024-HALE-SENSOR-001_Technical_Specification.pdf removed 1 eval question(s) tied to old chunks — these need to be re-added against the new chunks
2026-08-09 12:47:27.871 | INFO     | app.api.documents:reindex_document:143 - Reindex triggered by user1@example.com: TS-2024-HALE-SENSOR-001_Technical_Specification.pdf
2026-08-09 12:47:28.486 | INFO     | app.worker:process_document:28 - Processing document: TS-2024-HALE-SENSOR-001_Technical_Specification.pdf (contract)
2026-08-09 12:47:32.012 | INFO     | app.worker:process_document:56 - Extracted 8 text pages and 8 tables from TS-2024-HALE-SENSOR-001_Technical_Specification.pdf
2026-08-09 12:47:32.067 | INFO     | app.worker:process_document:89 - Created 25 chunks for TS-2024-HALE-SENSOR-001_Technical_Specification.pdf
2026-08-09 12:47:35.159 | INFO     | app.worker:process_document:101 - Embedded 25 chunks for TS-2024-HALE-SENSOR-001_Technical_Specification.pdf
2026-08-09 12:52:26.415 | WARNING  | app.api.documents:reindex_document:131 - Reindexing TS-2024-HALE-SENSOR-001_Technical_Specification.pdf removed 2 eval question(s) tied to old chunks — these need to be re-added against the new chunks
2026-08-09 12:52:26.450 | INFO     | app.api.documents:reindex_document:143 - Reindex triggered by user1@example.com: TS-2024-HALE-SENSOR-001_Technical_Specification.pdf
2026-08-09 12:52:26.790 | INFO     | app.worker:process_document:28 - Processing document: TS-2024-HALE-SENSOR-001_Technical_Specification.pdf (contract)
2026-08-09 12:52:29.711 | INFO     | app.worker:process_document:56 - Extracted 8 text pages and 8 tables from TS-2024-HALE-SENSOR-001_Technical_Specification.pdf
2026-08-09 12:52:29.754 | INFO     | app.worker:process_document:89 - Created 25 chunks for TS-2024-HALE-SENSOR-001_Technical_Specification.pdf
2026-08-09 12:52:34.118 | INFO     | app.worker:process_document:101 - Embedded 25 chunks for TS-2024-HALE-SENSOR-001_Technical_Specification.pdf
2026-08-09 13:48:54.783 | INFO     | app.main:on_startup:39 - Starting RAG Platform in development mode
2026-08-09 13:49:43.156 | INFO     | app.main:on_startup:39 - Starting RAG Platform in development mode
2026-08-09 14:31:59.163 | INFO     | app.main:on_startup:50 - Starting RAG Platform in development mode
2026-08-09 14:37:28.801 | INFO     | app.main:on_startup:50 - Starting RAG Platform in development mode
2026-08-09 15:41:31.201 | INFO     | app.main:on_startup:50 - Starting RAG Platform in development mode
2026-08-09 16:42:08.185 | INFO     | app.main:on_startup:50 - Starting RAG Platform in development mode
2026-08-09 16:44:44.314 | INFO     | app.main:on_startup:50 - Starting RAG Platform in development mode
2026-08-09 16:51:28.234 | INFO     | app.main:on_startup:50 - Starting RAG Platform in development mode
2026-08-09 16:53:05.359 | INFO     | app.main:on_startup:50 - Starting RAG Platform in development mode
2026-08-09 16:53:39.117 | INFO     | app.main:on_startup:50 - Starting RAG Platform in development mode
2026-08-09 16:55:10.794 | INFO     | app.main:on_startup:50 - Starting RAG Platform in development mode
2026-08-09 17:28:33.228 | INFO     | app.main:on_startup:50 - Starting RAG Platform in development mode
2026-08-09 17:29:09.081 | INFO     | app.main:on_startup:50 - Starting RAG Platform in development mode
2026-08-09 17:45:29.895 | INFO     | app.api.documents:delete_document:117 - Document and all related data deleted by user1@example.com: invoice.pdf
2026-08-09 18:08:53.019 | INFO     | app.api.documents:reindex_document:148 - Reindex triggered by user1@example.com: Preprint version2 6july26.pdf
2026-08-09 18:08:53.580 | INFO     | app.worker:process_document:28 - Processing document: Preprint version2 6july26.pdf (research_paper)
2026-08-09 18:08:54.916 | INFO     | app.worker:process_document:56 - Extracted 7 text pages and 0 tables from Preprint version2 6july26.pdf
2026-08-09 18:08:54.977 | INFO     | app.worker:process_document:89 - Created 14 chunks for Preprint version2 6july26.pdf
2026-08-09 18:09:01.001 | INFO     | app.worker:process_document:101 - Embedded 14 chunks for Preprint version2 6july26.pdf
2026-08-09 18:45:38.748 | INFO     | app.main:on_startup:50 - Starting RAG Platform in development mode
2026-08-10 14:04:07.736 | INFO     | app.main:on_startup:50 - Starting RAG Platform in development mode
2026-08-10 14:59:31.769 | INFO     | app.main:on_startup:50 - Starting RAG Platform in development mode
2026-08-10 16:25:49.967 | INFO     | app.main:on_startup:50 - Starting RAG Platform in development mode
2026-08-10 16:36:22.615 | INFO     | app.main:on_startup:50 - Starting RAG Platform in development mode
2026-08-10 16:58:44.591 | INFO     | app.main:on_startup:50 - Starting RAG Platform in development mode
2026-08-10 17:07:41.105 | INFO     | app.main:on_startup:50 - Starting RAG Platform in development mode
2026-08-10 20:45:32.478 | INFO     | app.main:on_startup:50 - Starting RAG Platform in development mode
2026-08-10 21:07:31.980 | INFO     | app.main:on_startup:50 - Starting RAG Platform in development mode
2026-08-10 21:10:54.013 | INFO     | app.main:on_startup:50 - Starting RAG Platform in development mode
2026-08-10 21:12:29.502 | INFO     | app.main:on_startup:50 - Starting RAG Platform in development mode
2026-08-10 21:17:02.849 | INFO     | app.main:on_startup:50 - Starting RAG Platform in development mode
2026-08-11 15:55:04.323 | INFO     | app.main:on_startup:50 - Starting RAG Platform in development mode
2026-08-11 17:35:35.010 | INFO     | app.main:on_startup:50 - Starting RAG Platform in development mode
2026-08-11 17:47:23.637 | INFO     | app.main:on_startup:50 - Starting RAG Platform in development mode
2026-08-11 17:56:54.950 | INFO     | app.main:on_startup:50 - Starting RAG Platform in development mode
2026-08-11 18:35:20.602 | INFO     | app.main:on_startup:50 - Starting RAG Platform in development mode
2026-08-11 18:41:27.056 | INFO     | app.main:on_startup:50 - Starting RAG Platform in development mode
2026-08-11 18:50:51.917 | INFO     | app.main:on_startup:50 - Starting RAG Platform in development mode
2026-08-11 19:00:53.645 | INFO     | app.main:on_startup:50 - Starting RAG Platform in development mode
2026-08-11 19:05:40.065 | INFO     | app.main:on_startup:50 - Starting RAG Platform in development mode
2026-08-11 19:06:53.268 | INFO     | app.main:on_startup:50 - Starting RAG Platform in development mode
2026-08-11 19:08:21.141 | INFO     | app.main:on_startup:50 - Starting RAG Platform in development mode
2026-08-11 19:17:53.578 | INFO     | app.main:on_startup:50 - Starting RAG Platform in development mode
2026-08-11 19:29:37.332 | INFO     | app.main:on_startup:50 - Starting RAG Platform in development mode
2026-08-11 19:32:23.353 | INFO     | app.main:on_startup:50 - Starting RAG Platform in development mode
2026-08-12 12:36:28.228 | INFO     | app.main:on_startup:50 - Starting RAG Platform in development mode
2026-08-12 12:50:06.599 | INFO     | app.main:on_startup:50 - Starting RAG Platform in development mode
2026-08-12 12:54:15.697 | INFO     | app.main:on_startup:50 - Starting RAG Platform in development mode
2026-08-12 13:01:51.013 | INFO     | app.main:on_startup:50 - Starting RAG Platform in development mode
2026-08-12 13:05:14.069 | INFO     | app.main:on_startup:50 - Starting RAG Platform in development mode
2026-08-12 13:13:34.056 | INFO     | app.main:on_startup:50 - Starting RAG Platform in development mode
2026-08-12 13:24:28.018 | INFO     | app.main:on_startup:50 - Starting RAG Platform in development mode
2026-08-12 13:28:15.091 | INFO     | app.main:on_startup:50 - Starting RAG Platform in development mode
2026-08-12 13:39:18.002 | INFO     | app.main:on_startup:50 - Starting RAG Platform in development mode
2026-08-12 14:13:27.318 | INFO     | app.main:on_startup:50 - Starting RAG Platform in development mode
2026-08-12 14:18:12.709 | INFO     | app.main:on_startup:50 - Starting RAG Platform in development mode
2026-08-12 14:27:14.286 | INFO     | app.main:on_startup:50 - Starting RAG Platform in development mode
2026-08-12 14:41:33.729 | INFO     | app.main:on_startup:50 - Starting RAG Platform in development mode
2026-08-12 14:44:02.832 | INFO     | app.main:on_startup:50 - Starting RAG Platform in development mode
2026-08-12 15:07:46.324 | INFO     | app.main:on_startup:50 - Starting RAG Platform in development mode
2026-08-12 15:12:33.843 | INFO     | app.main:on_startup:50 - Starting RAG Platform in development mode
2026-08-12 15:28:58.573 | INFO     | app.main:on_startup:50 - Starting RAG Platform in development mode
2026-08-12 15:34:16.824 | INFO     | app.main:on_startup:50 - Starting RAG Platform in development mode
2026-08-12 15:52:08.235 | INFO     | app.main:on_startup:50 - Starting RAG Platform in development mode
2026-08-12 16:29:41.590 | INFO     | app.main:on_startup:50 - Starting RAG Platform in development mode
2026-08-12 16:33:59.795 | INFO     | app.main:on_startup:52 - Starting RAG Platform in development mode
2026-08-12 16:36:04.590 | INFO     | app.main:on_startup:52 - Starting RAG Platform in development mode
2026-08-12 21:39:50.247 | INFO     | app.main:on_startup:52 - Starting RAG Platform in development mode
2026-08-12 23:09:49.578 | INFO     | app.main:on_startup:52 - Starting RAG Platform in development mode
2026-08-12 23:13:14.506 | INFO     | app.main:on_startup:52 - Starting RAG Platform in development mode
2026-08-13 09:08:09.120 | INFO     | app.main:on_startup:52 - Starting RAG Platform in development mode
2026-08-13 13:56:58.960 | INFO     | app.main:on_startup:52 - Starting RAG Platform in development mode
2026-08-13 13:59:41.435 | INFO     | app.main:on_startup:52 - Starting RAG Platform in development mode
2026-08-13 14:05:11.875 | INFO     | app.main:on_startup:52 - Starting RAG Platform in development mode
2026-08-13 14:06:00.380 | INFO     | app.main:on_startup:52 - Starting RAG Platform in development mode
2026-08-13 14:10:44.579 | INFO     | app.main:on_startup:52 - Starting RAG Platform in development mode
2026-08-13 14:13:50.009 | INFO     | app.main:on_startup:52 - Starting RAG Platform in development mode
2026-08-13 14:13:59.137 | INFO     | app.api.documents:delete_document:128 - Document and all related data (including scoped conversations) deleted by user1@example.com: Dhiirajj_CV.pdf
2026-08-13 18:08:42.210 | INFO     | app.api.documents:delete_document:128 - Document and all related data (including scoped conversations) deleted by user1@example.com: TS-2024-HALE-SENSOR-001_Technical_Specification.pdf
2026-08-13 18:08:49.684 | INFO     | app.api.documents:delete_document:128 - Document and all related data (including scoped conversations) deleted by user1@example.com: Preprint version2 6july26.pdf
2026-08-13 18:08:54.968 | INFO     | app.api.documents:delete_document:128 - Document and all related data (including scoped conversations) deleted by user1@example.com: Thachinee_Phenglengpon_Resume_Final (1).pdf
2026-08-13 18:25:15.480 | INFO     | app.api.documents:delete_document:128 - Document and all related data (including scoped conversations) deleted by user@user.com: Oded_19-06-2026.pdf
2026-08-13 18:29:48.320 | INFO     | app.main:on_startup:52 - Starting RAG Platform in development mode
2026-08-13 18:31:46.675 | INFO     | app.main:on_startup:52 - Starting RAG Platform in development mode
2026-08-13 18:31:47.041 | INFO     | app.api.documents:upload_document:48 - Document uploaded by user@user.com: Mutual_NDA_and_Confidentiality_Agreement.pdf (DocumentType.contract)
2026-08-13 18:33:11.065 | INFO     | app.api.documents:upload_document:48 - Document uploaded by user@user.com: TS-2024-HALE-SENSOR-001_Technical_Specification.pdf (DocumentType.contract)
2026-08-13 18:36:58.868 | INFO     | app.worker:process_document:31 - Processing document: Mutual_NDA_and_Confidentiality_Agreement.pdf (contract)
2026-08-13 18:37:00.933 | INFO     | app.worker:process_document:59 - Extracted 18 text pages and 0 tables from Mutual_NDA_and_Confidentiality_Agreement.pdf
2026-08-13 18:37:01.020 | INFO     | app.worker:process_document:92 - Created 31 chunks for Mutual_NDA_and_Confidentiality_Agreement.pdf
2026-08-13 18:37:01.174 | ERROR    | app.worker:process_document:117 - Failed to process document da287cba-45c9-4f1a-b8ff-9115ae47b094: name 'User' is not defined
2026-08-13 18:37:01.188 | INFO     | app.worker:process_document:31 - Processing document: TS-2024-HALE-SENSOR-001_Technical_Specification.pdf (contract)
2026-08-13 18:37:02.978 | INFO     | app.worker:process_document:59 - Extracted 8 text pages and 8 tables from TS-2024-HALE-SENSOR-001_Technical_Specification.pdf
2026-08-13 18:37:02.993 | INFO     | app.worker:process_document:92 - Created 25 chunks for TS-2024-HALE-SENSOR-001_Technical_Specification.pdf
2026-08-13 18:37:03.074 | ERROR    | app.worker:process_document:117 - Failed to process document 692c8621-c7c4-4d44-8df6-60e6bdfb28b3: name 'User' is not defined
2026-08-13 18:42:27.565 | INFO     | app.main:on_startup:52 - Starting RAG Platform in development mode
2026-08-13 18:42:34.078 | INFO     | app.main:on_startup:52 - Starting RAG Platform in development mode
2026-08-13 18:49:47.528 | INFO     | app.main:on_startup:52 - Starting RAG Platform in development mode
2026-08-13 18:49:47.769 | INFO     | app.api.documents:reindex_document:163 - Reindex triggered by user@user.com: Mutual_NDA_and_Confidentiality_Agreement.pdf
2026-08-13 18:49:47.912 | INFO     | app.worker:process_document:31 - Processing document: Mutual_NDA_and_Confidentiality_Agreement.pdf (contract)
2026-08-13 18:49:50.104 | INFO     | app.worker:process_document:59 - Extracted 18 text pages and 0 tables from Mutual_NDA_and_Confidentiality_Agreement.pdf
2026-08-13 18:49:50.117 | INFO     | app.worker:process_document:92 - Created 31 chunks for Mutual_NDA_and_Confidentiality_Agreement.pdf
2026-08-13 18:49:50.256 | ERROR    | app.worker:process_document:117 - Failed to process document da287cba-45c9-4f1a-b8ff-9115ae47b094: name 'User' is not defined
2026-08-13 19:02:57.807 | INFO     | app.main:on_startup:52 - Starting RAG Platform in development mode
2026-08-13 19:03:03.669 | INFO     | app.api.documents:reindex_document:167 - Reindex triggered by user@user.com: TS-2024-HALE-SENSOR-001_Technical_Specification.pdf
2026-08-13 19:03:04.031 | INFO     | app.worker:process_document:31 - Processing document: TS-2024-HALE-SENSOR-001_Technical_Specification.pdf (contract)
2026-08-13 19:03:06.210 | INFO     | app.worker:process_document:59 - Extracted 8 text pages and 8 tables from TS-2024-HALE-SENSOR-001_Technical_Specification.pdf
2026-08-13 19:03:06.226 | INFO     | app.worker:process_document:92 - Created 25 chunks for TS-2024-HALE-SENSOR-001_Technical_Specification.pdf
2026-08-13 19:03:06.310 | ERROR    | app.worker:process_document:117 - Failed to process document 692c8621-c7c4-4d44-8df6-60e6bdfb28b3: name 'User' is not defined
2026-08-13 19:04:30.787 | INFO     | app.main:on_startup:52 - Starting RAG Platform in development mode
2026-08-13 19:04:31.016 | INFO     | app.api.documents:reindex_document:167 - Reindex triggered by user@user.com: Mutual_NDA_and_Confidentiality_Agreement.pdf
2026-08-13 19:04:31.084 | INFO     | app.worker:process_document:31 - Processing document: Mutual_NDA_and_Confidentiality_Agreement.pdf (contract)
2026-08-13 19:04:33.651 | INFO     | app.worker:process_document:59 - Extracted 18 text pages and 0 tables from Mutual_NDA_and_Confidentiality_Agreement.pdf
2026-08-13 19:04:33.662 | INFO     | app.worker:process_document:92 - Created 31 chunks for Mutual_NDA_and_Confidentiality_Agreement.pdf
2026-08-13 19:04:33.799 | ERROR    | app.worker:process_document:117 - Failed to process document da287cba-45c9-4f1a-b8ff-9115ae47b094: name 'User' is not defined
2026-08-13 19:16:35.826 | INFO     | app.api.documents:reindex_document:167 - Reindex triggered by user@user.com: Mutual_NDA_and_Confidentiality_Agreement.pdf
2026-08-13 19:16:36.232 | INFO     | app.worker:process_document:31 - Processing document: Mutual_NDA_and_Confidentiality_Agreement.pdf (contract)
2026-08-13 19:16:39.021 | INFO     | app.worker:process_document:59 - Extracted 18 text pages and 0 tables from Mutual_NDA_and_Confidentiality_Agreement.pdf
2026-08-13 19:16:39.037 | INFO     | app.worker:process_document:92 - Created 31 chunks for Mutual_NDA_and_Confidentiality_Agreement.pdf
2026-08-13 19:16:39.118 | ERROR    | app.worker:process_document:117 - Failed to process document da287cba-45c9-4f1a-b8ff-9115ae47b094: name 'User' is not defined
2026-08-13 19:16:56.811 | INFO     | app.api.documents:delete_document:128 - Document and all related data (including scoped conversations) deleted by user@user.com: Mutual_NDA_and_Confidentiality_Agreement.pdf
2026-08-14 09:38:04.599 | INFO     | app.main:on_startup:52 - Starting RAG Platform in development mode
2026-08-14 09:38:33.964 | ERROR    | app.worker:process_document:29 - Document da287cba-45c9-4f1a-b8ff-9115ae47b094 not found
2026-08-14 09:47:46.624 | INFO     | app.api.documents:reindex_document:167 - Reindex triggered by user@user.com: TS-2024-HALE-SENSOR-001_Technical_Specification.pdf
2026-08-14 09:47:47.000 | INFO     | app.worker:process_document:32 - Processing document: TS-2024-HALE-SENSOR-001_Technical_Specification.pdf (contract)
2026-08-14 09:47:49.271 | INFO     | app.worker:process_document:60 - Extracted 8 text pages and 8 tables from TS-2024-HALE-SENSOR-001_Technical_Specification.pdf
2026-08-14 09:47:49.393 | INFO     | app.worker:process_document:93 - Created 25 chunks for TS-2024-HALE-SENSOR-001_Technical_Specification.pdf
2026-08-14 09:47:58.408 | ERROR    | app.worker:process_document:118 - Failed to process document 692c8621-c7c4-4d44-8df6-60e6bdfb28b3: log_usage() missing 1 required positional argument: 'unit'
2026-08-14 09:56:55.738 | INFO     | app.main:on_startup:52 - Starting RAG Platform in development mode
2026-08-14 10:03:05.885 | INFO     | app.api.documents:reindex_document:167 - Reindex triggered by user@user.com: TS-2024-HALE-SENSOR-001_Technical_Specification.pdf
2026-08-14 10:03:06.005 | INFO     | app.worker:process_document:32 - Processing document: TS-2024-HALE-SENSOR-001_Technical_Specification.pdf (contract)
2026-08-14 10:03:08.930 | INFO     | app.worker:process_document:60 - Extracted 8 text pages and 8 tables from TS-2024-HALE-SENSOR-001_Technical_Specification.pdf
2026-08-14 10:03:08.942 | INFO     | app.worker:process_document:93 - Created 25 chunks for TS-2024-HALE-SENSOR-001_Technical_Specification.pdf
2026-08-14 10:03:13.097 | ERROR    | app.worker:process_document:118 - Failed to process document 692c8621-c7c4-4d44-8df6-60e6bdfb28b3: log_usage() missing 1 required positional argument: 'unit'
2026-08-14 10:07:26.115 | INFO     | app.api.documents:reindex_document:167 - Reindex triggered by user@user.com: TS-2024-HALE-SENSOR-001_Technical_Specification.pdf
2026-08-14 10:07:26.478 | INFO     | app.worker:process_document:32 - Processing document: TS-2024-HALE-SENSOR-001_Technical_Specification.pdf (contract)
2026-08-14 10:07:28.716 | INFO     | app.worker:process_document:60 - Extracted 8 text pages and 8 tables from TS-2024-HALE-SENSOR-001_Technical_Specification.pdf
2026-08-14 10:07:28.765 | INFO     | app.worker:process_document:93 - Created 25 chunks for TS-2024-HALE-SENSOR-001_Technical_Specification.pdf
2026-08-14 10:07:35.735 | INFO     | app.worker:process_document:114 - Embedded 25 chunks for TS-2024-HALE-SENSOR-001_Technical_Specification.pdf
2026-08-14 10:09:18.203 | INFO     | app.api.documents:upload_document:48 - Document uploaded by user@user.com: Mutual_NDA_and_Confidentiality_Agreement.pdf (DocumentType.contract)
2026-08-14 10:09:18.257 | INFO     | app.worker:process_document:32 - Processing document: Mutual_NDA_and_Confidentiality_Agreement.pdf (contract)
2026-08-14 10:09:21.295 | INFO     | app.worker:process_document:60 - Extracted 18 text pages and 0 tables from Mutual_NDA_and_Confidentiality_Agreement.pdf
2026-08-14 10:09:21.308 | INFO     | app.worker:process_document:93 - Created 31 chunks for Mutual_NDA_and_Confidentiality_Agreement.pdf
2026-08-14 10:09:25.800 | INFO     | app.worker:process_document:114 - Embedded 31 chunks for Mutual_NDA_and_Confidentiality_Agreement.pdf
2026-08-14 11:40:38.806 | INFO     | app.main:on_startup:52 - Starting RAG Platform in development mode
2026-08-14 11:48:59.818 | INFO     | app.main:on_startup:52 - Starting RAG Platform in development mode
2026-08-14 11:50:16.923 | INFO     | app.main:on_startup:52 - Starting RAG Platform in development mode
2026-08-14 11:51:13.706 | INFO     | app.main:on_startup:52 - Starting RAG Platform in development mode
2026-08-14 11:56:01.799 | INFO     | app.main:on_startup:52 - Starting RAG Platform in development mode
2026-08-14 12:00:34.221 | INFO     | app.main:on_startup:52 - Starting RAG Platform in development mode
2026-08-14 12:16:03.160 | INFO     | app.main:on_startup:52 - Starting RAG Platform in development mode
2026-08-14 12:32:31.023 | INFO     | app.main:on_startup:52 - Starting RAG Platform in development mode
2026-08-14 12:38:52.845 | INFO     | app.main:on_startup:52 - Starting RAG Platform in development mode
2026-08-14 12:41:27.609 | INFO     | app.main:on_startup:52 - Starting RAG Platform in development mode
2026-08-14 12:42:44.979 | INFO     | app.main:on_startup:52 - Starting RAG Platform in development mode
2026-08-14 12:51:39.472 | INFO     | app.main:on_startup:52 - Starting RAG Platform in development mode
2026-08-14 13:03:07.733 | INFO     | app.main:on_startup:52 - Starting RAG Platform in development mode
2026-08-14 13:04:27.479 | INFO     | app.main:on_startup:52 - Starting RAG Platform in development mode
2026-08-14 13:05:25.001 | INFO     | app.main:on_startup:52 - Starting RAG Platform in development mode
2026-08-14 13:06:09.667 | INFO     | app.main:on_startup:52 - Starting RAG Platform in development mode
2026-08-14 13:08:57.464 | INFO     | app.services.query_rewrite_service:rewrite_query:29 - Query rewritten: 'What must the Receiving Party do upon written request of the Disclosing Party (or upon expiration/termination) regarding Confidential Information, and within what timeframe?  Can it retain any copy?' -> 'What actions must the Receiving Party take regarding Confidential Information upon written request from the Disclosing Party or upon expiration/termination, and what is the timeframe for these actions? Is retention of any copy allowed?'
2026-08-14 13:09:38.428 | INFO     | app.main:on_startup:52 - Starting RAG Platform in development mode
2026-08-14 13:09:58.296 | INFO     | app.services.query_rewrite_service:rewrite_query:29 - Query rewritten: 'What must the Receiving Party do upon written request of the Disclosing Party (or upon expiration/termination) regarding Confidential Information, and within what timeframe?  Can it retain any copy?' -> 'What actions must the Receiving Party take regarding Confidential Information upon written request from the Disclosing Party or upon expiration/termination, and what is the timeframe for these actions? Is retention of any copy allowed?'
2026-08-14 13:10:59.469 | INFO     | app.main:on_startup:52 - Starting RAG Platform in development mode
2026-08-14 13:11:16.191 | INFO     | app.services.query_rewrite_service:rewrite_query:29 - Query rewritten: 'What must the Receiving Party do upon written request of the Disclosing Party (or upon expiration/termination) regarding Confidential Information, and within what timeframe?  Can it retain any copy?' -> 'What must the Receiving Party do upon written request of the Disclosing Party (or upon expiration/termination) regarding Confidential Information, and within what timeframe? Can it retain any copy?'
2026-08-14 13:34:47.573 | INFO     | app.main:on_startup:52 - Starting RAG Platform in development mode
2026-08-14 13:59:29.417 | INFO     | app.main:on_startup:52 - Starting RAG Platform in development mode
2026-08-14 14:04:23.591 | INFO     | app.main:on_startup:52 - Starting RAG Platform in development mode
2026-08-14 14:21:26.232 | INFO     | app.main:on_startup:52 - Starting RAG Platform in development mode
2026-08-14 15:46:54.313 | INFO     | app.main:on_startup:52 - Starting RAG Platform in development mode
2026-08-14 15:50:59.766 | INFO     | app.main:on_startup:52 - Starting RAG Platform in development mode
2026-08-14 20:34:05.287 | INFO     | app.main:on_startup:52 - Starting RAG Platform in development mode
2026-08-14 20:50:35.142 | INFO     | app.main:on_startup:52 - Starting RAG Platform in development mode
2026-08-14 20:56:17.848 | INFO     | app.api.documents:upload_document:48 - Document uploaded by user@user.com: Requirements.pdf (DocumentType.general)
2026-08-14 20:56:57.888 | INFO     | app.worker:process_document:32 - Processing document: Requirements.pdf (general)
2026-08-14 20:56:58.433 | INFO     | app.worker:process_document:60 - Extracted 4 text pages and 0 tables from Requirements.pdf
2026-08-14 20:56:58.529 | INFO     | app.worker:process_document:93 - Created 4 chunks for Requirements.pdf
2026-08-14 20:57:05.895 | INFO     | app.worker:process_document:114 - Embedded 4 chunks for Requirements.pdf
2026-08-14 21:43:44.227 | INFO     | app.api.documents:upload_document:48 - Document uploaded by user1@user1.com: sample_Defense_contract.pdf (DocumentType.contract)
2026-08-14 21:43:44.427 | INFO     | app.worker:process_document:32 - Processing document: sample_Defense_contract.pdf (contract)
2026-08-14 21:44:04.454 | INFO     | app.worker:process_document:60 - Extracted 83 text pages and 28 tables from sample_Defense_contract.pdf
2026-08-14 21:44:04.588 | INFO     | app.worker:process_document:93 - Created 163 chunks for sample_Defense_contract.pdf
2026-08-14 21:44:16.968 | INFO     | app.worker:process_document:114 - Embedded 163 chunks for sample_Defense_contract.pdf
2026-08-14 21:49:24.279 | INFO     | app.services.query_rewrite_service:rewrite_query:29 - Query rewritten: 'okay, then what are the three most important requirements for this contarct?' -> 'What are the three most important requirements for this contract?'
2026-08-14 21:50:37.393 | INFO     | app.services.query_rewrite_service:rewrite_query:29 - Query rewritten: 'Most important things about advance bank guarantee?' -> 'What are the most important aspects of an advance bank guarantee?'
2026-08-15 10:52:54.674 | INFO     | app.main:on_startup:52 - Starting RAG Platform in development mode
2026-08-15 12:14:25.708 | INFO     | app.main:on_startup:54 - Starting RAG Platform in development mode
2026-08-15 12:18:49.073 | INFO     | app.main:on_startup:54 - Starting RAG Platform in development mode
2026-08-15 12:26:31.065 | INFO     | app.main:on_startup:54 - Starting RAG Platform in development mode
2026-08-15 20:57:02.249 | INFO     | app.main:on_startup:54 - Starting RAG Platform in development mode
2026-08-15 21:26:16.631 | INFO     | app.main:on_startup:63 - Starting RAG Platform in development mode
2026-08-15 21:27:10.969 | INFO     | app.main:on_startup:63 - Starting RAG Platform in development mode
2026-08-15 21:28:59.329 | INFO     | app.main:on_startup:63 - Starting RAG Platform in development mode
2026-08-15 21:43:46.632 | INFO     | app.main:on_startup:63 - Starting RAG Platform in development mode
2026-08-15 22:00:02.657 | INFO     | app.main:on_startup:63 - Starting RAG Platform in development mode
2026-08-15 22:01:31.001 | INFO     | app.main:on_startup:63 - Starting RAG Platform in development mode
2026-08-16 10:17:31.368 | INFO     | app.main:on_startup:63 - Starting RAG Platform in development mode
2026-08-16 10:38:11.049 | INFO     | app.main:on_startup:63 - Starting RAG Platform in development mode
2026-08-16 10:38:45.822 | INFO     | app.main:on_startup:63 - Starting RAG Platform in development mode
2026-08-16 10:39:39.483 | INFO     | app.main:on_startup:63 - Starting RAG Platform in development mode
2026-08-16 10:42:16.377 | INFO     | app.main:on_startup:63 - Starting RAG Platform in development mode
2026-08-16 10:43:01.196 | INFO     | app.main:on_startup:63 - Starting RAG Platform in development mode
2026-08-16 10:43:23.410 | INFO     | app.main:on_startup:63 - Starting RAG Platform in development mode
2026-08-16 10:48:59.136 | INFO     | app.main:on_startup:63 - Starting RAG Platform in development mode
2026-08-16 10:50:10.214 | INFO     | app.main:on_startup:63 - Starting RAG Platform in development mode
2026-08-16 10:52:16.397 | INFO     | app.main:on_startup:63 - Starting RAG Platform in development mode
2026-08-16 10:57:47.127 | INFO     | app.main:on_startup:63 - Starting RAG Platform in development mode
2026-08-16 11:06:59.923 | INFO     | app.main:on_startup:63 - Starting RAG Platform in development mode
2026-08-16 11:07:38.149 | INFO     | app.main:on_startup:63 - Starting RAG Platform in development mode
2026-08-16 11:27:01.558 | INFO     | app.main:on_startup:63 - Starting RAG Platform in development mode
2026-08-16 11:30:33.625 | INFO     | app.main:on_startup:63 - Starting RAG Platform in development mode
2026-08-16 11:32:52.528 | INFO     | app.main:on_startup:63 - Starting RAG Platform in development mode
2026-08-16 11:40:14.175 | INFO     | app.main:on_startup:63 - Starting RAG Platform in development mode
2026-08-16 11:41:10.554 | INFO     | app.api.documents:upload_document:49 - Document uploaded by user1@user1.com: Dhiirajj_CV.pdf (DocumentType.resume)
2026-08-16 11:42:11.252 | INFO     | app.worker:process_document:33 - Processing document: Dhiirajj_CV.pdf (resume)
2026-08-16 11:42:11.795 | INFO     | app.worker:process_document:64 - Extracted 3 text pages and 0 tables from Dhiirajj_CV.pdf
2026-08-16 11:42:11.871 | INFO     | app.worker:process_document:97 - Created 3 chunks for Dhiirajj_CV.pdf
2026-08-16 11:42:19.059 | INFO     | app.worker:process_document:118 - Embedded 3 chunks for Dhiirajj_CV.pdf
2026-08-16 11:45:49.364 | INFO     | app.api.documents:reindex_document:168 - Reindex triggered by user1@user1.com: Dhiirajj_CV.pdf
2026-08-16 11:45:49.519 | INFO     | app.worker:process_document:33 - Processing document: Dhiirajj_CV.pdf (resume)
2026-08-16 11:45:50.104 | INFO     | app.worker:process_document:64 - Extracted 3 text pages and 0 tables from Dhiirajj_CV.pdf
2026-08-16 11:45:50.108 | INFO     | app.worker:process_document:97 - Created 3 chunks for Dhiirajj_CV.pdf
2026-08-16 11:45:54.131 | INFO     | app.worker:process_document:118 - Embedded 3 chunks for Dhiirajj_CV.pdf
2026-08-16 11:47:59.218 | INFO     | app.api.documents:delete_document:129 - Document and all related data (including scoped conversations) deleted by user1@user1.com: Dhiirajj_CV.pdf
2026-08-16 12:07:31.032 | INFO     | app.main:on_startup:63 - Starting RAG Platform in development mode
2026-08-16 12:10:05.199 | INFO     | app.api.documents:upload_document:49 - Document uploaded by user3@user3.com: Dhiirajj_CV.pdf (DocumentType.resume)
2026-08-16 12:10:05.518 | INFO     | app.worker:process_document:33 - Processing document: Dhiirajj_CV.pdf (resume)
2026-08-16 12:10:06.324 | INFO     | app.worker:process_document:64 - Extracted 3 text pages and 0 tables from Dhiirajj_CV.pdf
2026-08-16 12:10:06.360 | INFO     | app.worker:process_document:97 - Created 3 chunks for Dhiirajj_CV.pdf
2026-08-16 12:10:11.593 | INFO     | app.worker:process_document:118 - Embedded 3 chunks for Dhiirajj_CV.pdf
2026-08-16 12:13:44.946 | INFO     | app.main:on_startup:63 - Starting RAG Platform in development mode
2026-08-16 12:18:03.620 | INFO     | app.main:on_startup:63 - Starting RAG Platform in development mode
2026-08-16 12:19:53.303 | INFO     | app.main:on_startup:63 - Starting RAG Platform in development mode
2026-08-16 12:33:25.002 | INFO     | app.main:on_startup:63 - Starting RAG Platform in development mode
2026-08-16 12:34:06.298 | INFO     | app.api.documents:upload_document:49 - Document uploaded by user3@user3.com: Preprint version2 6july26.pdf (DocumentType.research_paper)
2026-08-16 12:34:06.774 | INFO     | app.worker:process_document:33 - Processing document: Preprint version2 6july26.pdf (research_paper)
2026-08-16 12:34:11.346 | INFO     | app.worker:process_document:64 - Extracted 7 text pages and 0 tables from Preprint version2 6july26.pdf
2026-08-16 12:34:11.376 | INFO     | app.worker:process_document:97 - Created 14 chunks for Preprint version2 6july26.pdf
2026-08-16 12:34:17.761 | INFO     | app.worker:process_document:118 - Embedded 14 chunks for Preprint version2 6july26.pdf
2026-08-16 12:35:26.941 | INFO     | app.api.documents:reindex_document:168 - Reindex triggered by user3@user3.com: Preprint version2 6july26.pdf
2026-08-16 12:35:27.396 | INFO     | app.worker:process_document:33 - Processing document: Preprint version2 6july26.pdf (research_paper)
2026-08-16 12:35:32.405 | INFO     | app.worker:process_document:64 - Extracted 7 text pages and 0 tables from Preprint version2 6july26.pdf
2026-08-16 12:35:32.411 | INFO     | app.worker:process_document:97 - Created 14 chunks for Preprint version2 6july26.pdf
2026-08-16 12:35:36.405 | INFO     | app.worker:process_document:118 - Embedded 14 chunks for Preprint version2 6july26.pdf
2026-08-16 12:35:43.453 | INFO     | app.api.documents:delete_document:129 - Document and all related data (including scoped conversations) deleted by user3@user3.com: Preprint version2 6july26.pdf
2026-08-16 12:45:12.683 | INFO     | app.api.documents:upload_document:49 - Document uploaded by user3@user3.com: Preprint version2 6july26.pdf (DocumentType.research_paper)
2026-08-16 12:45:12.821 | INFO     | app.worker:process_document:33 - Processing document: Preprint version2 6july26.pdf (research_paper)
2026-08-16 12:45:16.578 | INFO     | app.worker:process_document:64 - Extracted 7 text pages and 0 tables from Preprint version2 6july26.pdf
2026-08-16 12:45:16.585 | INFO     | app.worker:process_document:97 - Created 14 chunks for Preprint version2 6july26.pdf
2026-08-16 12:45:19.211 | INFO     | app.worker:process_document:118 - Embedded 14 chunks for Preprint version2 6july26.pdf
2026-08-16 12:52:35.956 | INFO     | app.api.documents:delete_document:129 - Document and all related data (including scoped conversations) deleted by user3@user3.com: Preprint version2 6july26.pdf
2026-08-16 13:19:34.051 | INFO     | app.main:on_startup:63 - Starting RAG Platform in development mode
2026-08-16 13:21:10.610 | INFO     | app.api.documents:upload_document:49 - Document uploaded by user3@user3.com: Preprint version2 6july26.pdf (DocumentType.general)
2026-08-16 13:21:11.074 | INFO     | app.worker:process_document:33 - Processing document: Preprint version2 6july26.pdf (general)
2026-08-16 13:21:16.410 | INFO     | app.worker:process_document:64 - Extracted 7 text pages and 0 tables from Preprint version2 6july26.pdf
2026-08-16 13:21:16.433 | INFO     | app.worker:process_document:97 - Created 14 chunks for Preprint version2 6july26.pdf
2026-08-16 13:21:21.043 | INFO     | app.worker:process_document:118 - Embedded 14 chunks for Preprint version2 6july26.pdf
2026-08-16 13:22:17.081 | INFO     | app.api.documents:delete_document:129 - Document and all related data (including scoped conversations) deleted by user3@user3.com: Preprint version2 6july26.pdf
2026-08-16 13:47:49.559 | INFO     | app.main:on_startup:63 - Starting RAG Platform in development mode
2026-08-16 14:21:48.947 | INFO     | app.main:on_startup:63 - Starting RAG Platform in development mode
2026-08-16 14:23:47.070 | INFO     | app.main:on_startup:63 - Starting RAG Platform in development mode
2026-08-16 16:46:31.991 | INFO     | app.main:on_startup:63 - Starting RAG Platform in development mode
2026-08-16 17:18:04.649 | INFO     | app.main:on_startup:63 - Starting RAG Platform in development mode
2026-08-16 18:22:46.756 | INFO     | app.main:on_startup:63 - Starting RAG Platform in development mode
2026-08-16 18:36:40.923 | INFO     | app.main:on_startup:63 - Starting RAG Platform in development mode
2026-08-16 18:36:54.261 | INFO     | app.main:on_startup:63 - Starting RAG Platform in development mode
2026-08-16 18:39:20.281 | INFO     | app.main:on_startup:63 - Starting RAG Platform in development mode
2026-08-16 19:01:33.555 | INFO     | app.main:on_startup:63 - Starting RAG Platform in development mode
2026-08-17 10:17:11.438 | INFO     | app.main:on_startup:63 - Starting RAG Platform in development mode
2026-08-17 10:23:39.743 | INFO     | app.main:on_startup:63 - Starting RAG Platform in development mode
2026-08-17 10:26:47.155 | INFO     | app.main:on_startup:63 - Starting RAG Platform in development mode
2026-08-17 10:30:47.873 | INFO     | app.main:on_startup:63 - Starting RAG Platform in development mode
2026-08-17 10:31:11.860 | INFO     | app.main:on_startup:63 - Starting RAG Platform in development mode
2026-08-17 10:31:32.417 | INFO     | app.main:on_startup:63 - Starting RAG Platform in development mode
2026-08-17 11:52:24.179 | INFO     | app.main:on_startup:63 - Starting RAG Platform in development mode
2026-08-17 11:52:31.862 | INFO     | app.api.documents:upload_document:49 - Document uploaded by user3@user3.com: TS-2024-HALE-SENSOR-001_Technical_Specification.pdf (DocumentType.contract)
2026-08-17 11:53:06.860 | INFO     | app.worker:process_document:33 - Processing document: TS-2024-HALE-SENSOR-001_Technical_Specification.pdf (contract)
2026-08-17 11:53:08.639 | INFO     | app.worker:process_document:64 - Extracted 8 text pages and 8 tables from TS-2024-HALE-SENSOR-001_Technical_Specification.pdf
2026-08-17 11:53:08.734 | INFO     | app.worker:process_document:97 - Created 25 chunks for TS-2024-HALE-SENSOR-001_Technical_Specification.pdf
2026-08-17 11:53:16.736 | INFO     | app.worker:process_document:118 - Embedded 25 chunks for TS-2024-HALE-SENSOR-001_Technical_Specification.pdf
2026-08-17 13:06:55.452 | INFO     | app.main:on_startup:63 - Starting RAG Platform in development mode
2026-08-17 13:43:40.335 | INFO     | app.main:on_startup:63 - Starting RAG Platform in development mode
2026-08-17 15:56:15.554 | INFO     | app.main:on_startup:63 - Starting RAG Platform in development mode
2026-08-17 16:00:36.200 | INFO     | app.main:on_startup:63 - Starting RAG Platform in development mode
2026-08-17 16:01:23.710 | INFO     | app.main:on_startup:63 - Starting RAG Platform in development mode
2026-08-17 16:09:29.032 | INFO     | app.main:on_startup:63 - Starting RAG Platform in development mode
2026-08-17 17:20:37.381 | INFO     | app.main:on_startup:64 - Starting RAG Platform in development mode
2026-08-18 10:26:01.368 | INFO     | app.main:on_startup:64 - Starting RAG Platform in development mode
2026-08-18 10:26:16.016 | INFO     | app.main:on_startup:64 - Starting RAG Platform in development mode
2026-08-18 12:26:19.059 | INFO     | app.main:on_startup:64 - Starting RAG Platform in development mode
2026-08-18 12:26:36.732 | INFO     | app.main:on_startup:64 - Starting RAG Platform in development mode
2026-08-18 12:31:20.921 | INFO     | app.main:on_startup:64 - Starting RAG Platform in development mode
2026-08-19 16:20:45.937 | INFO     | app.main:on_startup:64 - Starting RAG Platform in development mode
2026-08-20 09:39:11.114 | INFO     | app.main:on_startup:64 - Starting RAG Platform in development mode
2026-08-20 10:56:25.947 | INFO     | app.main:on_startup:64 - Starting RAG Platform in development mode
2026-08-20 11:21:46.513 | INFO     | app.main:on_startup:64 - Starting RAG Platform in development mode
2026-08-20 11:27:33.126 | INFO     | app.main:on_startup:64 - Starting RAG Platform in development mode
2026-08-20 11:27:53.607 | INFO     | app.main:on_startup:64 - Starting RAG Platform in development mode
2026-08-20 11:31:20.810 | INFO     | app.main:on_startup:64 - Starting RAG Platform in development mode
2026-08-20 11:38:46.486 | INFO     | app.main:on_startup:64 - Starting RAG Platform in development mode
2026-08-20 11:40:05.293 | INFO     | app.main:on_startup:64 - Starting RAG Platform in development mode
2026-08-20 11:44:45.262 | INFO     | app.main:on_startup:64 - Starting RAG Platform in development mode
2026-08-20 11:48:27.497 | INFO     | app.main:on_startup:64 - Starting RAG Platform in development mode
2026-08-20 11:53:06.814 | INFO     | app.main:on_startup:64 - Starting RAG Platform in development mode
2026-08-20 12:39:18.046 | INFO     | app.main:on_startup:64 - Starting RAG Platform in development mode
2026-08-20 14:32:47.731 | INFO     | app.main:on_startup:64 - Starting RAG Platform in development mode
2026-08-20 14:35:06.263 | INFO     | app.services.query_rewrite_service:rewrite_query:29 - Query rewritten: 'For a five-aircraft fleet, how many Closed-Cycle Cryocoolers are recommended as initial fleet spares, and what is the MTBF (hours) of that item as listed in the main BOM table?' -> 'How many Closed-Cycle Cryocoolers are recommended as initial fleet spares for a five-aircraft fleet, and what is the MTBF (hours) of that item as listed in the main BOM table?'
2026-08-20 15:29:25.148 | INFO     | app.main:on_startup:64 - Starting RAG Platform in development mode
2026-08-20 15:33:08.779 | INFO     | app.main:on_startup:64 - Starting RAG Platform in development mode
2026-08-20 15:35:12.034 | INFO     | app.main:on_startup:64 - Starting RAG Platform in development mode
2026-08-20 15:36:10.038 | INFO     | app.main:on_startup:64 - Starting RAG Platform in development mode
2026-08-20 16:29:06.701 | INFO     | app.main:on_startup:64 - Starting RAG Platform in development mode
2026-08-20 16:50:00.260 | INFO     | app.main:on_startup:64 - Starting RAG Platform in development mode
2026-08-20 16:50:35.144 | INFO     | app.main:on_startup:64 - Starting RAG Platform in development mode
2026-08-20 16:55:11.809 | INFO     | app.main:on_startup:64 - Starting RAG Platform in development mode
2026-08-20 16:55:45.268 | INFO     | app.main:on_startup:64 - Starting RAG Platform in development mode
2026-08-20 16:56:12.124 | INFO     | app.main:on_startup:64 - Starting RAG Platform in development mode
2026-08-20 17:04:16.719 | INFO     | app.main:on_startup:64 - Starting RAG Platform in development mode
2026-08-20 17:04:34.536 | INFO     | app.main:on_startup:64 - Starting RAG Platform in development mode
2026-08-20 17:24:13.730 | INFO     | app.main:on_startup:64 - Starting RAG Platform in development mode
2026-08-20 17:30:40.980 | INFO     | app.main:on_startup:64 - Starting RAG Platform in development mode
2026-08-20 17:33:16.737 | INFO     | app.main:on_startup:64 - Starting RAG Platform in development mode
2026-08-20 17:33:43.195 | INFO     | app.main:on_startup:64 - Starting RAG Platform in development mode
2026-08-20 17:44:49.068 | INFO     | app.main:on_startup:64 - Starting RAG Platform in development mode
2026-08-20 17:45:18.269 | INFO     | app.main:on_startup:64 - Starting RAG Platform in development mode
2026-08-20 17:45:33.047 | INFO     | app.main:on_startup:64 - Starting RAG Platform in development mode
2026-08-21 16:23:33.891 | INFO     | app.main:on_startup:64 - Starting RAG Platform in development mode
2026-08-21 16:40:21.643 | INFO     | app.api.documents:upload_document:49 - Document uploaded by user1@user1.com: TS-2024-HALE-SENSOR-001_Technical_Specification.pdf (DocumentType.general)
2026-08-21 16:41:18.045 | INFO     | app.worker:process_document:33 - Processing document: TS-2024-HALE-SENSOR-001_Technical_Specification.pdf (general)
2026-08-21 16:41:21.240 | INFO     | app.services.extraction_service:extract_pdf_content:220 - PDF extraction completed: 8 text pages, 8 tables
2026-08-21 16:41:21.241 | INFO     | app.worker:process_document:64 - Extracted 8 text pages and 8 tables from TS-2024-HALE-SENSOR-001_Technical_Specification.pdf
2026-08-21 16:41:21.343 | INFO     | app.worker:process_document:81 - 
--- CHUNK ---
PAGE: 1
TYPE: text
CUI // CONTROLLED UNCLASSIFIED INFORMATION CUI
DEPARTMENT OF HOMELAND SECURITY
Customs and Border Protection
Office of Acquisition
TECHNICAL SPECIFICATION
TS-2024-HALE-SENSOR-001
Multi-Band Electro-Optical / Infrared Sensor Payload Suite
for High-Altitude Long-Endurance Unmanned Aerial Systems
Document Number: TS-2024-HALE-SENSOR-001 Rev C
Effective Date: 15 July 2024
Classification: Controlled Unclassified Information (CUI)
Prepared by: CBP Systems Engineering Directorate
Contract Reference: HSCBP-24-C-00087 (Solicitation)
Distribution: Authorized Government and Contractor Personnel Only
This document establishes the technical requirements, interface definitions, performance parameters, environmental
qualification criteria, and logistics support data for the Multi-Band EO/IR Sensor Payload Suite intended for integration
on High-Altitude Long-Endurance (HALE) unmanned aerial systems supporting persistent border surveillance
missions.
WARNING: This document contains technical data whose export is restricted by the Arms Export Control Act (Title 22, U.S.C.,
Sec 2751 et seq.) or the Export Administration Act of 1979, as amended (Title 50, U.S.C., App. 2401 et seq.). Violations of
these export laws are subject to severe criminal penalties.
TS-2024-HALE-SENSOR-001 Rev C | Page 1
-------------
2026-08-21 16:41:21.344 | INFO     | app.worker:process_document:81 - 
--- CHUNK ---
PAGE: 2
TYPE: text
CUI // CONTROLLED UNCLASSIFIED INFORMATION CUI
1. SCOPE
1.1 Purpose. This Technical Specification (TS) defines the functional, performance, interface, environmental, and
logistics requirements for a Multi-Band Electro-Optical / Infrared (EO/IR) Sensor Payload Suite (hereafter “the
Payload”) suitable for installation on Government-furnished High-Altitude Long-Endurance Unmanned Aerial Systems
(HALE-UAS). The Payload shall provide day/night, all-weather detection, recognition, and identification capability
against personnel, vehicles, and low-observable maritime surface targets at stand-off ranges consistent with HALE
operating altitudes of 45,000 to 65,000 feet Mean Sea Level (MSL).
1.2 Applicability. This TS applies to all contractor deliverables under Solicitation HSCBP-24-C-00087 and any
subsequent production, sustainment, or modification contracts that reference this document. Compliance with every
shall-statement is mandatory unless a formal deviation or waiver has been approved in writing by the Contracting
Officer’s Technical Representative (COTR).
1.3 System Overview. The Payload consists of a stabilized multi-sensor turret, onboard processing unit, data-link
interface electronics, power conditioning module, and associated cabling and mounting hardware. The turret houses a
high-definition visible-band camera, a mid-wave infrared (MWIR) imager, a short-wave infrared (SWIR) imager, a laser
rangefinder / designator, and an inertial measurement unit (IMU) for geo-location. The system is required to operate
continuously for mission durations up to 30 hours without ground intervention other than periodic command uplinks.
2. APPLICABLE DOCUMENTS
2.1 Government Documents. The following documents form a part of this specification to the extent specified herein.
In the event of conflict between the text
-------------
2026-08-21 16:41:21.345 | INFO     | app.worker:process_document:81 - 
--- CHUNK ---
PAGE: 2
TYPE: text
 30 hours without ground intervention other than periodic command uplinks.
2. APPLICABLE DOCUMENTS
2.1 Government Documents. The following documents form a part of this specification to the extent specified herein.
In the event of conflict between the text of this specification and the references cited herein, the text of this specification
3. REQUIREMENTS
3.1 System Performance Requirements.
The Payload shall meet or exceed the performance values listed in Table 3-1 under the environmental conditions
defined in Section 3.5. All optical performance values are specified at the sensor aperture and include the effects of the
protective window and any internal relay optics.
Table 3-1. Key Performance Parameters
TS-2024-HALE-SENSOR-001 Rev C | Page 2
-------------
2026-08-21 16:41:21.346 | INFO     | app.worker:process_document:81 - 
--- CHUNK ---
PAGE: 3
TYPE: text
CUI // CONTROLLED UNCLASSIFIED INFORMATION CUI
3.1. nce
with the NATO STANAG 4347 methodology using a 50 % probability of detection (P_d) and a false-alarm rate not
-4
exceeding 10 per square kilometer searched per hour. Atmospheric transmission shall be modeled using MODTRAN
5 with a mid-latitude summer, 23 km visibility profile unless otherwise directed by the Government.
3.2 Interface Requirements.
3.2.1 Electrical Power. The Payload shall accept aircraft power conforming to MIL-STD-704F, Category A, 28 VDC
nominal. Inrush current shall not exceed 80 A for more than 50 ms. The power conditioning module shall provide
isolated outputs of +28 V, +15 V, - 15 V, and +5 V with ripple not exceeding 50 mV p-p.
3.2.2 Data Interfaces. Primary command and control shall be via dual redundant 1000BASE-T Ethernet ports
conforming to IEEE 802.3. Video streams shall be provided as ARINC 818-3 (Fibre Channel) at 3.1875 Gbps and as
compressed H.265 over Ethernet. A discrete discrete RS-422 serial channel shall be provided for legacy autopilot
health monitoring at 115 200 baud, 8N1.
3.2.3 Mechanical Interface. The turret shall mount to a Government-furnished hard-point using a 12-bolt pattern
defined in ICD-HALE-TURRET-07 Rev B. Maximum protrusion below the aircraft skin shall not exceed 420 mm.
Vibration isolators shall attenuate aircraft structure-borne vibration by a minimum of 20 dB above 50 Hz.
3.3 Reliability, Maintainability, and Availability.
The Payload Mean Time Between Critical Failures (MTBCF) shall be no less than 2
-------------
2026-08-21 16:41:21.346 | INFO     | app.worker:process_document:81 - 
--- CHUNK ---
PAGE: 3
TYPE: text
ate aircraft structure-borne vibration by a minimum of 20 dB above 50 Hz.
3.3 Reliability, Maintainability, and Availability.
The Payload Mean Time Between Critical Failures (MTBCF) shall be no less than 2 500 operating hours when
calculated in accordance with MIL-HDBK-217F, Part Stress Analysis, Ground Mobile environment, temperature 40 °C.
Mean Time To Repair (MTTR) at organizational level shall not exceed 45 minutes for any Line-Replaceable Unit (LRU).
Built-in-test (BIT) coverage shall detect at least 95 % of all mission-critical failures.
4. LOGISTICS AND PROVISIONING DATA
4.1 Bill of Materials – Critical Items. Table 4-1 lists the critical LRUs, subassemblies, and selected piece-parts
required for initial provisioning and two-year sustainment. Part numbers shown are the contractor’s internal
designators; corresponding National Stock Numbers (NSNs) will be assigned after first-article approval. Unit prices are
Rough-Order-of-Magnitude (ROM) estimates in Fiscal Year 2024 constant dollars and are provided for planning
purposes only.
TS-2024-HALE-SENSOR-001 Rev C | Page 3
-------------
2026-08-21 16:41:21.347 | INFO     | app.worker:process_document:81 - 
--- CHUNK ---
PAGE: 4
TYPE: text
CUI // CONTROLLED UNCLASSIFIED INFORMATION CUI
Contractors shall maintain configuration control of every item listed. Any change to form, fit, function, or part number
requires Government approval via an Engineering Change Proposal (ECP) prior to incorporation.
TS-2024-HALE-SENSOR-001 Rev C | Page 4
-------------
2026-08-21 16:41:21.348 | INFO     | app.worker:process_document:81 - 
--- CHUNK ---
PAGE: 5
TYPE: text
CUI // CONTROLLED UNCLASSIFIED INFORMATION CUI
Note: Items marked “N/A” under MTBF are non-electronic or consumable items for which a statistical failure rate is not
applicable. Cage Codes are fictional placeholders for document-generation purposes.
4.2 Recommended Initial Spares Allocation.
Based on the predicted failure rates and the planned annual flying-hour program of 2 400 hours per aircraft, the
following initial spares quantities are recommended for a five-aircraft fleet supporting two years of operations. Actual
quantities will be finalized during the Logistics Support Analysis (LSA) phase after First Article approval.
with MIL-STD-1388-2B (or equivalent GEIA-STD-0007) format within 90 days after First Article approval. The PPL shall
identify every item down to the piece-part level that is expected to be replaced during organizational or intermediate
maintenance.
TS-2024-HALE-SENSOR-001 Rev C | Page 5
-------------
2026-08-21 16:41:21.350 | INFO     | app.worker:process_document:81 - 
--- CHUNK ---
PAGE: 6
TYPE: text
CUI // CONTROLLED UNCLASSIFIED INFORMATION CUI
5. SOFTWARE AND FIRMWARE REQUIREMENTS
5.1 General. All software and firmware resident in the Payload shall be developed in accordance with a tailored
application of DO-178C DAL C for flight safety-related functions and DAL D for mission functions. The contractor shall
maintain a Software Configuration Index and deliver source code, build scripts, and executable images under the
Contract Data Requirements List (CDRL).
5.2 Operating System and Middleware. The Video Processing Unit shall run a real-time operating system (RTOS)
that provides deterministic scheduling with worst-case interrupt latency not exceeding 15 µs. Approved RTOS
candidates include VxWorks 7, Integrity-178, or Linux with PREEMPT_RT patch, subject to Government approval of
the safety case.
5.3 Cybersecurity. The Payload shall implement the cybersecurity controls identified in CBP-ARCH-2022-03 Appendix
D. At a minimum this includes: (a) mutual authentication of all Ethernet command links using certificates issued by the
CBP Public Key Infrastructure; (b) encryption of all video and telemetry streams using AES-256; (c) secure boot with
measured boot attestation; and (d) a hardware root of trust that prevents unauthorized firmware loading. The contractor
shall provide a System Security Plan (SSP) and perform a Security Assessment in accordance with NIST SP 800-53
Rev 5, moderate baseline.
5.4 Software Version Identification. Every executable load shall embed a unique version identifier that is readable via
the BIT interface and via a dedicated maintenance connector. The format shall be Major.Minor.Patch-Build (example:
3.2.1-0047). Field updates shall be possible via the Ethernet maintenance port without removing the Payload from the
aircraft.
6. ENVIRONMENTAL QUALIFICATION
The Payload shall be designed and qualified to the environmental conditions summarized in Table 
-------------
2026-08-21 16:41:21.351 | INFO     | app.worker:process_document:81 - 
--- CHUNK ---
PAGE: 6
TYPE: text
2.1-0047). Field updates shall be possible via the Ethernet maintenance port without removing the Payload from the
aircraft.
6. ENVIRONMENTAL QUALIFICATION
The Payload shall be designed and qualified to the environmental conditions summarized in Table 6-1. Qualification
testing shall follow the procedures of MIL-STD-810H and RTCA DO-160G as indicated. The contractor shall submit a
detailed Environmental Qualification Test Plan (EQTP) for Government approval not later than 60 days after contract
award.
temperature-altitude-humidity test profile representative of a 30-hour mission at 55 000 ft followed by rapid descent to
sea-level tropical conditions. The profile shall be agreed with the Government and documented in the EQTP.
7. VERIFICATION AND VALIDATION
7.1 Verification Methods. Each requirement in this specification shall be verified by one or more of the following
methods: Inspection (I), Analysis (A), Demonstration (D), or Test (T). The verification matrix in Table 7-1 allocates the
TS-2024-HALE-SENSOR-001 Rev C | Page 6
-------------
2026-08-21 16:41:21.353 | INFO     | app.worker:process_document:81 - 
--- CHUNK ---
PAGE: 7
TYPE: text
CUI // CONTROLLED UNCLASSIFIED INFORMATION CUI
primary method for selected critical requirements. A complete Verification Cross-Reference Matrix (VCRM) shall be
delivered as part of the Systems Engineering Management Plan.
7.2 First The FAT
shall include full functional performance verification against Table 3-1, environmental qualification per Table 6-1 (or
analysis where permitted), and electromagnetic compatibility testing. The Government reserves the right to witness all
FAT events.
7.3 Acceptance Test Procedure. Every production unit shall undergo an Acceptance Test Procedure (ATP) that
verifies critical performance parameters, BIT functionality, and interface compliance. The ATP shall be approved by the
Government prior to first use. A Certificate of Conformance (CoC) shall accompany each delivered unit.
8. QUALITY ASSURANCE PROVISIONS
8.1 Quality Management System. The contractor shall maintain a Quality Management System certified to SAE
AS9100D (or equivalent) and shall flow down applicable quality requirements to all subcontractors and suppliers of
critical items listed in Table 4-1.
8.2 Configuration Management. All design artifacts, software baselines, and manufacturing process documentation
shall be placed under formal configuration control. Changes affecting form, fit, function, or interfaces shall be submitted
as Engineering Change Proposals (ECPs) and require Government approval before implementation on deliverable
hardware.
8.3 Inspection and Audit Rights. The Government reserves the right to conduct quality audits, process reviews, and
source inspections at the contractor’s and major subcontractors’ facilities with five working days’ notice. The contractor
shall provide reasonable facilities and access to records.
9. PACKAGING, HANDLING, STORAGE, AND TRANSPORTABILITY
The Payload and all LRUs shall be packaged in reusable transit cases that protect against the storage environments
listed in Table 6-1. Cases shall include desiccant, humidity indicator cards, and shock
-------------
2026-08-21 16:41:21.353 | INFO     | app.worker:process_document:81 - 
--- CHUNK ---
PAGE: 7
TYPE: text
LING, STORAGE, AND TRANSPORTABILITY
The Payload and all LRUs shall be packaged in reusable transit cases that protect against the storage environments
listed in Table 6-1. Cases shall include desiccant, humidity indicator cards, and shock watches. The complete system
in its transit case shall not exceed 120 kg and shall be capable of being handled by a two-person lift team. Marking
shall comply with MIL-STD-129R. Each case shall be labeled with the part number, serial number, contract number,
and a unique barcode readable by standard CBP logistics systems.
10. NOTES
10.1 Intended Use. The Payload is intended for persistent wide-area surveillance in support of border security,
maritime domain awareness, and related homeland-security missions. It is not intended for use on manned aircraft
without additional certification.
TS-2024-HALE-SENSOR-001 Rev C | Page 7
-------------
2026-08-21 16:41:21.355 | INFO     | app.worker:process_document:81 - 
--- CHUNK ---
PAGE: 8
TYPE: text
CUI // CONTROLLED UNCLASSIFIED INFORMATION CUI
10.2 Definitions. For the purposes of this specification the following definitions apply: (a) Critical Failure – any failure
that prevents the Payload from performing its primary detection or geo-location function; (b) Organizational Level –
maintenance performed by Government or contractor personnel at the operating location using only the supplied tool
kit and spares; (c) CEP50 – Circular Error Probable, the radius of a circle centered on the true location that contains 50
% of the measured points; (d) NEdT – Noise Equivalent differential Temperature, a measure of thermal sensitivity of an
infrared sensor.
10.3 Revision History. Rev A – Initial release (12 Mar 2024). Rev B – Updated power and mass allocations; added
SWIR range requirement (28 May 2024). Rev C – Incorporated industry comments; expanded BOM table; added
software/cybersecurity section; clarified verification methods (15 Jul 2024).
10.4 Point of Contact. Technical questions regarding this specification should be directed to the Contracting Officer’s
Technical Representative (COTR) identified in the solicitation. Formal requests for clarification or deviation must be
submitted through the Contracting Officer.
— END OF DOCUMENT —
TS-2024-HALE-SENSOR-001 Rev C | Page intentionally left for footer
TS-2024-HALE-SENSOR-001 Rev C | Page 8
-------------
2026-08-21 17:01:08.777 | INFO     | app.main:on_startup:64 - Starting RAG Platform in development mode
2026-08-21 17:01:20.582 | INFO     | app.api.documents:delete_document:129 - Document and all related data (including scoped conversations) deleted by user1@user1.com: TS-2024-HALE-SENSOR-001_Technical_Specification.pdf
2026-08-21 17:01:28.667 | INFO     | app.api.documents:upload_document:49 - Document uploaded by user1@user1.com: TS-2024-HALE-SENSOR-001_Technical_Specification.pdf (DocumentType.general)
2026-08-21 17:01:28.743 | INFO     | app.worker:process_document:33 - Processing document: TS-2024-HALE-SENSOR-001_Technical_Specification.pdf (general)
2026-08-21 17:01:32.461 | INFO     | app.services.extraction_service:extract_pdf_content:220 - PDF extraction completed: 8 text pages, 8 tables
2026-08-21 17:01:32.462 | INFO     | app.worker:process_document:64 - Extracted 8 text pages and 8 tables from TS-2024-HALE-SENSOR-001_Technical_Specification.pdf
2026-08-21 17:01:32.463 | INFO     | app.worker:process_document:81 - 
--- CHUNK ---
PAGE: 1
TYPE: text
CUI // CONTROLLED UNCLASSIFIED INFORMATION CUI
DEPARTMENT OF HOMELAND SECURITY
Customs and Border Protection
Office of Acquisition
TECHNICAL SPECIFICATION
TS-2024-HALE-SENSOR-001
Multi-Band Electro-Optical / Infrared Sensor Payload Suite
for High-Altitude Long-Endurance Unmanned Aerial Systems
Document Number: TS-2024-HALE-SENSOR-001 Rev C
Effective Date: 15 July 2024
Classification: Controlled Unclassified Information (CUI)
Prepared by: CBP Systems Engineering Directorate
Contract Reference: HSCBP-24-C-00087 (Solicitation)
Distribution: Authorized Government and Contractor Personnel Only
This document establishes the technical requirements, interface definitions, performance parameters, environmental
qualification criteria, and logistics support data for the Multi-Band EO/IR Sensor Payload Suite intended for integration
on High-Altitude Long-Endurance (HALE) unmanned aerial systems supporting persistent border surveillance
missions.
WARNING: This document contains technical data whose export is restricted by the Arms Export Control Act (Title 22, U.S.C.,
Sec 2751 et seq.) or the Export Administration Act of 1979, as amended (Title 50, U.S.C., App. 2401 et seq.). Violations of
these export laws are subject to severe criminal penalties.
TS-2024-HALE-SENSOR-001 Rev C | Page 1
-------------
2026-08-21 17:01:32.464 | INFO     | app.worker:process_document:81 - 
--- CHUNK ---
PAGE: 2
TYPE: text
CUI // CONTROLLED UNCLASSIFIED INFORMATION CUI
1. SCOPE
1.1 Purpose. This Technical Specification (TS) defines the functional, performance, interface, environmental, and
logistics requirements for a Multi-Band Electro-Optical / Infrared (EO/IR) Sensor Payload Suite (hereafter “the
Payload”) suitable for installation on Government-furnished High-Altitude Long-Endurance Unmanned Aerial Systems
(HALE-UAS). The Payload shall provide day/night, all-weather detection, recognition, and identification capability
against personnel, vehicles, and low-observable maritime surface targets at stand-off ranges consistent with HALE
operating altitudes of 45,000 to 65,000 feet Mean Sea Level (MSL).
1.2 Applicability. This TS applies to all contractor deliverables under Solicitation HSCBP-24-C-00087 and any
subsequent production, sustainment, or modification contracts that reference this document. Compliance with every
shall-statement is mandatory unless a formal deviation or waiver has been approved in writing by the Contracting
Officer’s Technical Representative (COTR).
1.3 System Overview. The Payload consists of a stabilized multi-sensor turret, onboard processing unit, data-link
interface electronics, power conditioning module, and associated cabling and mounting hardware. The turret houses a
high-definition visible-band camera, a mid-wave infrared (MWIR) imager, a short-wave infrared (SWIR) imager, a laser
rangefinder / designator, and an inertial measurement unit (IMU) for geo-location. The system is required to operate
continuously for mission durations up to 30 hours without ground intervention other than periodic command uplinks.
2. APPLICABLE DOCUMENTS
2.1 Government Documents. The following documents form a part of this specification to the extent specified herein.
In the event of conflict between the text
-------------
2026-08-21 17:01:32.465 | INFO     | app.worker:process_document:81 - 
--- CHUNK ---
PAGE: 2
TYPE: text
 30 hours without ground intervention other than periodic command uplinks.
2. APPLICABLE DOCUMENTS
2.1 Government Documents. The following documents form a part of this specification to the extent specified herein.
In the event of conflict between the text of this specification and the references cited herein, the text of this specification
3. REQUIREMENTS
3.1 System Performance Requirements.
The Payload shall meet or exceed the performance values listed in Table 3-1 under the environmental conditions
defined in Section 3.5. All optical performance values are specified at the sensor aperture and include the effects of the
protective window and any internal relay optics.
Table 3-1. Key Performance Parameters
TS-2024-HALE-SENSOR-001 Rev C | Page 2
-------------
2026-08-21 17:01:32.466 | INFO     | app.worker:process_document:81 - 
--- CHUNK ---
PAGE: 3
TYPE: text
CUI // CONTROLLED UNCLASSIFIED INFORMATION CUI
3.1. nce
with the NATO STANAG 4347 methodology using a 50 % probability of detection (P_d) and a false-alarm rate not
-4
exceeding 10 per square kilometer searched per hour. Atmospheric transmission shall be modeled using MODTRAN
5 with a mid-latitude summer, 23 km visibility profile unless otherwise directed by the Government.
3.2 Interface Requirements.
3.2.1 Electrical Power. The Payload shall accept aircraft power conforming to MIL-STD-704F, Category A, 28 VDC
nominal. Inrush current shall not exceed 80 A for more than 50 ms. The power conditioning module shall provide
isolated outputs of +28 V, +15 V, - 15 V, and +5 V with ripple not exceeding 50 mV p-p.
3.2.2 Data Interfaces. Primary command and control shall be via dual redundant 1000BASE-T Ethernet ports
conforming to IEEE 802.3. Video streams shall be provided as ARINC 818-3 (Fibre Channel) at 3.1875 Gbps and as
compressed H.265 over Ethernet. A discrete discrete RS-422 serial channel shall be provided for legacy autopilot
health monitoring at 115 200 baud, 8N1.
3.2.3 Mechanical Interface. The turret shall mount to a Government-furnished hard-point using a 12-bolt pattern
defined in ICD-HALE-TURRET-07 Rev B. Maximum protrusion below the aircraft skin shall not exceed 420 mm.
Vibration isolators shall attenuate aircraft structure-borne vibration by a minimum of 20 dB above 50 Hz.
3.3 Reliability, Maintainability, and Availability.
The Payload Mean Time Between Critical Failures (MTBCF) shall be no less than 2
-------------
2026-08-21 17:01:32.467 | INFO     | app.worker:process_document:81 - 
--- CHUNK ---
PAGE: 3
TYPE: text
ate aircraft structure-borne vibration by a minimum of 20 dB above 50 Hz.
3.3 Reliability, Maintainability, and Availability.
The Payload Mean Time Between Critical Failures (MTBCF) shall be no less than 2 500 operating hours when
calculated in accordance with MIL-HDBK-217F, Part Stress Analysis, Ground Mobile environment, temperature 40 °C.
Mean Time To Repair (MTTR) at organizational level shall not exceed 45 minutes for any Line-Replaceable Unit (LRU).
Built-in-test (BIT) coverage shall detect at least 95 % of all mission-critical failures.
4. LOGISTICS AND PROVISIONING DATA
4.1 Bill of Materials – Critical Items. Table 4-1 lists the critical LRUs, subassemblies, and selected piece-parts
required for initial provisioning and two-year sustainment. Part numbers shown are the contractor’s internal
designators; corresponding National Stock Numbers (NSNs) will be assigned after first-article approval. Unit prices are
Rough-Order-of-Magnitude (ROM) estimates in Fiscal Year 2024 constant dollars and are provided for planning
purposes only.
TS-2024-HALE-SENSOR-001 Rev C | Page 3
-------------
2026-08-21 17:01:32.468 | INFO     | app.worker:process_document:81 - 
--- CHUNK ---
PAGE: 4
TYPE: text
CUI // CONTROLLED UNCLASSIFIED INFORMATION CUI
Contractors shall maintain configuration control of every item listed. Any change to form, fit, function, or part number
requires Government approval via an Engineering Change Proposal (ECP) prior to incorporation.
TS-2024-HALE-SENSOR-001 Rev C | Page 4
-------------
2026-08-21 17:01:32.470 | INFO     | app.worker:process_document:81 - 
--- CHUNK ---
PAGE: 5
TYPE: text
CUI // CONTROLLED UNCLASSIFIED INFORMATION CUI
Note: Items marked “N/A” under MTBF are non-electronic or consumable items for which a statistical failure rate is not
applicable. Cage Codes are fictional placeholders for document-generation purposes.
4.2 Recommended Initial Spares Allocation.
Based on the predicted failure rates and the planned annual flying-hour program of 2 400 hours per aircraft, the
following initial spares quantities are recommended for a five-aircraft fleet supporting two years of operations. Actual
quantities will be finalized during the Logistics Support Analysis (LSA) phase after First Article approval.
with MIL-STD-1388-2B (or equivalent GEIA-STD-0007) format within 90 days after First Article approval. The PPL shall
identify every item down to the piece-part level that is expected to be replaced during organizational or intermediate
maintenance.
TS-2024-HALE-SENSOR-001 Rev C | Page 5
-------------
2026-08-21 17:01:32.472 | INFO     | app.worker:process_document:81 - 
--- CHUNK ---
PAGE: 6
TYPE: text
CUI // CONTROLLED UNCLASSIFIED INFORMATION CUI
5. SOFTWARE AND FIRMWARE REQUIREMENTS
5.1 General. All software and firmware resident in the Payload shall be developed in accordance with a tailored
application of DO-178C DAL C for flight safety-related functions and DAL D for mission functions. The contractor shall
maintain a Software Configuration Index and deliver source code, build scripts, and executable images under the
Contract Data Requirements List (CDRL).
5.2 Operating System and Middleware. The Video Processing Unit shall run a real-time operating system (RTOS)
that provides deterministic scheduling with worst-case interrupt latency not exceeding 15 µs. Approved RTOS
candidates include VxWorks 7, Integrity-178, or Linux with PREEMPT_RT patch, subject to Government approval of
the safety case.
5.3 Cybersecurity. The Payload shall implement the cybersecurity controls identified in CBP-ARCH-2022-03 Appendix
D. At a minimum this includes: (a) mutual authentication of all Ethernet command links using certificates issued by the
CBP Public Key Infrastructure; (b) encryption of all video and telemetry streams using AES-256; (c) secure boot with
measured boot attestation; and (d) a hardware root of trust that prevents unauthorized firmware loading. The contractor
shall provide a System Security Plan (SSP) and perform a Security Assessment in accordance with NIST SP 800-53
Rev 5, moderate baseline.
5.4 Software Version Identification. Every executable load shall embed a unique version identifier that is readable via
the BIT interface and via a dedicated maintenance connector. The format shall be Major.Minor.Patch-Build (example:
3.2.1-0047). Field updates shall be possible via the Ethernet maintenance port without removing the Payload from the
aircraft.
6. ENVIRONMENTAL QUALIFICATION
The Payload shall be designed and qualified to the environmental conditions summarized in Table 
-------------
2026-08-21 17:01:32.472 | INFO     | app.worker:process_document:81 - 
--- CHUNK ---
PAGE: 6
TYPE: text
2.1-0047). Field updates shall be possible via the Ethernet maintenance port without removing the Payload from the
aircraft.
6. ENVIRONMENTAL QUALIFICATION
The Payload shall be designed and qualified to the environmental conditions summarized in Table 6-1. Qualification
testing shall follow the procedures of MIL-STD-810H and RTCA DO-160G as indicated. The contractor shall submit a
detailed Environmental Qualification Test Plan (EQTP) for Government approval not later than 60 days after contract
award.
temperature-altitude-humidity test profile representative of a 30-hour mission at 55 000 ft followed by rapid descent to
sea-level tropical conditions. The profile shall be agreed with the Government and documented in the EQTP.
7. VERIFICATION AND VALIDATION
7.1 Verification Methods. Each requirement in this specification shall be verified by one or more of the following
methods: Inspection (I), Analysis (A), Demonstration (D), or Test (T). The verification matrix in Table 7-1 allocates the
TS-2024-HALE-SENSOR-001 Rev C | Page 6
-------------
2026-08-21 17:01:32.475 | INFO     | app.worker:process_document:81 - 
--- CHUNK ---
PAGE: 7
TYPE: text
CUI // CONTROLLED UNCLASSIFIED INFORMATION CUI
primary method for selected critical requirements. A complete Verification Cross-Reference Matrix (VCRM) shall be
delivered as part of the Systems Engineering Management Plan.
7.2 First The FAT
shall include full functional performance verification against Table 3-1, environmental qualification per Table 6-1 (or
analysis where permitted), and electromagnetic compatibility testing. The Government reserves the right to witness all
FAT events.
7.3 Acceptance Test Procedure. Every production unit shall undergo an Acceptance Test Procedure (ATP) that
verifies critical performance parameters, BIT functionality, and interface compliance. The ATP shall be approved by the
Government prior to first use. A Certificate of Conformance (CoC) shall accompany each delivered unit.
8. QUALITY ASSURANCE PROVISIONS
8.1 Quality Management System. The contractor shall maintain a Quality Management System certified to SAE
AS9100D (or equivalent) and shall flow down applicable quality requirements to all subcontractors and suppliers of
critical items listed in Table 4-1.
8.2 Configuration Management. All design artifacts, software baselines, and manufacturing process documentation
shall be placed under formal configuration control. Changes affecting form, fit, function, or interfaces shall be submitted
as Engineering Change Proposals (ECPs) and require Government approval before implementation on deliverable
hardware.
8.3 Inspection and Audit Rights. The Government reserves the right to conduct quality audits, process reviews, and
source inspections at the contractor’s and major subcontractors’ facilities with five working days’ notice. The contractor
shall provide reasonable facilities and access to records.
9. PACKAGING, HANDLING, STORAGE, AND TRANSPORTABILITY
The Payload and all LRUs shall be packaged in reusable transit cases that protect against the storage environments
listed in Table 6-1. Cases shall include desiccant, humidity indicator cards, and shock
-------------
2026-08-21 17:01:32.475 | INFO     | app.worker:process_document:81 - 
--- CHUNK ---
PAGE: 7
TYPE: text
LING, STORAGE, AND TRANSPORTABILITY
The Payload and all LRUs shall be packaged in reusable transit cases that protect against the storage environments
listed in Table 6-1. Cases shall include desiccant, humidity indicator cards, and shock watches. The complete system
in its transit case shall not exceed 120 kg and shall be capable of being handled by a two-person lift team. Marking
shall comply with MIL-STD-129R. Each case shall be labeled with the part number, serial number, contract number,
and a unique barcode readable by standard CBP logistics systems.
10. NOTES
10.1 Intended Use. The Payload is intended for persistent wide-area surveillance in support of border security,
maritime domain awareness, and related homeland-security missions. It is not intended for use on manned aircraft
without additional certification.
TS-2024-HALE-SENSOR-001 Rev C | Page 7
-------------
2026-08-21 17:01:32.477 | INFO     | app.worker:process_document:81 - 
--- CHUNK ---
PAGE: 8
TYPE: text
CUI // CONTROLLED UNCLASSIFIED INFORMATION CUI
10.2 Definitions. For the purposes of this specification the following definitions apply: (a) Critical Failure – any failure
that prevents the Payload from performing its primary detection or geo-location function; (b) Organizational Level –
maintenance performed by Government or contractor personnel at the operating location using only the supplied tool
kit and spares; (c) CEP50 – Circular Error Probable, the radius of a circle centered on the true location that contains 50
% of the measured points; (d) NEdT – Noise Equivalent differential Temperature, a measure of thermal sensitivity of an
infrared sensor.
10.3 Revision History. Rev A – Initial release (12 Mar 2024). Rev B – Updated power and mass allocations; added
SWIR range requirement (28 May 2024). Rev C – Incorporated industry comments; expanded BOM table; added
software/cybersecurity section; clarified verification methods (15 Jul 2024).
10.4 Point of Contact. Technical questions regarding this specification should be directed to the Contracting Officer’s
Technical Representative (COTR) identified in the solicitation. Formal requests for clarification or deviation must be
submitted through the Contracting Officer.
— END OF DOCUMENT —
TS-2024-HALE-SENSOR-001 Rev C | Page intentionally left for footer
TS-2024-HALE-SENSOR-001 Rev C | Page 8
-------------
2026-08-21 17:02:18.815 | INFO     | app.main:on_startup:64 - Starting RAG Platform in development mode
2026-08-21 17:02:19.023 | INFO     | app.api.documents:delete_document:129 - Document and all related data (including scoped conversations) deleted by user1@user1.com: TS-2024-HALE-SENSOR-001_Technical_Specification.pdf
2026-08-21 17:02:30.742 | INFO     | app.api.documents:upload_document:49 - Document uploaded by user1@user1.com: TS-2024-HALE-SENSOR-001_Technical_Specification.pdf (DocumentType.general)
2026-08-21 17:02:30.993 | INFO     | app.worker:process_document:33 - Processing document: TS-2024-HALE-SENSOR-001_Technical_Specification.pdf (general)
2026-08-21 17:02:34.467 | INFO     | app.services.extraction_service:extract_pdf_content:220 - PDF extraction completed: 8 text pages, 8 tables
2026-08-21 17:02:34.468 | INFO     | app.worker:process_document:64 - Extracted 8 text pages and 8 tables from TS-2024-HALE-SENSOR-001_Technical_Specification.pdf
2026-08-21 17:02:34.469 | INFO     | app.worker:process_document:81 - 
--- CHUNK ---
PAGE: 1
TYPE: text
CUI // CONTROLLED UNCLASSIFIED INFORMATION CUI
DEPARTMENT OF HOMELAND SECURITY
Customs and Border Protection
Office of Acquisition
TECHNICAL SPECIFICATION
TS-2024-HALE-SENSOR-001
Multi-Band Electro-Optical / Infrared Sensor Payload Suite
for High-Altitude Long-Endurance Unmanned Aerial Systems
Document Number: TS-2024-HALE-SENSOR-001 Rev C
Effective Date: 15 July 2024
Classification: Controlled Unclassified Information (CUI)
Prepared by: CBP Systems Engineering Directorate
Contract Reference: HSCBP-24-C-00087 (Solicitation)
Distribution: Authorized Government and Contractor Personnel Only
This document establishes the technical requirements, interface definitions, performance parameters, environmental
qualification criteria, and logistics support data for the Multi-Band EO/IR Sensor Payload Suite intended for integration
on High-Altitude Long-Endurance (HALE) unmanned aerial systems supporting persistent border surveillance
missions.
WARNING: This document contains technical data whose export is restricted by the Arms Export Control Act (Title 22, U.S.C.,
Sec 2751 et seq.) or the Export Administration Act of 1979, as amended (Title 50, U.S.C., App. 2401 et seq.). Violations of
these export laws are subject to severe criminal penalties.
TS-2024-HALE-SENSOR-001 Rev C | Page 1
-------------
2026-08-21 17:02:34.471 | INFO     | app.worker:process_document:81 - 
--- CHUNK ---
PAGE: 2
TYPE: text
CUI // CONTROLLED UNCLASSIFIED INFORMATION CUI
1. SCOPE
1.1 Purpose. This Technical Specification (TS) defines the functional, performance, interface, environmental, and
logistics requirements for a Multi-Band Electro-Optical / Infrared (EO/IR) Sensor Payload Suite (hereafter “the
Payload”) suitable for installation on Government-furnished High-Altitude Long-Endurance Unmanned Aerial Systems
(HALE-UAS). The Payload shall provide day/night, all-weather detection, recognition, and identification capability
against personnel, vehicles, and low-observable maritime surface targets at stand-off ranges consistent with HALE
operating altitudes of 45,000 to 65,000 feet Mean Sea Level (MSL).
1.2 Applicability. This TS applies to all contractor deliverables under Solicitation HSCBP-24-C-00087 and any
subsequent production, sustainment, or modification contracts that reference this document. Compliance with every
shall-statement is mandatory unless a formal deviation or waiver has been approved in writing by the Contracting
Officer’s Technical Representative (COTR).
1.3 System Overview. The Payload consists of a stabilized multi-sensor turret, onboard processing unit, data-link
interface electronics, power conditioning module, and associated cabling and mounting hardware. The turret houses a
high-definition visible-band camera, a mid-wave infrared (MWIR) imager, a short-wave infrared (SWIR) imager, a laser
rangefinder / designator, and an inertial measurement unit (IMU) for geo-location. The system is required to operate
continuously for mission durations up to 30 hours without ground intervention other than periodic command uplinks.
2. APPLICABLE DOCUMENTS
2.1 Government Documents. The following documents form a part of this specification to the extent specified herein.
In the event of conflict between the text
-------------
2026-08-21 17:02:34.471 | INFO     | app.worker:process_document:81 - 
--- CHUNK ---
PAGE: 2
TYPE: text
 30 hours without ground intervention other than periodic command uplinks.
2. APPLICABLE DOCUMENTS
2.1 Government Documents. The following documents form a part of this specification to the extent specified herein.
In the event of conflict between the text of this specification and the references cited herein, the text of this specification
3. REQUIREMENTS
3.1 System Performance Requirements.
The Payload shall meet or exceed the performance values listed in Table 3-1 under the environmental conditions
defined in Section 3.5. All optical performance values are specified at the sensor aperture and include the effects of the
protective window and any internal relay optics.
Table 3-1. Key Performance Parameters
TS-2024-HALE-SENSOR-001 Rev C | Page 2
-------------
2026-08-21 17:02:34.472 | INFO     | app.worker:process_document:81 - 
--- CHUNK ---
PAGE: 3
TYPE: text
CUI // CONTROLLED UNCLASSIFIED INFORMATION CUI
3.1. nce
with the NATO STANAG 4347 methodology using a 50 % probability of detection (P_d) and a false-alarm rate not
-4
exceeding 10 per square kilometer searched per hour. Atmospheric transmission shall be modeled using MODTRAN
5 with a mid-latitude summer, 23 km visibility profile unless otherwise directed by the Government.
3.2 Interface Requirements.
3.2.1 Electrical Power. The Payload shall accept aircraft power conforming to MIL-STD-704F, Category A, 28 VDC
nominal. Inrush current shall not exceed 80 A for more than 50 ms. The power conditioning module shall provide
isolated outputs of +28 V, +15 V, - 15 V, and +5 V with ripple not exceeding 50 mV p-p.
3.2.2 Data Interfaces. Primary command and control shall be via dual redundant 1000BASE-T Ethernet ports
conforming to IEEE 802.3. Video streams shall be provided as ARINC 818-3 (Fibre Channel) at 3.1875 Gbps and as
compressed H.265 over Ethernet. A discrete discrete RS-422 serial channel shall be provided for legacy autopilot
health monitoring at 115 200 baud, 8N1.
3.2.3 Mechanical Interface. The turret shall mount to a Government-furnished hard-point using a 12-bolt pattern
defined in ICD-HALE-TURRET-07 Rev B. Maximum protrusion below the aircraft skin shall not exceed 420 mm.
Vibration isolators shall attenuate aircraft structure-borne vibration by a minimum of 20 dB above 50 Hz.
3.3 Reliability, Maintainability, and Availability.
The Payload Mean Time Between Critical Failures (MTBCF) shall be no less than 2
-------------
2026-08-21 17:02:34.473 | INFO     | app.worker:process_document:81 - 
--- CHUNK ---
PAGE: 3
TYPE: text
ate aircraft structure-borne vibration by a minimum of 20 dB above 50 Hz.
3.3 Reliability, Maintainability, and Availability.
The Payload Mean Time Between Critical Failures (MTBCF) shall be no less than 2 500 operating hours when
calculated in accordance with MIL-HDBK-217F, Part Stress Analysis, Ground Mobile environment, temperature 40 °C.
Mean Time To Repair (MTTR) at organizational level shall not exceed 45 minutes for any Line-Replaceable Unit (LRU).
Built-in-test (BIT) coverage shall detect at least 95 % of all mission-critical failures.
4. LOGISTICS AND PROVISIONING DATA
4.1 Bill of Materials – Critical Items. Table 4-1 lists the critical LRUs, subassemblies, and selected piece-parts
required for initial provisioning and two-year sustainment. Part numbers shown are the contractor’s internal
designators; corresponding National Stock Numbers (NSNs) will be assigned after first-article approval. Unit prices are
Rough-Order-of-Magnitude (ROM) estimates in Fiscal Year 2024 constant dollars and are provided for planning
purposes only.
TS-2024-HALE-SENSOR-001 Rev C | Page 3
-------------
2026-08-21 17:02:34.474 | INFO     | app.worker:process_document:81 - 
--- CHUNK ---
PAGE: 4
TYPE: text
CUI // CONTROLLED UNCLASSIFIED INFORMATION CUI
Contractors shall maintain configuration control of every item listed. Any change to form, fit, function, or part number
requires Government approval via an Engineering Change Proposal (ECP) prior to incorporation.
TS-2024-HALE-SENSOR-001 Rev C | Page 4
-------------
2026-08-21 17:02:34.476 | INFO     | app.worker:process_document:81 - 
--- CHUNK ---
PAGE: 5
TYPE: text
CUI // CONTROLLED UNCLASSIFIED INFORMATION CUI
Note: Items marked “N/A” under MTBF are non-electronic or consumable items for which a statistical failure rate is not
applicable. Cage Codes are fictional placeholders for document-generation purposes.
4.2 Recommended Initial Spares Allocation.
Based on the predicted failure rates and the planned annual flying-hour program of 2 400 hours per aircraft, the
following initial spares quantities are recommended for a five-aircraft fleet supporting two years of operations. Actual
quantities will be finalized during the Logistics Support Analysis (LSA) phase after First Article approval.
with MIL-STD-1388-2B (or equivalent GEIA-STD-0007) format within 90 days after First Article approval. The PPL shall
identify every item down to the piece-part level that is expected to be replaced during organizational or intermediate
maintenance.
TS-2024-HALE-SENSOR-001 Rev C | Page 5
-------------
2026-08-21 17:02:34.478 | INFO     | app.worker:process_document:81 - 
--- CHUNK ---
PAGE: 6
TYPE: text
CUI // CONTROLLED UNCLASSIFIED INFORMATION CUI
5. SOFTWARE AND FIRMWARE REQUIREMENTS
5.1 General. All software and firmware resident in the Payload shall be developed in accordance with a tailored
application of DO-178C DAL C for flight safety-related functions and DAL D for mission functions. The contractor shall
maintain a Software Configuration Index and deliver source code, build scripts, and executable images under the
Contract Data Requirements List (CDRL).
5.2 Operating System and Middleware. The Video Processing Unit shall run a real-time operating system (RTOS)
that provides deterministic scheduling with worst-case interrupt latency not exceeding 15 µs. Approved RTOS
candidates include VxWorks 7, Integrity-178, or Linux with PREEMPT_RT patch, subject to Government approval of
the safety case.
5.3 Cybersecurity. The Payload shall implement the cybersecurity controls identified in CBP-ARCH-2022-03 Appendix
D. At a minimum this includes: (a) mutual authentication of all Ethernet command links using certificates issued by the
CBP Public Key Infrastructure; (b) encryption of all video and telemetry streams using AES-256; (c) secure boot with
measured boot attestation; and (d) a hardware root of trust that prevents unauthorized firmware loading. The contractor
shall provide a System Security Plan (SSP) and perform a Security Assessment in accordance with NIST SP 800-53
Rev 5, moderate baseline.
5.4 Software Version Identification. Every executable load shall embed a unique version identifier that is readable via
the BIT interface and via a dedicated maintenance connector. The format shall be Major.Minor.Patch-Build (example:
3.2.1-0047). Field updates shall be possible via the Ethernet maintenance port without removing the Payload from the
aircraft.
6. ENVIRONMENTAL QUALIFICATION
The Payload shall be designed and qualified to the environmental conditions summarized in Table 
-------------
2026-08-21 17:02:34.479 | INFO     | app.worker:process_document:81 - 
--- CHUNK ---
PAGE: 6
TYPE: text
2.1-0047). Field updates shall be possible via the Ethernet maintenance port without removing the Payload from the
aircraft.
6. ENVIRONMENTAL QUALIFICATION
The Payload shall be designed and qualified to the environmental conditions summarized in Table 6-1. Qualification
testing shall follow the procedures of MIL-STD-810H and RTCA DO-160G as indicated. The contractor shall submit a
detailed Environmental Qualification Test Plan (EQTP) for Government approval not later than 60 days after contract
award.
temperature-altitude-humidity test profile representative of a 30-hour mission at 55 000 ft followed by rapid descent to
sea-level tropical conditions. The profile shall be agreed with the Government and documented in the EQTP.
7. VERIFICATION AND VALIDATION
7.1 Verification Methods. Each requirement in this specification shall be verified by one or more of the following
methods: Inspection (I), Analysis (A), Demonstration (D), or Test (T). The verification matrix in Table 7-1 allocates the
TS-2024-HALE-SENSOR-001 Rev C | Page 6
-------------
2026-08-21 17:02:34.481 | INFO     | app.worker:process_document:81 - 
--- CHUNK ---
PAGE: 7
TYPE: text
CUI // CONTROLLED UNCLASSIFIED INFORMATION CUI
primary method for selected critical requirements. A complete Verification Cross-Reference Matrix (VCRM) shall be
delivered as part of the Systems Engineering Management Plan.
7.2 First The FAT
shall include full functional performance verification against Table 3-1, environmental qualification per Table 6-1 (or
analysis where permitted), and electromagnetic compatibility testing. The Government reserves the right to witness all
FAT events.
7.3 Acceptance Test Procedure. Every production unit shall undergo an Acceptance Test Procedure (ATP) that
verifies critical performance parameters, BIT functionality, and interface compliance. The ATP shall be approved by the
Government prior to first use. A Certificate of Conformance (CoC) shall accompany each delivered unit.
8. QUALITY ASSURANCE PROVISIONS
8.1 Quality Management System. The contractor shall maintain a Quality Management System certified to SAE
AS9100D (or equivalent) and shall flow down applicable quality requirements to all subcontractors and suppliers of
critical items listed in Table 4-1.
8.2 Configuration Management. All design artifacts, software baselines, and manufacturing process documentation
shall be placed under formal configuration control. Changes affecting form, fit, function, or interfaces shall be submitted
as Engineering Change Proposals (ECPs) and require Government approval before implementation on deliverable
hardware.
8.3 Inspection and Audit Rights. The Government reserves the right to conduct quality audits, process reviews, and
source inspections at the contractor’s and major subcontractors’ facilities with five working days’ notice. The contractor
shall provide reasonable facilities and access to records.
9. PACKAGING, HANDLING, STORAGE, AND TRANSPORTABILITY
The Payload and all LRUs shall be packaged in reusable transit cases that protect against the storage environments
listed in Table 6-1. Cases shall include desiccant, humidity indicator cards, and shock
-------------
2026-08-21 17:02:34.482 | INFO     | app.worker:process_document:81 - 
--- CHUNK ---
PAGE: 7
TYPE: text
LING, STORAGE, AND TRANSPORTABILITY
The Payload and all LRUs shall be packaged in reusable transit cases that protect against the storage environments
listed in Table 6-1. Cases shall include desiccant, humidity indicator cards, and shock watches. The complete system
in its transit case shall not exceed 120 kg and shall be capable of being handled by a two-person lift team. Marking
shall comply with MIL-STD-129R. Each case shall be labeled with the part number, serial number, contract number,
and a unique barcode readable by standard CBP logistics systems.
10. NOTES
10.1 Intended Use. The Payload is intended for persistent wide-area surveillance in support of border security,
maritime domain awareness, and related homeland-security missions. It is not intended for use on manned aircraft
without additional certification.
TS-2024-HALE-SENSOR-001 Rev C | Page 7
-------------
2026-08-21 17:02:34.483 | INFO     | app.worker:process_document:81 - 
--- CHUNK ---
PAGE: 8
TYPE: text
CUI // CONTROLLED UNCLASSIFIED INFORMATION CUI
10.2 Definitions. For the purposes of this specification the following definitions apply: (a) Critical Failure – any failure
that prevents the Payload from performing its primary detection or geo-location function; (b) Organizational Level –
maintenance performed by Government or contractor personnel at the operating location using only the supplied tool
kit and spares; (c) CEP50 – Circular Error Probable, the radius of a circle centered on the true location that contains 50
% of the measured points; (d) NEdT – Noise Equivalent differential Temperature, a measure of thermal sensitivity of an
infrared sensor.
10.3 Revision History. Rev A – Initial release (12 Mar 2024). Rev B – Updated power and mass allocations; added
SWIR range requirement (28 May 2024). Rev C – Incorporated industry comments; expanded BOM table; added
software/cybersecurity section; clarified verification methods (15 Jul 2024).
10.4 Point of Contact. Technical questions regarding this specification should be directed to the Contracting Officer’s
Technical Representative (COTR) identified in the solicitation. Formal requests for clarification or deviation must be
submitted through the Contracting Officer.
— END OF DOCUMENT —
TS-2024-HALE-SENSOR-001 Rev C | Page intentionally left for footer
TS-2024-HALE-SENSOR-001 Rev C | Page 8
-------------
2026-08-21 17:06:59.184 | INFO     | app.main:on_startup:64 - Starting RAG Platform in development mode
2026-08-21 17:07:14.640 | INFO     | app.main:on_startup:64 - Starting RAG Platform in development mode
2026-08-21 17:07:25.709 | INFO     | app.api.documents:delete_document:129 - Document and all related data (including scoped conversations) deleted by user1@user1.com: TS-2024-HALE-SENSOR-001_Technical_Specification.pdf
2026-08-21 17:07:37.327 | INFO     | app.api.documents:upload_document:49 - Document uploaded by user1@user1.com: TS-2024-HALE-SENSOR-001_Technical_Specification.pdf (DocumentType.general)
2026-08-21 17:07:37.582 | INFO     | app.worker:process_document:33 - Processing document: TS-2024-HALE-SENSOR-001_Technical_Specification.pdf (general)
2026-08-21 17:07:41.812 | INFO     | app.services.extraction_service:extract_pdf_content:220 - PDF extraction completed: 8 text pages, 8 tables
2026-08-21 17:07:41.813 | INFO     | app.worker:process_document:64 - Extracted 8 text pages and 8 tables from TS-2024-HALE-SENSOR-001_Technical_Specification.pdf
2026-08-21 17:07:41.815 | INFO     | app.worker:process_document:81 - 
--- CHUNK ---
PAGE: 1
TYPE: text
CUI // CONTROLLED UNCLASSIFIED INFORMATION CUI
DEPARTMENT OF HOMELAND SECURITY
Customs and Border Protection
Office of Acquisition
TECHNICAL SPECIFICATION
TS-2024-HALE-SENSOR-001
Multi-Band Electro-Optical / Infrared Sensor Payload Suite
for High-Altitude Long-Endurance Unmanned Aerial Systems
Document Number: TS-2024-HALE-SENSOR-001 Rev C
Effective Date: 15 July 2024
Classification: Controlled Unclassified Information (CUI)
Prepared by: CBP Systems Engineering Directorate
Contract Reference: HSCBP-24-C-00087 (Solicitation)
Distribution: Authorized Government and Contractor Personnel Only
This document establishes the technical requirements, interface definitions, performance parameters, environmental
qualification criteria, and logistics support data for the Multi-Band EO/IR Sensor Payload Suite intended for integration
on High-Altitude Long-Endurance (HALE) unmanned aerial systems supporting persistent border surveillance
missions.
WARNING: This document contains technical data whose export is restricted by the Arms Export Control Act (Title 22, U.S.C.,
Sec 2751 et seq.) or the Export Administration Act of 1979, as amended (Title 50, U.S.C., App. 2401 et seq.). Violations of
these export laws are subject to severe criminal penalties.
TS-2024-HALE-SENSOR-001 Rev C | Page 1
-------------
2026-08-21 17:07:41.819 | INFO     | app.worker:process_document:81 - 
--- CHUNK ---
PAGE: 2
TYPE: text
CUI // CONTROLLED UNCLASSIFIED INFORMATION CUI
1. SCOPE
1.1 Purpose. This Technical Specification (TS) defines the functional, performance, interface, environmental, and
logistics requirements for a Multi-Band Electro-Optical / Infrared (EO/IR) Sensor Payload Suite (hereafter “the
Payload”) suitable for installation on Government-furnished High-Altitude Long-Endurance Unmanned Aerial Systems
(HALE-UAS). The Payload shall provide day/night, all-weather detection, recognition, and identification capability
against personnel, vehicles, and low-observable maritime surface targets at stand-off ranges consistent with HALE
operating altitudes of 45,000 to 65,000 feet Mean Sea Level (MSL).
1.2 Applicability. This TS applies to all contractor deliverables under Solicitation HSCBP-24-C-00087 and any
subsequent production, sustainment, or modification contracts that reference this document. Compliance with every
shall-statement is mandatory unless a formal deviation or waiver has been approved in writing by the Contracting
Officer’s Technical Representative (COTR).
1.3 System Overview. The Payload consists of a stabilized multi-sensor turret, onboard processing unit, data-link
interface electronics, power conditioning module, and associated cabling and mounting hardware. The turret houses a
high-definition visible-band camera, a mid-wave infrared (MWIR) imager, a short-wave infrared (SWIR) imager, a laser
rangefinder / designator, and an inertial measurement unit (IMU) for geo-location. The system is required to operate
continuously for mission durations up to 30 hours without ground intervention other than periodic command uplinks.
2. APPLICABLE DOCUMENTS
2.1 Government Documents. The following documents form a part of this specification to the extent specified herein.
In the event of conflict between the text
-------------
2026-08-21 17:07:41.824 | INFO     | app.worker:process_document:81 - 
--- CHUNK ---
PAGE: 2
TYPE: text
 30 hours without ground intervention other than periodic command uplinks.
2. APPLICABLE DOCUMENTS
2.1 Government Documents. The following documents form a part of this specification to the extent specified herein.
In the event of conflict between the text of this specification and the references cited herein, the text of this specification
3. REQUIREMENTS
3.1 System Performance Requirements.
The Payload shall meet or exceed the performance values listed in Table 3-1 under the environmental conditions
defined in Section 3.5. All optical performance values are specified at the sensor aperture and include the effects of the
protective window and any internal relay optics.
Table 3-1. Key Performance Parameters
TS-2024-HALE-SENSOR-001 Rev C | Page 2
-------------
2026-08-21 17:07:41.841 | INFO     | app.worker:process_document:81 - 
--- CHUNK ---
PAGE: 3
TYPE: text
CUI // CONTROLLED UNCLASSIFIED INFORMATION CUI
3.1. nce
with the NATO STANAG 4347 methodology using a 50 % probability of detection (P_d) and a false-alarm rate not
-4
exceeding 10 per square kilometer searched per hour. Atmospheric transmission shall be modeled using MODTRAN
5 with a mid-latitude summer, 23 km visibility profile unless otherwise directed by the Government.
3.2 Interface Requirements.
3.2.1 Electrical Power. The Payload shall accept aircraft power conforming to MIL-STD-704F, Category A, 28 VDC
nominal. Inrush current shall not exceed 80 A for more than 50 ms. The power conditioning module shall provide
isolated outputs of +28 V, +15 V, - 15 V, and +5 V with ripple not exceeding 50 mV p-p.
3.2.2 Data Interfaces. Primary command and control shall be via dual redundant 1000BASE-T Ethernet ports
conforming to IEEE 802.3. Video streams shall be provided as ARINC 818-3 (Fibre Channel) at 3.1875 Gbps and as
compressed H.265 over Ethernet. A discrete discrete RS-422 serial channel shall be provided for legacy autopilot
health monitoring at 115 200 baud, 8N1.
3.2.3 Mechanical Interface. The turret shall mount to a Government-furnished hard-point using a 12-bolt pattern
defined in ICD-HALE-TURRET-07 Rev B. Maximum protrusion below the aircraft skin shall not exceed 420 mm.
Vibration isolators shall attenuate aircraft structure-borne vibration by a minimum of 20 dB above 50 Hz.
3.3 Reliability, Maintainability, and Availability.
The Payload Mean Time Between Critical Failures (MTBCF) shall be no less than 2
-------------
2026-08-21 17:07:41.842 | INFO     | app.worker:process_document:81 - 
--- CHUNK ---
PAGE: 3
TYPE: text
ate aircraft structure-borne vibration by a minimum of 20 dB above 50 Hz.
3.3 Reliability, Maintainability, and Availability.
The Payload Mean Time Between Critical Failures (MTBCF) shall be no less than 2 500 operating hours when
calculated in accordance with MIL-HDBK-217F, Part Stress Analysis, Ground Mobile environment, temperature 40 °C.
Mean Time To Repair (MTTR) at organizational level shall not exceed 45 minutes for any Line-Replaceable Unit (LRU).
Built-in-test (BIT) coverage shall detect at least 95 % of all mission-critical failures.
4. LOGISTICS AND PROVISIONING DATA
4.1 Bill of Materials – Critical Items. Table 4-1 lists the critical LRUs, subassemblies, and selected piece-parts
required for initial provisioning and two-year sustainment. Part numbers shown are the contractor’s internal
designators; corresponding National Stock Numbers (NSNs) will be assigned after first-article approval. Unit prices are
Rough-Order-of-Magnitude (ROM) estimates in Fiscal Year 2024 constant dollars and are provided for planning
purposes only.
TS-2024-HALE-SENSOR-001 Rev C | Page 3
-------------
2026-08-21 17:07:41.844 | INFO     | app.worker:process_document:81 - 
--- CHUNK ---
PAGE: 4
TYPE: text
CUI // CONTROLLED UNCLASSIFIED INFORMATION CUI
Contractors shall maintain configuration control of every item listed. Any change to form, fit, function, or part number
requires Government approval via an Engineering Change Proposal (ECP) prior to incorporation.
TS-2024-HALE-SENSOR-001 Rev C | Page 4
-------------
2026-08-21 17:07:41.846 | INFO     | app.worker:process_document:81 - 
--- CHUNK ---
PAGE: 5
TYPE: text
CUI // CONTROLLED UNCLASSIFIED INFORMATION CUI
Note: Items marked “N/A” under MTBF are non-electronic or consumable items for which a statistical failure rate is not
applicable. Cage Codes are fictional placeholders for document-generation purposes.
4.2 Recommended Initial Spares Allocation.
Based on the predicted failure rates and the planned annual flying-hour program of 2 400 hours per aircraft, the
following initial spares quantities are recommended for a five-aircraft fleet supporting two years of operations. Actual
quantities will be finalized during the Logistics Support Analysis (LSA) phase after First Article approval.
with MIL-STD-1388-2B (or equivalent GEIA-STD-0007) format within 90 days after First Article approval. The PPL shall
identify every item down to the piece-part level that is expected to be replaced during organizational or intermediate
maintenance.
TS-2024-HALE-SENSOR-001 Rev C | Page 5
-------------
2026-08-21 17:07:41.848 | INFO     | app.worker:process_document:81 - 
--- CHUNK ---
PAGE: 6
TYPE: text
CUI // CONTROLLED UNCLASSIFIED INFORMATION CUI
5. SOFTWARE AND FIRMWARE REQUIREMENTS
5.1 General. All software and firmware resident in the Payload shall be developed in accordance with a tailored
application of DO-178C DAL C for flight safety-related functions and DAL D for mission functions. The contractor shall
maintain a Software Configuration Index and deliver source code, build scripts, and executable images under the
Contract Data Requirements List (CDRL).
5.2 Operating System and Middleware. The Video Processing Unit shall run a real-time operating system (RTOS)
that provides deterministic scheduling with worst-case interrupt latency not exceeding 15 µs. Approved RTOS
candidates include VxWorks 7, Integrity-178, or Linux with PREEMPT_RT patch, subject to Government approval of
the safety case.
5.3 Cybersecurity. The Payload shall implement the cybersecurity controls identified in CBP-ARCH-2022-03 Appendix
D. At a minimum this includes: (a) mutual authentication of all Ethernet command links using certificates issued by the
CBP Public Key Infrastructure; (b) encryption of all video and telemetry streams using AES-256; (c) secure boot with
measured boot attestation; and (d) a hardware root of trust that prevents unauthorized firmware loading. The contractor
shall provide a System Security Plan (SSP) and perform a Security Assessment in accordance with NIST SP 800-53
Rev 5, moderate baseline.
5.4 Software Version Identification. Every executable load shall embed a unique version identifier that is readable via
the BIT interface and via a dedicated maintenance connector. The format shall be Major.Minor.Patch-Build (example:
3.2.1-0047). Field updates shall be possible via the Ethernet maintenance port without removing the Payload from the
aircraft.
6. ENVIRONMENTAL QUALIFICATION
The Payload shall be designed and qualified to the environmental conditions summarized in Table 
-------------
2026-08-21 17:07:41.849 | INFO     | app.worker:process_document:81 - 
--- CHUNK ---
PAGE: 6
TYPE: text
2.1-0047). Field updates shall be possible via the Ethernet maintenance port without removing the Payload from the
aircraft.
6. ENVIRONMENTAL QUALIFICATION
The Payload shall be designed and qualified to the environmental conditions summarized in Table 6-1. Qualification
testing shall follow the procedures of MIL-STD-810H and RTCA DO-160G as indicated. The contractor shall submit a
detailed Environmental Qualification Test Plan (EQTP) for Government approval not later than 60 days after contract
award.
temperature-altitude-humidity test profile representative of a 30-hour mission at 55 000 ft followed by rapid descent to
sea-level tropical conditions. The profile shall be agreed with the Government and documented in the EQTP.
7. VERIFICATION AND VALIDATION
7.1 Verification Methods. Each requirement in this specification shall be verified by one or more of the following
methods: Inspection (I), Analysis (A), Demonstration (D), or Test (T). The verification matrix in Table 7-1 allocates the
TS-2024-HALE-SENSOR-001 Rev C | Page 6
-------------
2026-08-21 17:07:41.854 | INFO     | app.worker:process_document:81 - 
--- CHUNK ---
PAGE: 7
TYPE: text
CUI // CONTROLLED UNCLASSIFIED INFORMATION CUI
primary method for selected critical requirements. A complete Verification Cross-Reference Matrix (VCRM) shall be
delivered as part of the Systems Engineering Management Plan.
7.2 First The FAT
shall include full functional performance verification against Table 3-1, environmental qualification per Table 6-1 (or
analysis where permitted), and electromagnetic compatibility testing. The Government reserves the right to witness all
FAT events.
7.3 Acceptance Test Procedure. Every production unit shall undergo an Acceptance Test Procedure (ATP) that
verifies critical performance parameters, BIT functionality, and interface compliance. The ATP shall be approved by the
Government prior to first use. A Certificate of Conformance (CoC) shall accompany each delivered unit.
8. QUALITY ASSURANCE PROVISIONS
8.1 Quality Management System. The contractor shall maintain a Quality Management System certified to SAE
AS9100D (or equivalent) and shall flow down applicable quality requirements to all subcontractors and suppliers of
critical items listed in Table 4-1.
8.2 Configuration Management. All design artifacts, software baselines, and manufacturing process documentation
shall be placed under formal configuration control. Changes affecting form, fit, function, or interfaces shall be submitted
as Engineering Change Proposals (ECPs) and require Government approval before implementation on deliverable
hardware.
8.3 Inspection and Audit Rights. The Government reserves the right to conduct quality audits, process reviews, and
source inspections at the contractor’s and major subcontractors’ facilities with five working days’ notice. The contractor
shall provide reasonable facilities and access to records.
9. PACKAGING, HANDLING, STORAGE, AND TRANSPORTABILITY
The Payload and all LRUs shall be packaged in reusable transit cases that protect against the storage environments
listed in Table 6-1. Cases shall include desiccant, humidity indicator cards, and shock
-------------
2026-08-21 17:07:41.854 | INFO     | app.worker:process_document:81 - 
--- CHUNK ---
PAGE: 7
TYPE: text
LING, STORAGE, AND TRANSPORTABILITY
The Payload and all LRUs shall be packaged in reusable transit cases that protect against the storage environments
listed in Table 6-1. Cases shall include desiccant, humidity indicator cards, and shock watches. The complete system
in its transit case shall not exceed 120 kg and shall be capable of being handled by a two-person lift team. Marking
shall comply with MIL-STD-129R. Each case shall be labeled with the part number, serial number, contract number,
and a unique barcode readable by standard CBP logistics systems.
10. NOTES
10.1 Intended Use. The Payload is intended for persistent wide-area surveillance in support of border security,
maritime domain awareness, and related homeland-security missions. It is not intended for use on manned aircraft
without additional certification.
TS-2024-HALE-SENSOR-001 Rev C | Page 7
-------------
2026-08-21 17:07:41.856 | INFO     | app.worker:process_document:81 - 
--- CHUNK ---
PAGE: 8
TYPE: text
CUI // CONTROLLED UNCLASSIFIED INFORMATION CUI
10.2 Definitions. For the purposes of this specification the following definitions apply: (a) Critical Failure – any failure
that prevents the Payload from performing its primary detection or geo-location function; (b) Organizational Level –
maintenance performed by Government or contractor personnel at the operating location using only the supplied tool
kit and spares; (c) CEP50 – Circular Error Probable, the radius of a circle centered on the true location that contains 50
% of the measured points; (d) NEdT – Noise Equivalent differential Temperature, a measure of thermal sensitivity of an
infrared sensor.
10.3 Revision History. Rev A – Initial release (12 Mar 2024). Rev B – Updated power and mass allocations; added
SWIR range requirement (28 May 2024). Rev C – Incorporated industry comments; expanded BOM table; added
software/cybersecurity section; clarified verification methods (15 Jul 2024).
10.4 Point of Contact. Technical questions regarding this specification should be directed to the Contracting Officer’s
Technical Representative (COTR) identified in the solicitation. Formal requests for clarification or deviation must be
submitted through the Contracting Officer.
— END OF DOCUMENT —
TS-2024-HALE-SENSOR-001 Rev C | Page intentionally left for footer
TS-2024-HALE-SENSOR-001 Rev C | Page 8
-------------
2026-08-21 17:09:23.774 | INFO     | app.main:on_startup:64 - Starting RAG Platform in development mode
2026-08-21 17:09:33.696 | INFO     | app.api.documents:delete_document:129 - Document and all related data (including scoped conversations) deleted by user1@user1.com: TS-2024-HALE-SENSOR-001_Technical_Specification.pdf
2026-08-21 17:09:39.599 | INFO     | app.api.documents:upload_document:49 - Document uploaded by user1@user1.com: TS-2024-HALE-SENSOR-001_Technical_Specification.pdf (DocumentType.general)
2026-08-21 17:09:39.884 | INFO     | app.worker:process_document:33 - Processing document: TS-2024-HALE-SENSOR-001_Technical_Specification.pdf (general)
2026-08-21 17:09:43.597 | INFO     | app.services.extraction_service:extract_pdf_content:220 - PDF extraction completed: 8 text pages, 8 tables
2026-08-21 17:09:43.598 | INFO     | app.worker:process_document:64 - Extracted 8 text pages and 8 tables from TS-2024-HALE-SENSOR-001_Technical_Specification.pdf
2026-08-21 17:09:43.599 | INFO     | app.worker:process_document:81 - 
--- CHUNK ---
PAGE: 1
TYPE: text
CUI // CONTROLLED UNCLASSIFIED INFORMATION CUI
DEPARTMENT OF HOMELAND SECURITY
Customs and Border Protection
Office of Acquisition
TECHNICAL SPECIFICATION
TS-2024-HALE-SENSOR-001
Multi-Band Electro-Optical / Infrared Sensor Payload Suite
for High-Altitude Long-Endurance Unmanned Aerial Systems
Document Number: TS-2024-HALE-SENSOR-001 Rev C
Effective Date: 15 July 2024
Classification: Controlled Unclassified Information (CUI)
Prepared by: CBP Systems Engineering Directorate
Contract Reference: HSCBP-24-C-00087 (Solicitation)
Distribution: Authorized Government and Contractor Personnel Only
This document establishes the technical requirements, interface definitions, performance parameters, environmental
qualification criteria, and logistics support data for the Multi-Band EO/IR Sensor Payload Suite intended for integration
on High-Altitude Long-Endurance (HALE) unmanned aerial systems supporting persistent border surveillance
missions.
WARNING: This document contains technical data whose export is restricted by the Arms Export Control Act (Title 22, U.S.C.,
Sec 2751 et seq.) or the Export Administration Act of 1979, as amended (Title 50, U.S.C., App. 2401 et seq.). Violations of
these export laws are subject to severe criminal penalties.
TS-2024-HALE-SENSOR-001 Rev C | Page 1
-------------
2026-08-21 17:09:43.600 | INFO     | app.worker:process_document:81 - 
--- CHUNK ---
PAGE: 2
TYPE: text
CUI // CONTROLLED UNCLASSIFIED INFORMATION CUI
1. SCOPE
1.1 Purpose. This Technical Specification (TS) defines the functional, performance, interface, environmental, and
logistics requirements for a Multi-Band Electro-Optical / Infrared (EO/IR) Sensor Payload Suite (hereafter “the
Payload”) suitable for installation on Government-furnished High-Altitude Long-Endurance Unmanned Aerial Systems
(HALE-UAS). The Payload shall provide day/night, all-weather detection, recognition, and identification capability
against personnel, vehicles, and low-observable maritime surface targets at stand-off ranges consistent with HALE
operating altitudes of 45,000 to 65,000 feet Mean Sea Level (MSL).
1.2 Applicability. This TS applies to all contractor deliverables under Solicitation HSCBP-24-C-00087 and any
subsequent production, sustainment, or modification contracts that reference this document. Compliance with every
shall-statement is mandatory unless a formal deviation or waiver has been approved in writing by the Contracting
Officer’s Technical Representative (COTR).
1.3 System Overview. The Payload consists of a stabilized multi-sensor turret, onboard processing unit, data-link
interface electronics, power conditioning module, and associated cabling and mounting hardware. The turret houses a
high-definition visible-band camera, a mid-wave infrared (MWIR) imager, a short-wave infrared (SWIR) imager, a laser
rangefinder / designator, and an inertial measurement unit (IMU) for geo-location. The system is required to operate
continuously for mission durations up to 30 hours without ground intervention other than periodic command uplinks.
2. APPLICABLE DOCUMENTS
2.1 Government Documents. The following documents form a part of this specification to the extent specified herein.
In the event of conflict between the text
-------------
2026-08-21 17:09:43.601 | INFO     | app.worker:process_document:81 - 
--- CHUNK ---
PAGE: 2
TYPE: text
 30 hours without ground intervention other than periodic command uplinks.
2. APPLICABLE DOCUMENTS
2.1 Government Documents. The following documents form a part of this specification to the extent specified herein.
In the event of conflict between the text of this specification and the references cited herein, the text of this specification
3. REQUIREMENTS
3.1 System Performance Requirements.
The Payload shall meet or exceed the performance values listed in Table 3-1 under the environmental conditions
defined in Section 3.5. All optical performance values are specified at the sensor aperture and include the effects of the
protective window and any internal relay optics.
Table 3-1. Key Performance Parameters
TS-2024-HALE-SENSOR-001 Rev C | Page 2
-------------
2026-08-21 17:09:43.603 | INFO     | app.worker:process_document:81 - 
--- CHUNK ---
PAGE: 3
TYPE: text
CUI // CONTROLLED UNCLASSIFIED INFORMATION CUI
3.1. nce
with the NATO STANAG 4347 methodology using a 50 % probability of detection (P_d) and a false-alarm rate not
-4
exceeding 10 per square kilometer searched per hour. Atmospheric transmission shall be modeled using MODTRAN
5 with a mid-latitude summer, 23 km visibility profile unless otherwise directed by the Government.
3.2 Interface Requirements.
3.2.1 Electrical Power. The Payload shall accept aircraft power conforming to MIL-STD-704F, Category A, 28 VDC
nominal. Inrush current shall not exceed 80 A for more than 50 ms. The power conditioning module shall provide
isolated outputs of +28 V, +15 V, - 15 V, and +5 V with ripple not exceeding 50 mV p-p.
3.2.2 Data Interfaces. Primary command and control shall be via dual redundant 1000BASE-T Ethernet ports
conforming to IEEE 802.3. Video streams shall be provided as ARINC 818-3 (Fibre Channel) at 3.1875 Gbps and as
compressed H.265 over Ethernet. A discrete discrete RS-422 serial channel shall be provided for legacy autopilot
health monitoring at 115 200 baud, 8N1.
3.2.3 Mechanical Interface. The turret shall mount to a Government-furnished hard-point using a 12-bolt pattern
defined in ICD-HALE-TURRET-07 Rev B. Maximum protrusion below the aircraft skin shall not exceed 420 mm.
Vibration isolators shall attenuate aircraft structure-borne vibration by a minimum of 20 dB above 50 Hz.
3.3 Reliability, Maintainability, and Availability.
The Payload Mean Time Between Critical Failures (MTBCF) shall be no less than 2
-------------
2026-08-21 17:09:43.604 | INFO     | app.worker:process_document:81 - 
--- CHUNK ---
PAGE: 3
TYPE: text
ate aircraft structure-borne vibration by a minimum of 20 dB above 50 Hz.
3.3 Reliability, Maintainability, and Availability.
The Payload Mean Time Between Critical Failures (MTBCF) shall be no less than 2 500 operating hours when
calculated in accordance with MIL-HDBK-217F, Part Stress Analysis, Ground Mobile environment, temperature 40 °C.
Mean Time To Repair (MTTR) at organizational level shall not exceed 45 minutes for any Line-Replaceable Unit (LRU).
Built-in-test (BIT) coverage shall detect at least 95 % of all mission-critical failures.
4. LOGISTICS AND PROVISIONING DATA
4.1 Bill of Materials – Critical Items. Table 4-1 lists the critical LRUs, subassemblies, and selected piece-parts
required for initial provisioning and two-year sustainment. Part numbers shown are the contractor’s internal
designators; corresponding National Stock Numbers (NSNs) will be assigned after first-article approval. Unit prices are
Rough-Order-of-Magnitude (ROM) estimates in Fiscal Year 2024 constant dollars and are provided for planning
purposes only.
TS-2024-HALE-SENSOR-001 Rev C | Page 3
-------------
2026-08-21 17:09:43.605 | INFO     | app.worker:process_document:81 - 
--- CHUNK ---
PAGE: 4
TYPE: text
CUI // CONTROLLED UNCLASSIFIED INFORMATION CUI
Contractors shall maintain configuration control of every item listed. Any change to form, fit, function, or part number
requires Government approval via an Engineering Change Proposal (ECP) prior to incorporation.
TS-2024-HALE-SENSOR-001 Rev C | Page 4
-------------
2026-08-21 17:09:43.606 | INFO     | app.worker:process_document:81 - 
--- CHUNK ---
PAGE: 5
TYPE: text
CUI // CONTROLLED UNCLASSIFIED INFORMATION CUI
Note: Items marked “N/A” under MTBF are non-electronic or consumable items for which a statistical failure rate is not
applicable. Cage Codes are fictional placeholders for document-generation purposes.
4.2 Recommended Initial Spares Allocation.
Based on the predicted failure rates and the planned annual flying-hour program of 2 400 hours per aircraft, the
following initial spares quantities are recommended for a five-aircraft fleet supporting two years of operations. Actual
quantities will be finalized during the Logistics Support Analysis (LSA) phase after First Article approval.
with MIL-STD-1388-2B (or equivalent GEIA-STD-0007) format within 90 days after First Article approval. The PPL shall
identify every item down to the piece-part level that is expected to be replaced during organizational or intermediate
maintenance.
TS-2024-HALE-SENSOR-001 Rev C | Page 5
-------------
2026-08-21 17:09:43.609 | INFO     | app.worker:process_document:81 - 
--- CHUNK ---
PAGE: 6
TYPE: text
CUI // CONTROLLED UNCLASSIFIED INFORMATION CUI
5. SOFTWARE AND FIRMWARE REQUIREMENTS
5.1 General. All software and firmware resident in the Payload shall be developed in accordance with a tailored
application of DO-178C DAL C for flight safety-related functions and DAL D for mission functions. The contractor shall
maintain a Software Configuration Index and deliver source code, build scripts, and executable images under the
Contract Data Requirements List (CDRL).
5.2 Operating System and Middleware. The Video Processing Unit shall run a real-time operating system (RTOS)
that provides deterministic scheduling with worst-case interrupt latency not exceeding 15 µs. Approved RTOS
candidates include VxWorks 7, Integrity-178, or Linux with PREEMPT_RT patch, subject to Government approval of
the safety case.
5.3 Cybersecurity. The Payload shall implement the cybersecurity controls identified in CBP-ARCH-2022-03 Appendix
D. At a minimum this includes: (a) mutual authentication of all Ethernet command links using certificates issued by the
CBP Public Key Infrastructure; (b) encryption of all video and telemetry streams using AES-256; (c) secure boot with
measured boot attestation; and (d) a hardware root of trust that prevents unauthorized firmware loading. The contractor
shall provide a System Security Plan (SSP) and perform a Security Assessment in accordance with NIST SP 800-53
Rev 5, moderate baseline.
5.4 Software Version Identification. Every executable load shall embed a unique version identifier that is readable via
the BIT interface and via a dedicated maintenance connector. The format shall be Major.Minor.Patch-Build (example:
3.2.1-0047). Field updates shall be possible via the Ethernet maintenance port without removing the Payload from the
aircraft.
6. ENVIRONMENTAL QUALIFICATION
The Payload shall be designed and qualified to the environmental conditions summarized in Table 
-------------
2026-08-21 17:09:43.611 | INFO     | app.worker:process_document:81 - 
--- CHUNK ---
PAGE: 6
TYPE: text
2.1-0047). Field updates shall be possible via the Ethernet maintenance port without removing the Payload from the
aircraft.
6. ENVIRONMENTAL QUALIFICATION
The Payload shall be designed and qualified to the environmental conditions summarized in Table 6-1. Qualification
testing shall follow the procedures of MIL-STD-810H and RTCA DO-160G as indicated. The contractor shall submit a
detailed Environmental Qualification Test Plan (EQTP) for Government approval not later than 60 days after contract
award.
temperature-altitude-humidity test profile representative of a 30-hour mission at 55 000 ft followed by rapid descent to
sea-level tropical conditions. The profile shall be agreed with the Government and documented in the EQTP.
7. VERIFICATION AND VALIDATION
7.1 Verification Methods. Each requirement in this specification shall be verified by one or more of the following
methods: Inspection (I), Analysis (A), Demonstration (D), or Test (T). The verification matrix in Table 7-1 allocates the
TS-2024-HALE-SENSOR-001 Rev C | Page 6
-------------
2026-08-21 17:09:43.613 | INFO     | app.worker:process_document:81 - 
--- CHUNK ---
PAGE: 7
TYPE: text
CUI // CONTROLLED UNCLASSIFIED INFORMATION CUI
primary method for selected critical requirements. A complete Verification Cross-Reference Matrix (VCRM) shall be
delivered as part of the Systems Engineering Management Plan.
7.2 First The FAT
shall include full functional performance verification against Table 3-1, environmental qualification per Table 6-1 (or
analysis where permitted), and electromagnetic compatibility testing. The Government reserves the right to witness all
FAT events.
7.3 Acceptance Test Procedure. Every production unit shall undergo an Acceptance Test Procedure (ATP) that
verifies critical performance parameters, BIT functionality, and interface compliance. The ATP shall be approved by the
Government prior to first use. A Certificate of Conformance (CoC) shall accompany each delivered unit.
8. QUALITY ASSURANCE PROVISIONS
8.1 Quality Management System. The contractor shall maintain a Quality Management System certified to SAE
AS9100D (or equivalent) and shall flow down applicable quality requirements to all subcontractors and suppliers of
critical items listed in Table 4-1.
8.2 Configuration Management. All design artifacts, software baselines, and manufacturing process documentation
shall be placed under formal configuration control. Changes affecting form, fit, function, or interfaces shall be submitted
as Engineering Change Proposals (ECPs) and require Government approval before implementation on deliverable
hardware.
8.3 Inspection and Audit Rights. The Government reserves the right to conduct quality audits, process reviews, and
source inspections at the contractor’s and major subcontractors’ facilities with five working days’ notice. The contractor
shall provide reasonable facilities and access to records.
9. PACKAGING, HANDLING, STORAGE, AND TRANSPORTABILITY
The Payload and all LRUs shall be packaged in reusable transit cases that protect against the storage environments
listed in Table 6-1. Cases shall include desiccant, humidity indicator cards, and shock
-------------
2026-08-21 17:09:43.614 | INFO     | app.worker:process_document:81 - 
--- CHUNK ---
PAGE: 7
TYPE: text
LING, STORAGE, AND TRANSPORTABILITY
The Payload and all LRUs shall be packaged in reusable transit cases that protect against the storage environments
listed in Table 6-1. Cases shall include desiccant, humidity indicator cards, and shock watches. The complete system
in its transit case shall not exceed 120 kg and shall be capable of being handled by a two-person lift team. Marking
shall comply with MIL-STD-129R. Each case shall be labeled with the part number, serial number, contract number,
and a unique barcode readable by standard CBP logistics systems.
10. NOTES
10.1 Intended Use. The Payload is intended for persistent wide-area surveillance in support of border security,
maritime domain awareness, and related homeland-security missions. It is not intended for use on manned aircraft
without additional certification.
TS-2024-HALE-SENSOR-001 Rev C | Page 7
-------------
2026-08-21 17:09:43.615 | INFO     | app.worker:process_document:81 - 
--- CHUNK ---
PAGE: 8
TYPE: text
CUI // CONTROLLED UNCLASSIFIED INFORMATION CUI
10.2 Definitions. For the purposes of this specification the following definitions apply: (a) Critical Failure – any failure
that prevents the Payload from performing its primary detection or geo-location function; (b) Organizational Level –
maintenance performed by Government or contractor personnel at the operating location using only the supplied tool
kit and spares; (c) CEP50 – Circular Error Probable, the radius of a circle centered on the true location that contains 50
% of the measured points; (d) NEdT – Noise Equivalent differential Temperature, a measure of thermal sensitivity of an
infrared sensor.
10.3 Revision History. Rev A – Initial release (12 Mar 2024). Rev B – Updated power and mass allocations; added
SWIR range requirement (28 May 2024). Rev C – Incorporated industry comments; expanded BOM table; added
software/cybersecurity section; clarified verification methods (15 Jul 2024).
10.4 Point of Contact. Technical questions regarding this specification should be directed to the Contracting Officer’s
Technical Representative (COTR) identified in the solicitation. Formal requests for clarification or deviation must be
submitted through the Contracting Officer.
— END OF DOCUMENT —
TS-2024-HALE-SENSOR-001 Rev C | Page intentionally left for footer
TS-2024-HALE-SENSOR-001 Rev C | Page 8
-------------
2026-08-21 17:11:36.829 | INFO     | app.api.documents:delete_document:129 - Document and all related data (including scoped conversations) deleted by user1@user1.com: TS-2024-HALE-SENSOR-001_Technical_Specification.pdf
2026-08-21 17:11:43.749 | INFO     | app.api.documents:upload_document:49 - Document uploaded by user1@user1.com: TS-2024-HALE-SENSOR-001_Technical_Specification.pdf (DocumentType.general)
2026-08-21 17:11:44.210 | INFO     | app.worker:process_document:33 - Processing document: TS-2024-HALE-SENSOR-001_Technical_Specification.pdf (general)
2026-08-21 17:11:47.611 | INFO     | app.services.extraction_service:extract_pdf_content:220 - PDF extraction completed: 8 text pages, 8 tables
2026-08-21 17:11:47.612 | INFO     | app.worker:process_document:47 - 
================================================================================
2026-08-21 17:11:47.612 | INFO     | app.worker:process_document:48 - STRUCTURED TEXT BLOCK TEST
2026-08-21 17:11:47.613 | INFO     | app.worker:process_document:49 - ================================================================================
2026-08-21 17:11:47.613 | INFO     | app.worker:process_document:52 - 
PAGE 1 (22 blocks)
2026-08-21 17:11:47.614 | INFO     | app.worker:process_document:58 - 
BLOCK 0
TYPE: paragraph
HEADING: False
BOLD: True
NUMBERED: False
FONT SIZE: 7.0
TEXT: CUI // CONTROLLED UNCLASSIFIED INFORMATION CUI
2026-08-21 17:11:47.614 | INFO     | app.worker:process_document:58 - 
BLOCK 1
TYPE: paragraph
HEADING: False
BOLD: False
NUMBERED: False
FONT SIZE: 12.0
TEXT: DEPARTMENT OF HOMELAND SECURITY
2026-08-21 17:11:47.614 | INFO     | app.worker:process_document:58 - 
BLOCK 2
TYPE: paragraph
HEADING: False
BOLD: False
NUMBERED: False
FONT SIZE: 12.0
TEXT: Customs and Border Protection
2026-08-21 17:11:47.615 | INFO     | app.worker:process_document:58 - 
BLOCK 3
TYPE: paragraph
HEADING: False
BOLD: False
NUMBERED: False
FONT SIZE: 12.0
TEXT: Office of Acquisition
2026-08-21 17:11:47.615 | INFO     | app.worker:process_document:58 - 
BLOCK 4
TYPE: heading
HEADING: True
BOLD: True
NUMBERED: False
FONT SIZE: 18.0
TEXT: TECHNICAL SPECIFICATION
2026-08-21 17:11:47.615 | INFO     | app.worker:process_document:58 - 
BLOCK 5
TYPE: heading
HEADING: True
BOLD: True
NUMBERED: False
FONT SIZE: 18.0
TEXT: TS-2024-HALE-SENSOR-001
2026-08-21 17:11:47.616 | INFO     | app.worker:process_document:58 - 
BLOCK 6
TYPE: paragraph
HEADING: False
BOLD: False
NUMBERED: False
FONT SIZE: 12.0
TEXT: Multi-Band Electro-Optical / Infrared Sensor Payload Suite
2026-08-21 17:11:47.616 | INFO     | app.worker:process_document:58 - 
BLOCK 7
TYPE: paragraph
HEADING: False
BOLD: False
NUMBERED: False
FONT SIZE: 12.0
TEXT: for High-Altitude Long-Endurance Unmanned Aerial Systems
2026-08-21 17:11:47.617 | INFO     | app.worker:process_document:58 - 
BLOCK 8
TYPE: paragraph
HEADING: False
BOLD: True
NUMBERED: False
FONT SIZE: 8.0
TEXT: Document Number: TS-2024-HALE-SENSOR-001 Rev C
2026-08-21 17:11:47.619 | INFO     | app.worker:process_document:58 - 
BLOCK 9
TYPE: paragraph
HEADING: False
BOLD: True
NUMBERED: False
FONT SIZE: 8.0
TEXT: Effective Date: 15 July 2024
2026-08-21 17:11:47.620 | INFO     | app.worker:process_document:58 - 
BLOCK 10
TYPE: paragraph
HEADING: False
BOLD: True
NUMBERED: False
FONT SIZE: 8.0
TEXT: Classification: Controlled Unclassified Information (CUI)
2026-08-21 17:11:47.621 | INFO     | app.worker:process_document:58 - 
BLOCK 11
TYPE: paragraph
HEADING: False
BOLD: True
NUMBERED: False
FONT SIZE: 8.0
TEXT: Prepared by: CBP Systems Engineering Directorate
2026-08-21 17:11:47.622 | INFO     | app.worker:process_document:58 - 
BLOCK 12
TYPE: paragraph
HEADING: False
BOLD: True
NUMBERED: False
FONT SIZE: 8.0
TEXT: Contract Reference: HSCBP-24-C-00087 (Solicitation)
2026-08-21 17:11:47.622 | INFO     | app.worker:process_document:58 - 
BLOCK 13
TYPE: paragraph
HEADING: False
BOLD: True
NUMBERED: False
FONT SIZE: 8.0
TEXT: Distribution: Authorized Government and Contractor Personnel Only
2026-08-21 17:11:47.623 | INFO     | app.worker:process_document:58 - 
BLOCK 14
TYPE: paragraph
HEADING: False
BOLD: False
NUMBERED: False
FONT SIZE: 9.5
TEXT: This document establishes the technical requirements, interface definitions, performance parameters, environmental
2026-08-21 17:11:47.623 | INFO     | app.worker:process_document:58 - 
BLOCK 15
TYPE: paragraph
HEADING: False
BOLD: False
NUMBERED: False
FONT SIZE: 9.5
TEXT: qualification criteria, and logistics support data for the Multi-Band EO/IR Sensor Payload Suite intended for integration
2026-08-21 17:11:47.625 | INFO     | app.worker:process_document:58 - 
BLOCK 16
TYPE: paragraph
HEADING: False
BOLD: False
NUMBERED: False
FONT SIZE: 9.5
TEXT: on High-Altitude Long-Endurance (HALE) unmanned aerial systems supporting persistent border surveillance
2026-08-21 17:11:47.625 | INFO     | app.worker:process_document:58 - 
BLOCK 17
TYPE: paragraph
HEADING: False
BOLD: False
NUMBERED: False
FONT SIZE: 9.5
TEXT: missions.
2026-08-21 17:11:47.626 | INFO     | app.worker:process_document:58 - 
BLOCK 18
TYPE: paragraph
HEADING: False
BOLD: True
NUMBERED: False
FONT SIZE: 8.5
TEXT: WARNING: This document contains technical data whose export is restricted by the Arms Export Control Act (Title 22, U.S.C.,
2026-08-21 17:11:47.626 | INFO     | app.worker:process_document:58 - 
BLOCK 19
TYPE: paragraph
HEADING: False
BOLD: False
NUMBERED: False
FONT SIZE: 8.5
TEXT: Sec 2751 et seq.) or the Export Administration Act of 1979, as amended (Title 50, U.S.C., App. 2401 et seq.). Violations of
2026-08-21 17:11:47.627 | INFO     | app.worker:process_document:58 - 
BLOCK 20
TYPE: paragraph
HEADING: False
BOLD: False
NUMBERED: False
FONT SIZE: 8.5
TEXT: these export laws are subject to severe criminal penalties.
2026-08-21 17:11:47.628 | INFO     | app.worker:process_document:58 - 
BLOCK 21
TYPE: paragraph
HEADING: False
BOLD: False
NUMBERED: False
FONT SIZE: 8.0
TEXT: TS-2024-HALE-SENSOR-001 Rev C | Page 1
2026-08-21 17:11:47.628 | INFO     | app.worker:process_document:52 - 
PAGE 2 (27 blocks)
2026-08-21 17:11:47.629 | INFO     | app.worker:process_document:58 - 
BLOCK 0
TYPE: paragraph
HEADING: False
BOLD: True
NUMBERED: False
FONT SIZE: 7.0
TEXT: CUI // CONTROLLED UNCLASSIFIED INFORMATION CUI
2026-08-21 17:11:47.630 | INFO     | app.worker:process_document:58 - 
BLOCK 1
TYPE: heading
HEADING: True
BOLD: True
NUMBERED: True
FONT SIZE: 13.0
TEXT: 1. SCOPE
2026-08-21 17:11:47.630 | INFO     | app.worker:process_document:58 - 
BLOCK 2
TYPE: heading
HEADING: True
BOLD: True
NUMBERED: True
FONT SIZE: 9.5
TEXT: 1.1 Purpose. This Technical Specification (TS) defines the functional, performance, interface, environmental, and
2026-08-21 17:11:47.630 | INFO     | app.worker:process_document:58 - 
BLOCK 3
TYPE: paragraph
HEADING: False
BOLD: False
NUMBERED: False
FONT SIZE: 9.5
TEXT: logistics requirements for a Multi-Band Electro-Optical / Infrared (EO/IR) Sensor Payload Suite (hereafter “the
2026-08-21 17:11:47.631 | INFO     | app.worker:process_document:58 - 
BLOCK 4
TYPE: paragraph
HEADING: False
BOLD: False
NUMBERED: False
FONT SIZE: 9.5
TEXT: Payload”) suitable for installation on Government-furnished High-Altitude Long-Endurance Unmanned Aerial Systems
2026-08-21 17:11:47.631 | INFO     | app.worker:process_document:58 - 
BLOCK 5
TYPE: paragraph
HEADING: False
BOLD: False
NUMBERED: False
FONT SIZE: 9.5
TEXT: (HALE-UAS). The Payload shall provide day/night, all-weather detection, recognition, and identification capability
2026-08-21 17:11:47.632 | INFO     | app.worker:process_document:58 - 
BLOCK 6
TYPE: paragraph
HEADING: False
BOLD: False
NUMBERED: False
FONT SIZE: 9.5
TEXT: against personnel, vehicles, and low-observable maritime surface targets at stand-off ranges consistent with HALE
2026-08-21 17:11:47.632 | INFO     | app.worker:process_document:58 - 
BLOCK 7
TYPE: paragraph
HEADING: False
BOLD: False
NUMBERED: False
FONT SIZE: 9.5
TEXT: operating altitudes of 45,000 to 65,000 feet Mean Sea Level (MSL).
2026-08-21 17:11:47.633 | INFO     | app.worker:process_document:58 - 
BLOCK 8
TYPE: heading
HEADING: True
BOLD: True
NUMBERED: True
FONT SIZE: 9.5
TEXT: 1.2 Applicability. This TS applies to all contractor deliverables under Solicitation HSCBP-24-C-00087 and any
2026-08-21 17:11:47.633 | INFO     | app.worker:process_document:58 - 
BLOCK 9
TYPE: paragraph
HEADING: False
BOLD: False
NUMBERED: False
FONT SIZE: 9.5
TEXT: subsequent production, sustainment, or modification contracts that reference this document. Compliance with every
2026-08-21 17:11:47.634 | INFO     | app.worker:process_document:58 - 
BLOCK 10
TYPE: paragraph
HEADING: False
BOLD: False
NUMBERED: False
FONT SIZE: 9.5
TEXT: shall-statement is mandatory unless a formal deviation or waiver has been approved in writing by the Contracting
2026-08-21 17:11:47.636 | INFO     | app.worker:process_document:58 - 
BLOCK 11
TYPE: paragraph
HEADING: False
BOLD: False
NUMBERED: False
FONT SIZE: 9.5
TEXT: Officer’s Technical Representative (COTR).
2026-08-21 17:11:47.639 | INFO     | app.worker:process_document:58 - 
BLOCK 12
TYPE: heading
HEADING: True
BOLD: True
NUMBERED: True
FONT SIZE: 9.5
TEXT: 1.3 System Overview. The Payload consists of a stabilized multi-sensor turret, onboard processing unit, data-link
2026-08-21 17:11:47.641 | INFO     | app.worker:process_document:58 - 
BLOCK 13
TYPE: paragraph
HEADING: False
BOLD: False
NUMBERED: False
FONT SIZE: 9.5
TEXT: interface electronics, power conditioning module, and associated cabling and mounting hardware. The turret houses a
2026-08-21 17:11:47.642 | INFO     | app.worker:process_document:58 - 
BLOCK 14
TYPE: paragraph
HEADING: False
BOLD: False
NUMBERED: False
FONT SIZE: 9.5
TEXT: high-definition visible-band camera, a mid-wave infrared (MWIR) imager, a short-wave infrared (SWIR) imager, a laser
2026-08-21 17:11:47.643 | INFO     | app.worker:process_document:58 - 
BLOCK 15
TYPE: paragraph
HEADING: False
BOLD: False
NUMBERED: False
FONT SIZE: 9.5
TEXT: rangefinder / designator, and an inertial measurement unit (IMU) for geo-location. The system is required to operate
2026-08-21 17:11:47.643 | INFO     | app.worker:process_document:58 - 
BLOCK 16
TYPE: paragraph
HEADING: False
BOLD: False
NUMBERED: False
FONT SIZE: 9.5
TEXT: continuously for mission durations up to 30 hours without ground intervention other than periodic command uplinks.
2026-08-21 17:11:47.643 | INFO     | app.worker:process_document:58 - 
BLOCK 17
TYPE: heading
HEADING: True
BOLD: True
NUMBERED: True
FONT SIZE: 13.0
TEXT: 2. APPLICABLE DOCUMENTS
2026-08-21 17:11:47.644 | INFO     | app.worker:process_document:58 - 
BLOCK 18
TYPE: heading
HEADING: True
BOLD: True
NUMBERED: True
FONT SIZE: 9.5
TEXT: 2.1 Government Documents. The following documents form a part of this specification to the extent specified herein.
2026-08-21 17:11:47.644 | INFO     | app.worker:process_document:58 - 
BLOCK 19
TYPE: paragraph
HEADING: False
BOLD: False
NUMBERED: False
FONT SIZE: 9.5
TEXT: In the event of conflict between the text of this specification and the references cited herein, the text of this specification
2026-08-21 17:11:47.644 | INFO     | app.worker:process_document:58 - 
BLOCK 20
TYPE: heading
HEADING: True
BOLD: True
NUMBERED: True
FONT SIZE: 13.0
TEXT: 3. REQUIREMENTS
2026-08-21 17:11:47.645 | INFO     | app.worker:process_document:58 - 
BLOCK 21
TYPE: heading
HEADING: True
BOLD: True
NUMBERED: True
FONT SIZE: 11.0
TEXT: 3.1 System Performance Requirements.
2026-08-21 17:11:47.645 | INFO     | app.worker:process_document:58 - 
BLOCK 22
TYPE: paragraph
HEADING: False
BOLD: False
NUMBERED: False
FONT SIZE: 9.5
TEXT: The Payload shall meet or exceed the performance values listed in Table 3-1 under the environmental conditions
2026-08-21 17:11:47.646 | INFO     | app.worker:process_document:58 - 
BLOCK 23
TYPE: paragraph
HEADING: False
BOLD: False
NUMBERED: False
FONT SIZE: 9.5
TEXT: defined in Section 3.5. All optical performance values are specified at the sensor aperture and include the effects of the
2026-08-21 17:11:47.646 | INFO     | app.worker:process_document:58 - 
BLOCK 24
TYPE: paragraph
HEADING: False
BOLD: False
NUMBERED: False
FONT SIZE: 9.5
TEXT: protective window and any internal relay optics.
2026-08-21 17:11:47.647 | INFO     | app.worker:process_document:58 - 
BLOCK 25
TYPE: paragraph
HEADING: False
BOLD: True
NUMBERED: False
FONT SIZE: 9.0
TEXT: Table 3-1. Key Performance Parameters
2026-08-21 17:11:47.647 | INFO     | app.worker:process_document:58 - 
BLOCK 26
TYPE: paragraph
HEADING: False
BOLD: False
NUMBERED: False
FONT SIZE: 8.0
TEXT: TS-2024-HALE-SENSOR-001 Rev C | Page 2
2026-08-21 17:11:47.649 | INFO     | app.worker:process_document:52 - 
PAGE 3 (29 blocks)
2026-08-21 17:11:47.650 | INFO     | app.worker:process_document:58 - 
BLOCK 0
TYPE: paragraph
HEADING: False
BOLD: True
NUMBERED: False
FONT SIZE: 7.0
TEXT: CUI // CONTROLLED UNCLASSIFIED INFORMATION CUI
2026-08-21 17:11:47.651 | INFO     | app.worker:process_document:58 - 
BLOCK 1
TYPE: heading
HEADING: True
BOLD: False
NUMBERED: True
FONT SIZE: 9.5
TEXT: 3.1. nce
2026-08-21 17:11:47.660 | INFO     | app.worker:process_document:58 - 
BLOCK 2
TYPE: paragraph
HEADING: False
BOLD: False
NUMBERED: False
FONT SIZE: 9.5
TEXT: with the NATO STANAG 4347 methodology using a 50 % probability of detection (P_d) and a false-alarm rate not
2026-08-21 17:11:47.660 | INFO     | app.worker:process_document:58 - 
BLOCK 3
TYPE: paragraph
HEADING: False
BOLD: False
NUMBERED: False
FONT SIZE: 7.6
TEXT: -4
2026-08-21 17:11:47.661 | INFO     | app.worker:process_document:58 - 
BLOCK 4
TYPE: paragraph
HEADING: False
BOLD: False
NUMBERED: False
FONT SIZE: 9.5
TEXT: exceeding 10 per square kilometer searched per hour. Atmospheric transmission shall be modeled using MODTRAN
2026-08-21 17:11:47.661 | INFO     | app.worker:process_document:58 - 
BLOCK 5
TYPE: heading
HEADING: True
BOLD: False
NUMBERED: True
FONT SIZE: 9.5
TEXT: 5 with a mid-latitude summer, 23 km visibility profile unless otherwise directed by the Government.
2026-08-21 17:11:47.662 | INFO     | app.worker:process_document:58 - 
BLOCK 6
TYPE: heading
HEADING: True
BOLD: True
NUMBERED: True
FONT SIZE: 11.0
TEXT: 3.2 Interface Requirements.
2026-08-21 17:11:47.662 | INFO     | app.worker:process_document:58 - 
BLOCK 7
TYPE: heading
HEADING: True
BOLD: True
NUMBERED: True
FONT SIZE: 9.5
TEXT: 3.2.1 Electrical Power. The Payload shall accept aircraft power conforming to MIL-STD-704F, Category A, 28 VDC
2026-08-21 17:11:47.663 | INFO     | app.worker:process_document:58 - 
BLOCK 8
TYPE: paragraph
HEADING: False
BOLD: False
NUMBERED: False
FONT SIZE: 9.5
TEXT: nominal. Inrush current shall not exceed 80 A for more than 50 ms. The power conditioning module shall provide
2026-08-21 17:11:47.663 | INFO     | app.worker:process_document:58 - 
BLOCK 9
TYPE: paragraph
HEADING: False
BOLD: False
NUMBERED: False
FONT SIZE: 9.5
TEXT: isolated outputs of +28 V, +15 V, - 15 V, and +5 V with ripple not exceeding 50 mV p-p.
2026-08-21 17:11:47.664 | INFO     | app.worker:process_document:58 - 
BLOCK 10
TYPE: heading
HEADING: True
BOLD: True
NUMBERED: True
FONT SIZE: 9.5
TEXT: 3.2.2 Data Interfaces. Primary command and control shall be via dual redundant 1000BASE-T Ethernet ports
2026-08-21 17:11:47.665 | INFO     | app.worker:process_document:58 - 
BLOCK 11
TYPE: paragraph
HEADING: False
BOLD: False
NUMBERED: False
FONT SIZE: 9.5
TEXT: conforming to IEEE 802.3. Video streams shall be provided as ARINC 818-3 (Fibre Channel) at 3.1875 Gbps and as
2026-08-21 17:11:47.667 | INFO     | app.worker:process_document:58 - 
BLOCK 12
TYPE: paragraph
HEADING: False
BOLD: False
NUMBERED: False
FONT SIZE: 9.5
TEXT: compressed H.265 over Ethernet. A discrete discrete RS-422 serial channel shall be provided for legacy autopilot
2026-08-21 17:11:47.676 | INFO     | app.worker:process_document:58 - 
BLOCK 13
TYPE: paragraph
HEADING: False
BOLD: False
NUMBERED: False
FONT SIZE: 9.5
TEXT: health monitoring at 115 200 baud, 8N1.
2026-08-21 17:11:47.679 | INFO     | app.worker:process_document:58 - 
BLOCK 14
TYPE: heading
HEADING: True
BOLD: True
NUMBERED: True
FONT SIZE: 9.5
TEXT: 3.2.3 Mechanical Interface. The turret shall mount to a Government-furnished hard-point using a 12-bolt pattern
2026-08-21 17:11:47.679 | INFO     | app.worker:process_document:58 - 
BLOCK 15
TYPE: paragraph
HEADING: False
BOLD: False
NUMBERED: False
FONT SIZE: 9.5
TEXT: defined in ICD-HALE-TURRET-07 Rev B. Maximum protrusion below the aircraft skin shall not exceed 420 mm.
2026-08-21 17:11:47.680 | INFO     | app.worker:process_document:58 - 
BLOCK 16
TYPE: paragraph
HEADING: False
BOLD: False
NUMBERED: False
FONT SIZE: 9.5
TEXT: Vibration isolators shall attenuate aircraft structure-borne vibration by a minimum of 20 dB above 50 Hz.
2026-08-21 17:11:47.683 | INFO     | app.worker:process_document:58 - 
BLOCK 17
TYPE: heading
HEADING: True
BOLD: True
NUMBERED: True
FONT SIZE: 11.0
TEXT: 3.3 Reliability, Maintainability, and Availability.
2026-08-21 17:11:47.687 | INFO     | app.worker:process_document:58 - 
BLOCK 18
TYPE: paragraph
HEADING: False
BOLD: False
NUMBERED: False
FONT SIZE: 9.5
TEXT: The Payload Mean Time Between Critical Failures (MTBCF) shall be no less than 2 500 operating hours when
2026-08-21 17:11:47.690 | INFO     | app.worker:process_document:58 - 
BLOCK 19
TYPE: paragraph
HEADING: False
BOLD: False
NUMBERED: False
FONT SIZE: 9.5
TEXT: calculated in accordance with MIL-HDBK-217F, Part Stress Analysis, Ground Mobile environment, temperature 40 °C.
2026-08-21 17:11:47.691 | INFO     | app.worker:process_document:58 - 
BLOCK 20
TYPE: paragraph
HEADING: False
BOLD: False
NUMBERED: False
FONT SIZE: 9.5
TEXT: Mean Time To Repair (MTTR) at organizational level shall not exceed 45 minutes for any Line-Replaceable Unit (LRU).
2026-08-21 17:11:47.691 | INFO     | app.worker:process_document:58 - 
BLOCK 21
TYPE: paragraph
HEADING: False
BOLD: False
NUMBERED: False
FONT SIZE: 9.5
TEXT: Built-in-test (BIT) coverage shall detect at least 95 % of all mission-critical failures.
2026-08-21 17:11:47.692 | INFO     | app.worker:process_document:58 - 
BLOCK 22
TYPE: heading
HEADING: True
BOLD: True
NUMBERED: True
FONT SIZE: 13.0
TEXT: 4. LOGISTICS AND PROVISIONING DATA
2026-08-21 17:11:47.692 | INFO     | app.worker:process_document:58 - 
BLOCK 23
TYPE: heading
HEADING: True
BOLD: True
NUMBERED: True
FONT SIZE: 9.5
TEXT: 4.1 Bill of Materials – Critical Items. Table 4-1 lists the critical LRUs, subassemblies, and selected piece-parts
2026-08-21 17:11:47.693 | INFO     | app.worker:process_document:58 - 
BLOCK 24
TYPE: paragraph
HEADING: False
BOLD: False
NUMBERED: False
FONT SIZE: 9.5
TEXT: required for initial provisioning and two-year sustainment. Part numbers shown are the contractor’s internal
2026-08-21 17:11:47.693 | INFO     | app.worker:process_document:58 - 
BLOCK 25
TYPE: paragraph
HEADING: False
BOLD: False
NUMBERED: False
FONT SIZE: 9.5
TEXT: designators; corresponding National Stock Numbers (NSNs) will be assigned after first-article approval. Unit prices are
2026-08-21 17:11:47.694 | INFO     | app.worker:process_document:58 - 
BLOCK 26
TYPE: paragraph
HEADING: False
BOLD: False
NUMBERED: False
FONT SIZE: 9.5
TEXT: Rough-Order-of-Magnitude (ROM) estimates in Fiscal Year 2024 constant dollars and are provided for planning
2026-08-21 17:11:47.694 | INFO     | app.worker:process_document:58 - 
BLOCK 27
TYPE: paragraph
HEADING: False
BOLD: False
NUMBERED: False
FONT SIZE: 9.5
TEXT: purposes only.
2026-08-21 17:11:47.695 | INFO     | app.worker:process_document:58 - 
BLOCK 28
TYPE: paragraph
HEADING: False
BOLD: False
NUMBERED: False
FONT SIZE: 8.0
TEXT: TS-2024-HALE-SENSOR-001 Rev C | Page 3
2026-08-21 17:11:47.695 | INFO     | app.worker:process_document:52 - 
PAGE 4 (4 blocks)
2026-08-21 17:11:47.697 | INFO     | app.worker:process_document:58 - 
BLOCK 0
TYPE: paragraph
HEADING: False
BOLD: True
NUMBERED: False
FONT SIZE: 7.0
TEXT: CUI // CONTROLLED UNCLASSIFIED INFORMATION CUI
2026-08-21 17:11:47.697 | INFO     | app.worker:process_document:58 - 
BLOCK 1
TYPE: paragraph
HEADING: False
BOLD: False
NUMBERED: False
FONT SIZE: 9.5
TEXT: Contractors shall maintain configuration control of every item listed. Any change to form, fit, function, or part number
2026-08-21 17:11:47.698 | INFO     | app.worker:process_document:58 - 
BLOCK 2
TYPE: paragraph
HEADING: False
BOLD: False
NUMBERED: False
FONT SIZE: 9.5
TEXT: requires Government approval via an Engineering Change Proposal (ECP) prior to incorporation.
2026-08-21 17:11:47.698 | INFO     | app.worker:process_document:58 - 
BLOCK 3
TYPE: paragraph
HEADING: False
BOLD: False
NUMBERED: False
FONT SIZE: 8.0
TEXT: TS-2024-HALE-SENSOR-001 Rev C | Page 4
2026-08-21 17:11:47.698 | INFO     | app.worker:process_document:52 - 
PAGE 5 (11 blocks)
2026-08-21 17:11:47.699 | INFO     | app.worker:process_document:58 - 
BLOCK 0
TYPE: paragraph
HEADING: False
BOLD: True
NUMBERED: False
FONT SIZE: 7.0
TEXT: CUI // CONTROLLED UNCLASSIFIED INFORMATION CUI
2026-08-21 17:11:47.699 | INFO     | app.worker:process_document:58 - 
BLOCK 1
TYPE: paragraph
HEADING: False
BOLD: False
NUMBERED: False
FONT SIZE: 9.5
TEXT: Note: Items marked “N/A” under MTBF are non-electronic or consumable items for which a statistical failure rate is not
2026-08-21 17:11:47.700 | INFO     | app.worker:process_document:58 - 
BLOCK 2
TYPE: paragraph
HEADING: False
BOLD: False
NUMBERED: False
FONT SIZE: 9.5
TEXT: applicable. Cage Codes are fictional placeholders for document-generation purposes.
2026-08-21 17:11:47.701 | INFO     | app.worker:process_document:58 - 
BLOCK 3
TYPE: heading
HEADING: True
BOLD: True
NUMBERED: True
FONT SIZE: 11.0
TEXT: 4.2 Recommended Initial Spares Allocation.
2026-08-21 17:11:47.704 | INFO     | app.worker:process_document:58 - 
BLOCK 4
TYPE: paragraph
HEADING: False
BOLD: False
NUMBERED: False
FONT SIZE: 9.5
TEXT: Based on the predicted failure rates and the planned annual flying-hour program of 2 400 hours per aircraft, the
2026-08-21 17:11:47.710 | INFO     | app.worker:process_document:58 - 
BLOCK 5
TYPE: paragraph
HEADING: False
BOLD: False
NUMBERED: False
FONT SIZE: 9.5
TEXT: following initial spares quantities are recommended for a five-aircraft fleet supporting two years of operations. Actual
2026-08-21 17:11:47.711 | INFO     | app.worker:process_document:58 - 
BLOCK 6
TYPE: paragraph
HEADING: False
BOLD: False
NUMBERED: False
FONT SIZE: 9.5
TEXT: quantities will be finalized during the Logistics Support Analysis (LSA) phase after First Article approval.
2026-08-21 17:11:47.711 | INFO     | app.worker:process_document:58 - 
BLOCK 7
TYPE: paragraph
HEADING: False
BOLD: False
NUMBERED: False
FONT SIZE: 9.5
TEXT: with MIL-STD-1388-2B (or equivalent GEIA-STD-0007) format within 90 days after First Article approval. The PPL shall
2026-08-21 17:11:47.712 | INFO     | app.worker:process_document:58 - 
BLOCK 8
TYPE: paragraph
HEADING: False
BOLD: False
NUMBERED: False
FONT SIZE: 9.5
TEXT: identify every item down to the piece-part level that is expected to be replaced during organizational or intermediate
2026-08-21 17:11:47.712 | INFO     | app.worker:process_document:58 - 
BLOCK 9
TYPE: paragraph
HEADING: False
BOLD: False
NUMBERED: False
FONT SIZE: 9.5
TEXT: maintenance.
2026-08-21 17:11:47.713 | INFO     | app.worker:process_document:58 - 
BLOCK 10
TYPE: paragraph
HEADING: False
BOLD: False
NUMBERED: False
FONT SIZE: 8.0
TEXT: TS-2024-HALE-SENSOR-001 Rev C | Page 5
2026-08-21 17:11:47.713 | INFO     | app.worker:process_document:52 - 
PAGE 6 (31 blocks)
2026-08-21 17:11:47.714 | INFO     | app.worker:process_document:58 - 
BLOCK 0
TYPE: paragraph
HEADING: False
BOLD: True
NUMBERED: False
FONT SIZE: 7.0
TEXT: CUI // CONTROLLED UNCLASSIFIED INFORMATION CUI
2026-08-21 17:11:47.714 | INFO     | app.worker:process_document:58 - 
BLOCK 1
TYPE: heading
HEADING: True
BOLD: True
NUMBERED: True
FONT SIZE: 13.0
TEXT: 5. SOFTWARE AND FIRMWARE REQUIREMENTS
2026-08-21 17:11:47.715 | INFO     | app.worker:process_document:58 - 
BLOCK 2
TYPE: heading
HEADING: True
BOLD: True
NUMBERED: True
FONT SIZE: 9.5
TEXT: 5.1 General. All software and firmware resident in the Payload shall be developed in accordance with a tailored
2026-08-21 17:11:47.715 | INFO     | app.worker:process_document:58 - 
BLOCK 3
TYPE: paragraph
HEADING: False
BOLD: False
NUMBERED: False
FONT SIZE: 9.5
TEXT: application of DO-178C DAL C for flight safety-related functions and DAL D for mission functions. The contractor shall
2026-08-21 17:11:47.716 | INFO     | app.worker:process_document:58 - 
BLOCK 4
TYPE: paragraph
HEADING: False
BOLD: False
NUMBERED: False
FONT SIZE: 9.5
TEXT: maintain a Software Configuration Index and deliver source code, build scripts, and executable images under the
2026-08-21 17:11:47.716 | INFO     | app.worker:process_document:58 - 
BLOCK 5
TYPE: paragraph
HEADING: False
BOLD: False
NUMBERED: False
FONT SIZE: 9.5
TEXT: Contract Data Requirements List (CDRL).
2026-08-21 17:11:47.717 | INFO     | app.worker:process_document:58 - 
BLOCK 6
TYPE: heading
HEADING: True
BOLD: True
NUMBERED: True
FONT SIZE: 9.5
TEXT: 5.2 Operating System and Middleware. The Video Processing Unit shall run a real-time operating system (RTOS)
2026-08-21 17:11:47.719 | INFO     | app.worker:process_document:58 - 
BLOCK 7
TYPE: paragraph
HEADING: False
BOLD: False
NUMBERED: False
FONT SIZE: 9.5
TEXT: that provides deterministic scheduling with worst-case interrupt latency not exceeding 15 µs. Approved RTOS
2026-08-21 17:11:47.720 | INFO     | app.worker:process_document:58 - 
BLOCK 8
TYPE: paragraph
HEADING: False
BOLD: False
NUMBERED: False
FONT SIZE: 9.5
TEXT: candidates include VxWorks 7, Integrity-178, or Linux with PREEMPT_RT patch, subject to Government approval of
2026-08-21 17:11:47.721 | INFO     | app.worker:process_document:58 - 
BLOCK 9
TYPE: paragraph
HEADING: False
BOLD: False
NUMBERED: False
FONT SIZE: 9.5
TEXT: the safety case.
2026-08-21 17:11:47.722 | INFO     | app.worker:process_document:58 - 
BLOCK 10
TYPE: heading
HEADING: True
BOLD: True
NUMBERED: True
FONT SIZE: 9.5
TEXT: 5.3 Cybersecurity. The Payload shall implement the cybersecurity controls identified in CBP-ARCH-2022-03 Appendix
2026-08-21 17:11:47.724 | INFO     | app.worker:process_document:58 - 
BLOCK 11
TYPE: paragraph
HEADING: False
BOLD: False
NUMBERED: False
FONT SIZE: 9.5
TEXT: D. At a minimum this includes: (a) mutual authentication of all Ethernet command links using certificates issued by the
2026-08-21 17:11:47.727 | INFO     | app.worker:process_document:58 - 
BLOCK 12
TYPE: paragraph
HEADING: False
BOLD: False
NUMBERED: False
FONT SIZE: 9.5
TEXT: CBP Public Key Infrastructure; (b) encryption of all video and telemetry streams using AES-256; (c) secure boot with
2026-08-21 17:11:47.727 | INFO     | app.worker:process_document:58 - 
BLOCK 13
TYPE: paragraph
HEADING: False
BOLD: False
NUMBERED: False
FONT SIZE: 9.5
TEXT: measured boot attestation; and (d) a hardware root of trust that prevents unauthorized firmware loading. The contractor
2026-08-21 17:11:47.728 | INFO     | app.worker:process_document:58 - 
BLOCK 14
TYPE: paragraph
HEADING: False
BOLD: False
NUMBERED: False
FONT SIZE: 9.5
TEXT: shall provide a System Security Plan (SSP) and perform a Security Assessment in accordance with NIST SP 800-53
2026-08-21 17:11:47.729 | INFO     | app.worker:process_document:58 - 
BLOCK 15
TYPE: paragraph
HEADING: False
BOLD: False
NUMBERED: False
FONT SIZE: 9.5
TEXT: Rev 5, moderate baseline.
2026-08-21 17:11:47.730 | INFO     | app.worker:process_document:58 - 
BLOCK 16
TYPE: heading
HEADING: True
BOLD: True
NUMBERED: True
FONT SIZE: 9.5
TEXT: 5.4 Software Version Identification. Every executable load shall embed a unique version identifier that is readable via
2026-08-21 17:11:47.730 | INFO     | app.worker:process_document:58 - 
BLOCK 17
TYPE: paragraph
HEADING: False
BOLD: False
NUMBERED: False
FONT SIZE: 9.5
TEXT: the BIT interface and via a dedicated maintenance connector. The format shall be Major.Minor.Patch-Build (example:
2026-08-21 17:11:47.730 | INFO     | app.worker:process_document:58 - 
BLOCK 18
TYPE: paragraph
HEADING: False
BOLD: False
NUMBERED: False
FONT SIZE: 9.5
TEXT: 3.2.1-0047). Field updates shall be possible via the Ethernet maintenance port without removing the Payload from the
2026-08-21 17:11:47.731 | INFO     | app.worker:process_document:58 - 
BLOCK 19
TYPE: paragraph
HEADING: False
BOLD: False
NUMBERED: False
FONT SIZE: 9.5
TEXT: aircraft.
2026-08-21 17:11:47.731 | INFO     | app.worker:process_document:58 - 
BLOCK 20
TYPE: heading
HEADING: True
BOLD: True
NUMBERED: True
FONT SIZE: 13.0
TEXT: 6. ENVIRONMENTAL QUALIFICATION
2026-08-21 17:11:47.732 | INFO     | app.worker:process_document:58 - 
BLOCK 21
TYPE: paragraph
HEADING: False
BOLD: False
NUMBERED: False
FONT SIZE: 9.5
TEXT: The Payload shall be designed and qualified to the environmental conditions summarized in Table 6-1. Qualification
2026-08-21 17:11:47.732 | INFO     | app.worker:process_document:58 - 
BLOCK 22
TYPE: paragraph
HEADING: False
BOLD: False
NUMBERED: False
FONT SIZE: 9.5
TEXT: testing shall follow the procedures of MIL-STD-810H and RTCA DO-160G as indicated. The contractor shall submit a
2026-08-21 17:11:47.733 | INFO     | app.worker:process_document:58 - 
BLOCK 23
TYPE: paragraph
HEADING: False
BOLD: False
NUMBERED: False
FONT SIZE: 9.5
TEXT: detailed Environmental Qualification Test Plan (EQTP) for Government approval not later than 60 days after contract
2026-08-21 17:11:47.734 | INFO     | app.worker:process_document:58 - 
BLOCK 24
TYPE: paragraph
HEADING: False
BOLD: False
NUMBERED: False
FONT SIZE: 9.5
TEXT: award.
2026-08-21 17:11:47.738 | INFO     | app.worker:process_document:58 - 
BLOCK 25
TYPE: paragraph
HEADING: False
BOLD: False
NUMBERED: False
FONT SIZE: 9.5
TEXT: temperature-altitude-humidity test profile representative of a 30-hour mission at 55 000 ft followed by rapid descent to
2026-08-21 17:11:47.739 | INFO     | app.worker:process_document:58 - 
BLOCK 26
TYPE: paragraph
HEADING: False
BOLD: False
NUMBERED: False
FONT SIZE: 9.5
TEXT: sea-level tropical conditions. The profile shall be agreed with the Government and documented in the EQTP.
2026-08-21 17:11:47.739 | INFO     | app.worker:process_document:58 - 
BLOCK 27
TYPE: heading
HEADING: True
BOLD: True
NUMBERED: True
FONT SIZE: 13.0
TEXT: 7. VERIFICATION AND VALIDATION
2026-08-21 17:11:47.740 | INFO     | app.worker:process_document:58 - 
BLOCK 28
TYPE: heading
HEADING: True
BOLD: True
NUMBERED: True
FONT SIZE: 9.5
TEXT: 7.1 Verification Methods. Each requirement in this specification shall be verified by one or more of the following
2026-08-21 17:11:47.741 | INFO     | app.worker:process_document:58 - 
BLOCK 29
TYPE: paragraph
HEADING: False
BOLD: False
NUMBERED: False
FONT SIZE: 9.5
TEXT: methods: Inspection (I), Analysis (A), Demonstration (D), or Test (T). The verification matrix in Table 7-1 allocates the
2026-08-21 17:11:47.741 | INFO     | app.worker:process_document:58 - 
BLOCK 30
TYPE: paragraph
HEADING: False
BOLD: False
NUMBERED: False
FONT SIZE: 8.0
TEXT: TS-2024-HALE-SENSOR-001 Rev C | Page 6
2026-08-21 17:11:47.742 | INFO     | app.worker:process_document:52 - 
PAGE 7 (32 blocks)
2026-08-21 17:11:47.742 | INFO     | app.worker:process_document:58 - 
BLOCK 0
TYPE: paragraph
HEADING: False
BOLD: True
NUMBERED: False
FONT SIZE: 7.0
TEXT: CUI // CONTROLLED UNCLASSIFIED INFORMATION CUI
2026-08-21 17:11:47.743 | INFO     | app.worker:process_document:58 - 
BLOCK 1
TYPE: paragraph
HEADING: False
BOLD: False
NUMBERED: False
FONT SIZE: 9.5
TEXT: primary method for selected critical requirements. A complete Verification Cross-Reference Matrix (VCRM) shall be
2026-08-21 17:11:47.743 | INFO     | app.worker:process_document:58 - 
BLOCK 2
TYPE: paragraph
HEADING: False
BOLD: False
NUMBERED: False
FONT SIZE: 9.5
TEXT: delivered as part of the Systems Engineering Management Plan.
2026-08-21 17:11:47.744 | INFO     | app.worker:process_document:58 - 
BLOCK 3
TYPE: heading
HEADING: True
BOLD: True
NUMBERED: True
FONT SIZE: 9.5
TEXT: 7.2 First The FAT
2026-08-21 17:11:47.745 | INFO     | app.worker:process_document:58 - 
BLOCK 4
TYPE: paragraph
HEADING: False
BOLD: False
NUMBERED: False
FONT SIZE: 9.5
TEXT: shall include full functional performance verification against Table 3-1, environmental qualification per Table 6-1 (or
2026-08-21 17:11:47.746 | INFO     | app.worker:process_document:58 - 
BLOCK 5
TYPE: paragraph
HEADING: False
BOLD: False
NUMBERED: False
FONT SIZE: 9.5
TEXT: analysis where permitted), and electromagnetic compatibility testing. The Government reserves the right to witness all
2026-08-21 17:11:47.746 | INFO     | app.worker:process_document:58 - 
BLOCK 6
TYPE: paragraph
HEADING: False
BOLD: False
NUMBERED: False
FONT SIZE: 9.5
TEXT: FAT events.
2026-08-21 17:11:47.747 | INFO     | app.worker:process_document:58 - 
BLOCK 7
TYPE: heading
HEADING: True
BOLD: True
NUMBERED: True
FONT SIZE: 9.5
TEXT: 7.3 Acceptance Test Procedure. Every production unit shall undergo an Acceptance Test Procedure (ATP) that
2026-08-21 17:11:47.747 | INFO     | app.worker:process_document:58 - 
BLOCK 8
TYPE: paragraph
HEADING: False
BOLD: False
NUMBERED: False
FONT SIZE: 9.5
TEXT: verifies critical performance parameters, BIT functionality, and interface compliance. The ATP shall be approved by the
2026-08-21 17:11:47.748 | INFO     | app.worker:process_document:58 - 
BLOCK 9
TYPE: paragraph
HEADING: False
BOLD: False
NUMBERED: False
FONT SIZE: 9.5
TEXT: Government prior to first use. A Certificate of Conformance (CoC) shall accompany each delivered unit.
2026-08-21 17:11:47.748 | INFO     | app.worker:process_document:58 - 
BLOCK 10
TYPE: heading
HEADING: True
BOLD: True
NUMBERED: True
FONT SIZE: 13.0
TEXT: 8. QUALITY ASSURANCE PROVISIONS
2026-08-21 17:11:47.749 | INFO     | app.worker:process_document:58 - 
BLOCK 11
TYPE: heading
HEADING: True
BOLD: True
NUMBERED: True
FONT SIZE: 9.5
TEXT: 8.1 Quality Management System. The contractor shall maintain a Quality Management System certified to SAE
2026-08-21 17:11:47.750 | INFO     | app.worker:process_document:58 - 
BLOCK 12
TYPE: paragraph
HEADING: False
BOLD: False
NUMBERED: False
FONT SIZE: 9.5
TEXT: AS9100D (or equivalent) and shall flow down applicable quality requirements to all subcontractors and suppliers of
2026-08-21 17:11:47.756 | INFO     | app.worker:process_document:58 - 
BLOCK 13
TYPE: paragraph
HEADING: False
BOLD: False
NUMBERED: False
FONT SIZE: 9.5
TEXT: critical items listed in Table 4-1.
2026-08-21 17:11:47.758 | INFO     | app.worker:process_document:58 - 
BLOCK 14
TYPE: heading
HEADING: True
BOLD: True
NUMBERED: True
FONT SIZE: 9.5
TEXT: 8.2 Configuration Management. All design artifacts, software baselines, and manufacturing process documentation
2026-08-21 17:11:47.758 | INFO     | app.worker:process_document:58 - 
BLOCK 15
TYPE: paragraph
HEADING: False
BOLD: False
NUMBERED: False
FONT SIZE: 9.5
TEXT: shall be placed under formal configuration control. Changes affecting form, fit, function, or interfaces shall be submitted
2026-08-21 17:11:47.759 | INFO     | app.worker:process_document:58 - 
BLOCK 16
TYPE: paragraph
HEADING: False
BOLD: False
NUMBERED: False
FONT SIZE: 9.5
TEXT: as Engineering Change Proposals (ECPs) and require Government approval before implementation on deliverable
2026-08-21 17:11:47.759 | INFO     | app.worker:process_document:58 - 
BLOCK 17
TYPE: paragraph
HEADING: False
BOLD: False
NUMBERED: False
FONT SIZE: 9.5
TEXT: hardware.
2026-08-21 17:11:47.760 | INFO     | app.worker:process_document:58 - 
BLOCK 18
TYPE: heading
HEADING: True
BOLD: True
NUMBERED: True
FONT SIZE: 9.5
TEXT: 8.3 Inspection and Audit Rights. The Government reserves the right to conduct quality audits, process reviews, and
2026-08-21 17:11:47.761 | INFO     | app.worker:process_document:58 - 
BLOCK 19
TYPE: paragraph
HEADING: False
BOLD: False
NUMBERED: False
FONT SIZE: 9.5
TEXT: source inspections at the contractor’s and major subcontractors’ facilities with five working days’ notice. The contractor
2026-08-21 17:11:47.761 | INFO     | app.worker:process_document:58 - 
BLOCK 20
TYPE: paragraph
HEADING: False
BOLD: False
NUMBERED: False
FONT SIZE: 9.5
TEXT: shall provide reasonable facilities and access to records.
2026-08-21 17:11:47.763 | INFO     | app.worker:process_document:58 - 
BLOCK 21
TYPE: heading
HEADING: True
BOLD: True
NUMBERED: True
FONT SIZE: 13.0
TEXT: 9. PACKAGING, HANDLING, STORAGE, AND TRANSPORTABILITY
2026-08-21 17:11:47.763 | INFO     | app.worker:process_document:58 - 
BLOCK 22
TYPE: paragraph
HEADING: False
BOLD: False
NUMBERED: False
FONT SIZE: 9.5
TEXT: The Payload and all LRUs shall be packaged in reusable transit cases that protect against the storage environments
2026-08-21 17:11:47.764 | INFO     | app.worker:process_document:58 - 
BLOCK 23
TYPE: paragraph
HEADING: False
BOLD: False
NUMBERED: False
FONT SIZE: 9.5
TEXT: listed in Table 6-1. Cases shall include desiccant, humidity indicator cards, and shock watches. The complete system
2026-08-21 17:11:47.764 | INFO     | app.worker:process_document:58 - 
BLOCK 24
TYPE: paragraph
HEADING: False
BOLD: False
NUMBERED: False
FONT SIZE: 9.5
TEXT: in its transit case shall not exceed 120 kg and shall be capable of being handled by a two-person lift team. Marking
2026-08-21 17:11:47.765 | INFO     | app.worker:process_document:58 - 
BLOCK 25
TYPE: paragraph
HEADING: False
BOLD: False
NUMBERED: False
FONT SIZE: 9.5
TEXT: shall comply with MIL-STD-129R. Each case shall be labeled with the part number, serial number, contract number,
2026-08-21 17:11:47.765 | INFO     | app.worker:process_document:58 - 
BLOCK 26
TYPE: paragraph
HEADING: False
BOLD: False
NUMBERED: False
FONT SIZE: 9.5
TEXT: and a unique barcode readable by standard CBP logistics systems.
2026-08-21 17:11:47.766 | INFO     | app.worker:process_document:58 - 
BLOCK 27
TYPE: heading
HEADING: True
BOLD: True
NUMBERED: True
FONT SIZE: 13.0
TEXT: 10. NOTES
2026-08-21 17:11:47.766 | INFO     | app.worker:process_document:58 - 
BLOCK 28
TYPE: heading
HEADING: True
BOLD: True
NUMBERED: True
FONT SIZE: 9.5
TEXT: 10.1 Intended Use. The Payload is intended for persistent wide-area surveillance in support of border security,
2026-08-21 17:11:47.767 | INFO     | app.worker:process_document:58 - 
BLOCK 29
TYPE: paragraph
HEADING: False
BOLD: False
NUMBERED: False
FONT SIZE: 9.5
TEXT: maritime domain awareness, and related homeland-security missions. It is not intended for use on manned aircraft
2026-08-21 17:11:47.767 | INFO     | app.worker:process_document:58 - 
BLOCK 30
TYPE: paragraph
HEADING: False
BOLD: False
NUMBERED: False
FONT SIZE: 9.5
TEXT: without additional certification.
2026-08-21 17:11:47.770 | INFO     | app.worker:process_document:58 - 
BLOCK 31
TYPE: paragraph
HEADING: False
BOLD: False
NUMBERED: False
FONT SIZE: 8.0
TEXT: TS-2024-HALE-SENSOR-001 Rev C | Page 7
2026-08-21 17:11:47.771 | INFO     | app.worker:process_document:52 - 
PAGE 8 (16 blocks)
2026-08-21 17:11:47.772 | INFO     | app.worker:process_document:58 - 
BLOCK 0
TYPE: paragraph
HEADING: False
BOLD: True
NUMBERED: False
FONT SIZE: 7.0
TEXT: CUI // CONTROLLED UNCLASSIFIED INFORMATION CUI
2026-08-21 17:11:47.773 | INFO     | app.worker:process_document:58 - 
BLOCK 1
TYPE: heading
HEADING: True
BOLD: True
NUMBERED: True
FONT SIZE: 9.5
TEXT: 10.2 Definitions. For the purposes of this specification the following definitions apply: (a) Critical Failure – any failure
2026-08-21 17:11:47.773 | INFO     | app.worker:process_document:58 - 
BLOCK 2
TYPE: paragraph
HEADING: False
BOLD: False
NUMBERED: False
FONT SIZE: 9.5
TEXT: that prevents the Payload from performing its primary detection or geo-location function; (b) Organizational Level –
2026-08-21 17:11:47.774 | INFO     | app.worker:process_document:58 - 
BLOCK 3
TYPE: paragraph
HEADING: False
BOLD: False
NUMBERED: False
FONT SIZE: 9.5
TEXT: maintenance performed by Government or contractor personnel at the operating location using only the supplied tool
2026-08-21 17:11:47.775 | INFO     | app.worker:process_document:58 - 
BLOCK 4
TYPE: paragraph
HEADING: False
BOLD: False
NUMBERED: False
FONT SIZE: 9.5
TEXT: kit and spares; (c) CEP50 – Circular Error Probable, the radius of a circle centered on the true location that contains 50
2026-08-21 17:11:47.775 | INFO     | app.worker:process_document:58 - 
BLOCK 5
TYPE: paragraph
HEADING: False
BOLD: False
NUMBERED: False
FONT SIZE: 9.5
TEXT: % of the measured points; (d) NEdT – Noise Equivalent differential Temperature, a measure of thermal sensitivity of an
2026-08-21 17:11:47.776 | INFO     | app.worker:process_document:58 - 
BLOCK 6
TYPE: paragraph
HEADING: False
BOLD: False
NUMBERED: False
FONT SIZE: 9.5
TEXT: infrared sensor.
2026-08-21 17:11:47.777 | INFO     | app.worker:process_document:58 - 
BLOCK 7
TYPE: heading
HEADING: True
BOLD: True
NUMBERED: True
FONT SIZE: 9.5
TEXT: 10.3 Revision History. Rev A – Initial release (12 Mar 2024). Rev B – Updated power and mass allocations; added
2026-08-21 17:11:47.778 | INFO     | app.worker:process_document:58 - 
BLOCK 8
TYPE: paragraph
HEADING: False
BOLD: False
NUMBERED: False
FONT SIZE: 9.5
TEXT: SWIR range requirement (28 May 2024). Rev C – Incorporated industry comments; expanded BOM table; added
2026-08-21 17:11:47.778 | INFO     | app.worker:process_document:58 - 
BLOCK 9
TYPE: paragraph
HEADING: False
BOLD: False
NUMBERED: False
FONT SIZE: 9.5
TEXT: software/cybersecurity section; clarified verification methods (15 Jul 2024).
2026-08-21 17:11:47.779 | INFO     | app.worker:process_document:58 - 
BLOCK 10
TYPE: heading
HEADING: True
BOLD: True
NUMBERED: True
FONT SIZE: 9.5
TEXT: 10.4 Point of Contact. Technical questions regarding this specification should be directed to the Contracting Officer’s
2026-08-21 17:11:47.779 | INFO     | app.worker:process_document:58 - 
BLOCK 11
TYPE: paragraph
HEADING: False
BOLD: False
NUMBERED: False
FONT SIZE: 9.5
TEXT: Technical Representative (COTR) identified in the solicitation. Formal requests for clarification or deviation must be
2026-08-21 17:11:47.780 | INFO     | app.worker:process_document:58 - 
BLOCK 12
TYPE: paragraph
HEADING: False
BOLD: False
NUMBERED: False
FONT SIZE: 9.5
TEXT: submitted through the Contracting Officer.
2026-08-21 17:11:47.780 | INFO     | app.worker:process_document:58 - 
BLOCK 13
TYPE: paragraph
HEADING: False
BOLD: False
NUMBERED: False
FONT SIZE: 9.0
TEXT: — END OF DOCUMENT —
2026-08-21 17:11:47.781 | INFO     | app.worker:process_document:58 - 
BLOCK 14
TYPE: paragraph
HEADING: False
BOLD: False
NUMBERED: False
FONT SIZE: 8.0
TEXT: TS-2024-HALE-SENSOR-001 Rev C | Page intentionally left for footer
2026-08-21 17:11:47.781 | INFO     | app.worker:process_document:58 - 
BLOCK 15
TYPE: paragraph
HEADING: False
BOLD: False
NUMBERED: False
FONT SIZE: 8.0
TEXT: TS-2024-HALE-SENSOR-001 Rev C | Page 8
2026-08-21 17:11:47.782 | INFO     | app.worker:process_document:68 - ================================================================================
2026-08-21 17:11:47.783 | INFO     | app.worker:process_document:69 - END STRUCTURED TEXT BLOCK TEST
2026-08-21 17:11:47.784 | INFO     | app.worker:process_document:70 - ================================================================================
2026-08-21 17:23:07.877 | INFO     | app.main:on_startup:64 - Starting RAG Platform in development mode
2026-08-21 17:23:39.461 | INFO     | app.main:on_startup:64 - Starting RAG Platform in development mode
2026-08-21 17:23:51.383 | INFO     | app.main:on_startup:64 - Starting RAG Platform in development mode
2026-08-21 17:24:25.478 | INFO     | app.api.documents:upload_document:49 - Document uploaded by user1@user1.com: A-Level-Biology-9700-2028-2030.pdf (DocumentType.general)
2026-08-21 17:24:25.940 | INFO     | app.worker:process_document:33 - Processing document: A-Level-Biology-9700-2028-2030.pdf (general)
2026-08-21 17:24:43.454 | INFO     | app.services.extraction_service:extract_pdf_content:220 - PDF extraction completed: 75 text pages, 0 tables
2026-08-21 17:24:43.455 | INFO     | app.worker:process_document:47 - 
================================================================================
2026-08-21 17:24:43.456 | INFO     | app.worker:process_document:48 - STRUCTURED TEXT BLOCK TEST
2026-08-21 17:24:43.457 | INFO     | app.worker:process_document:49 - ================================================================================
2026-08-21 17:24:43.457 | INFO     | app.worker:process_document:52 - 
PAGE 1 (9 blocks)
2026-08-21 17:24:43.457 | INFO     | app.worker:process_document:58 - 
BLOCK 0
TYPE: paragraph
HEADING: False
BOLD: False
NUMBERED: False
FONT SIZE: 26.0
TEXT: Syllabus
2026-08-21 17:24:43.458 | INFO     | app.worker:process_document:58 - 
BLOCK 1
TYPE: paragraph
HEADING: False
BOLD: False
NUMBERED: False
FONT SIZE: 26.0
TEXT: Cambridge International AS & A Level
2026-08-21 17:24:43.458 | INFO     | app.worker:process_document:58 - 
BLOCK 2
TYPE: paragraph
HEADING: False
BOLD: False
NUMBERED: False
FONT SIZE: 26.0
TEXT: Biology 9700
2026-08-21 17:24:43.459 | INFO     | app.worker:process_document:58 - 
BLOCK 3
TYPE: paragraph
HEADING: False
BOLD: False
NUMBERED: False
FONT SIZE: 12.0
TEXT: Use this syllabus for exams in 2028, 2029 and 2030.
2026-08-21 17:24:43.459 | INFO     | app.worker:process_document:58 - 
BLOCK 4
TYPE: paragraph
HEADING: False
BOLD: False
NUMBERED: False
FONT SIZE: 12.0
TEXT: Exams are available in the June and November series.
2026-08-21 17:24:43.460 | INFO     | app.worker:process_document:58 - 
BLOCK 5
TYPE: paragraph
HEADING: False
BOLD: False
NUMBERED: False
FONT SIZE: 12.0
TEXT: Exams are also available in the March series in India.
2026-08-21 17:24:43.461 | INFO     | app.worker:process_document:58 - 
BLOCK 6
TYPE: paragraph
HEADING: False
BOLD: False
NUMBERED: False
FONT SIZE: 11.0
TEXT: Version 1
2026-08-21 17:24:43.462 | INFO     | app.worker:process_document:58 - 
BLOCK 7
TYPE: paragraph
HEADING: False
BOLD: False
NUMBERED: False
FONT SIZE: 9.0
TEXT: For the purposes of screen readers, any mention in this document of Cambridge IGCSE
2026-08-21 17:24:43.462 | INFO     | app.worker:process_document:58 - 
BLOCK 8
TYPE: paragraph
HEADING: False
BOLD: False
NUMBERED: False
FONT SIZE: 9.0
TEXT: refers to Cambridge International General Certificate of Secondary Education.
2026-08-21 17:24:43.463 | INFO     | app.worker:process_document:52 - 
PAGE 2 (39 blocks)
2026-08-21 17:24:43.463 | INFO     | app.worker:process_document:58 - 
BLOCK 0
TYPE: paragraph
HEADING: False
BOLD: False
NUMBERED: False
FONT SIZE: 18.0
TEXT: Why choose Cambridge?
2026-08-21 17:24:43.467 | INFO     | app.worker:process_document:58 - 
BLOCK 1
TYPE: paragraph
HEADING: False
BOLD: False
NUMBERED: False
FONT SIZE: 10.0
TEXT: We work with schools worldwide to build an education that shapes knowledge, understanding and skills.
2026-08-21 17:24:43.468 | INFO     | app.worker:process_document:58 - 
BLOCK 2
TYPE: paragraph
HEADING: False
BOLD: False
NUMBERED: False
FONT SIZE: 10.0
TEXT: Together, we give learners the confidence they need to thrive and make a positive impact in a changing world.
2026-08-21 17:24:43.469 | INFO     | app.worker:process_document:58 - 
BLOCK 3
TYPE: paragraph
HEADING: False
BOLD: False
NUMBERED: False
FONT SIZE: 10.0
TEXT: As part of the University of Cambridge, we offer a globally trusted and flexible framework for education from
2026-08-21 17:24:43.469 | INFO     | app.worker:process_document:58 - 
BLOCK 4
TYPE: paragraph
HEADING: False
BOLD: False
NUMBERED: False
FONT SIZE: 10.0
TEXT: age 3 to 19, informed by research, experience, and listening to educators.
2026-08-21 17:24:43.470 | INFO     | app.worker:process_document:58 - 
BLOCK 5
TYPE: paragraph
HEADING: False
BOLD: False
NUMBERED: False
FONT SIZE: 10.0
TEXT: With recognised qualifications, high-quality resources, comprehensive support and valuable insights, we help
2026-08-21 17:24:43.470 | INFO     | app.worker:process_document:58 - 
BLOCK 6
TYPE: paragraph
HEADING: False
BOLD: False
NUMBERED: False
FONT SIZE: 10.0
TEXT: schools prepare every student for the opportunities and challenges ahead.
2026-08-21 17:24:43.471 | INFO     | app.worker:process_document:58 - 
BLOCK 7
TYPE: paragraph
HEADING: False
BOLD: False
NUMBERED: False
FONT SIZE: 11.0
TEXT: Qualifications that are recognised and valued worldwide
2026-08-21 17:24:43.471 | INFO     | app.worker:process_document:58 - 
BLOCK 8
TYPE: paragraph
HEADING: False
BOLD: False
NUMBERED: False
FONT SIZE: 10.0
TEXT: From the world’s top-ranked universities to local higher education institutions, Cambridge qualifications open
2026-08-21 17:24:43.472 | INFO     | app.worker:process_document:58 - 
BLOCK 9
TYPE: paragraph
HEADING: False
BOLD: False
NUMBERED: False
FONT SIZE: 10.0
TEXT: doors to a world of opportunities.
2026-08-21 17:24:43.473 | INFO     | app.worker:process_document:58 - 
BLOCK 10
TYPE: paragraph
HEADING: False
BOLD: False
NUMBERED: False
FONT SIZE: 11.0
TEXT: Setting a global standard
2026-08-21 17:24:43.474 | INFO     | app.worker:process_document:58 - 
BLOCK 11
TYPE: paragraph
HEADING: False
BOLD: False
NUMBERED: False
FONT SIZE: 10.0
TEXT: With over 160 years of experience in delivering fair, valid and reliable assessments to students worldwide, we
2026-08-21 17:24:43.475 | INFO     | app.worker:process_document:58 - 
BLOCK 12
TYPE: paragraph
HEADING: False
BOLD: False
NUMBERED: False
FONT SIZE: 10.0
TEXT: offer a global, recognised performance standard for international education.
2026-08-21 17:24:43.475 | INFO     | app.worker:process_document:58 - 
BLOCK 13
TYPE: paragraph
HEADING: False
BOLD: False
NUMBERED: False
FONT SIZE: 11.0
TEXT: Your path, your way
2026-08-21 17:24:43.476 | INFO     | app.worker:process_document:58 - 
BLOCK 14
TYPE: paragraph
HEADING: False
BOLD: False
NUMBERED: False
FONT SIZE: 10.0
TEXT: Schools can adapt our curriculum, high-quality teaching and learning resources and flexible assessments to
2026-08-21 17:24:43.476 | INFO     | app.worker:process_document:58 - 
BLOCK 15
TYPE: paragraph
HEADING: False
BOLD: False
NUMBERED: False
FONT SIZE: 10.0
TEXT: their local context. Our aligned offer helps Cambridge schools support every learner to reach their potential
2026-08-21 17:24:43.477 | INFO     | app.worker:process_document:58 - 
BLOCK 16
TYPE: paragraph
HEADING: False
BOLD: False
NUMBERED: False
FONT SIZE: 10.0
TEXT: and thrive.
2026-08-21 17:24:43.477 | INFO     | app.worker:process_document:58 - 
BLOCK 17
TYPE: paragraph
HEADING: False
BOLD: False
NUMBERED: False
FONT SIZE: 11.0
TEXT: Learning with lasting impact
2026-08-21 17:24:43.478 | INFO     | app.worker:process_document:58 - 
BLOCK 18
TYPE: paragraph
HEADING: False
BOLD: False
NUMBERED: False
FONT SIZE: 10.0
TEXT: Cambridge learners build subject knowledge and conceptual understanding, and develop a broad range of
2026-08-21 17:24:43.479 | INFO     | app.worker:process_document:58 - 
BLOCK 19
TYPE: paragraph
HEADING: False
BOLD: False
NUMBERED: False
FONT SIZE: 10.0
TEXT: skills, learning habits and attributes to help make them ready for the world.
2026-08-21 17:24:43.481 | INFO     | app.worker:process_document:58 - 
BLOCK 20
TYPE: paragraph
HEADING: False
BOLD: False
NUMBERED: False
FONT SIZE: 11.0
TEXT: Improving learning outcomes through data-led insight and action
2026-08-21 17:24:43.481 | INFO     | app.worker:process_document:58 - 
BLOCK 21
TYPE: paragraph
HEADING: False
BOLD: False
NUMBERED: False
FONT SIZE: 10.0
TEXT: Our trusted baseline and diagnostic assessments, together with our insights and evaluation service,
2026-08-21 17:24:43.481 | INFO     | app.worker:process_document:58 - 
BLOCK 22
TYPE: paragraph
HEADING: False
BOLD: False
NUMBERED: False
FONT SIZE: 10.0
TEXT: help schools turn data into knowledge and actionable insights, to inform teaching decisions and improve
2026-08-21 17:24:43.482 | INFO     | app.worker:process_document:58 - 
BLOCK 23
TYPE: paragraph
HEADING: False
BOLD: False
NUMBERED: False
FONT SIZE: 10.0
TEXT: learner outcomes.
2026-08-21 17:24:43.483 | INFO     | app.worker:process_document:58 - 
BLOCK 24
TYPE: paragraph
HEADING: False
BOLD: False
NUMBERED: False
FONT SIZE: 11.0
TEXT: Bringing together a community of experts
2026-08-21 17:24:43.485 | INFO     | app.worker:process_document:58 - 
BLOCK 25
TYPE: paragraph
HEADING: False
BOLD: False
NUMBERED: False
FONT SIZE: 10.0
TEXT: We bring together the collective knowledge of experts and our diverse community of educators worldwide,
2026-08-21 17:24:43.486 | INFO     | app.worker:process_document:58 - 
BLOCK 26
TYPE: paragraph
HEADING: False
BOLD: False
NUMBERED: False
FONT SIZE: 10.0
TEXT: supporting them to learn from one another and share ideas and information.
2026-08-21 17:24:43.487 | INFO     | app.worker:process_document:58 - 
BLOCK 27
TYPE: paragraph
HEADING: False
BOLD: False
NUMBERED: False
FONT SIZE: 11.0
TEXT: Tackling the climate crisis together
2026-08-21 17:24:43.487 | INFO     | app.worker:process_document:58 - 
BLOCK 28
TYPE: paragraph
HEADING: False
BOLD: False
NUMBERED: False
FONT SIZE: 10.0
TEXT: We believe that education is key to tackling the climate crisis. Together with Cambridge schools, we can
2026-08-21 17:24:43.488 | INFO     | app.worker:process_document:58 - 
BLOCK 29
TYPE: paragraph
HEADING: False
BOLD: False
NUMBERED: False
FONT SIZE: 10.0
TEXT: empower young people with the skills and knowledge to take action on climate change, helping them be ready
2026-08-21 17:24:43.488 | INFO     | app.worker:process_document:58 - 
BLOCK 30
TYPE: paragraph
HEADING: False
BOLD: False
NUMBERED: False
FONT SIZE: 10.0
TEXT: for the world.
2026-08-21 17:24:43.489 | INFO     | app.worker:process_document:58 - 
BLOCK 31
TYPE: paragraph
HEADING: False
BOLD: False
NUMBERED: False
FONT SIZE: 11.0
TEXT: School feedback: ‘We think the Cambridge curriculum is superb preparation for university.’
2026-08-21 17:24:43.490 | INFO     | app.worker:process_document:58 - 
BLOCK 32
TYPE: paragraph
HEADING: False
BOLD: False
NUMBERED: False
FONT SIZE: 9.0
TEXT: Feedback from: Christoph Guttentag, Dean of Undergraduate Admissions, Duke University, USA
2026-08-21 17:24:43.490 | INFO     | app.worker:process_document:58 - 
BLOCK 33
TYPE: paragraph
HEADING: False
BOLD: False
NUMBERED: False
FONT SIZE: 8.0
TEXT: © Cambridge University Press & Assessment September 2025
2026-08-21 17:24:43.490 | INFO     | app.worker:process_document:58 - 
BLOCK 34
TYPE: paragraph
HEADING: False
BOLD: False
NUMBERED: False
FONT SIZE: 8.0
TEXT: Cambridge International Education is the name of our awarding body and a part of Cambridge University Press & Assessment, which is a
2026-08-21 17:24:43.491 | INFO     | app.worker:process_document:58 - 
BLOCK 35
TYPE: paragraph
HEADING: False
BOLD: False
NUMBERED: False
FONT SIZE: 8.0
TEXT: department of the University of Cambridge.
2026-08-21 17:24:43.493 | INFO     | app.worker:process_document:58 - 
BLOCK 36
TYPE: paragraph
HEADING: False
BOLD: False
NUMBERED: False
FONT SIZE: 8.0
TEXT: Cambridge University Press & Assessment retains the copyright on all its publications. Registered centres are permitted to copy
2026-08-21 17:24:43.494 | INFO     | app.worker:process_document:58 - 
BLOCK 37
TYPE: paragraph
HEADING: False
BOLD: False
NUMBERED: False
FONT SIZE: 8.0
TEXT: material from this booklet for their own internal use. However, we cannot give permission to centres to photocopy any material that is
2026-08-21 17:24:43.494 | INFO     | app.worker:process_document:58 - 
BLOCK 38
TYPE: paragraph
HEADING: False
BOLD: False
NUMBERED: False
FONT SIZE: 8.0
TEXT: acknowledged to a third party even for internal use within a centre.
2026-08-21 17:24:43.495 | INFO     | app.worker:process_document:52 - 
PAGE 3 (27 blocks)
2026-08-21 17:24:43.495 | INFO     | app.worker:process_document:58 - 
BLOCK 0
TYPE: paragraph
HEADING: False
BOLD: False
NUMBERED: False
FONT SIZE: 18.0
TEXT: Contents
2026-08-21 17:24:43.496 | INFO     | app.worker:process_document:58 - 
BLOCK 1
TYPE: paragraph
HEADING: False
BOLD: False
NUMBERED: False
FONT SIZE: 11.5
TEXT: Why choose Cambridge? ............................................................................................... 2
2026-08-21 17:24:43.498 | INFO     | app.worker:process_document:58 - 
BLOCK 2
TYPE: heading
HEADING: True
BOLD: False
NUMBERED: True
FONT SIZE: 11.5
TEXT: 1 Why choose this syllabus? ........................................................................................ 5
2026-08-21 17:24:43.498 | INFO     | app.worker:process_document:58 - 
BLOCK 3
TYPE: heading
HEADING: True
BOLD: False
NUMBERED: True
FONT SIZE: 11.5
TEXT: 2 Syllabus overview ....................................................................................................... 9
2026-08-21 17:24:43.507 | INFO     | app.worker:process_document:58 - 
BLOCK 4
TYPE: paragraph
HEADING: False
BOLD: False
NUMBERED: False
FONT SIZE: 10.0
TEXT: Aims 9
2026-08-21 17:24:43.508 | INFO     | app.worker:process_document:58 - 
BLOCK 5
TYPE: paragraph
HEADING: False
BOLD: False
NUMBERED: False
FONT SIZE: 10.0
TEXT: Content overview 10
2026-08-21 17:24:43.509 | INFO     | app.worker:process_document:58 - 
BLOCK 6
TYPE: paragraph
HEADING: False
BOLD: False
NUMBERED: False
FONT SIZE: 10.0
TEXT: Assessment overview 11
2026-08-21 17:24:43.510 | INFO     | app.worker:process_document:58 - 
BLOCK 7
TYPE: paragraph
HEADING: False
BOLD: False
NUMBERED: False
FONT SIZE: 10.0
TEXT: Assessment objectives 13
2026-08-21 17:24:43.511 | INFO     | app.worker:process_document:58 - 
BLOCK 8
TYPE: heading
HEADING: True
BOLD: False
NUMBERED: True
FONT SIZE: 11.5
TEXT: 3 Subject content ......................................................................................................... 15
2026-08-21 17:24:43.514 | INFO     | app.worker:process_document:58 - 
BLOCK 9
TYPE: paragraph
HEADING: False
BOLD: False
NUMBERED: False
FONT SIZE: 10.0
TEXT: AS Level subject content 16
2026-08-21 17:24:43.515 | INFO     | app.worker:process_document:58 - 
BLOCK 10
TYPE: paragraph
HEADING: False
BOLD: False
NUMBERED: False
FONT SIZE: 10.0
TEXT: A Level subject content 33
2026-08-21 17:24:43.520 | INFO     | app.worker:process_document:58 - 
BLOCK 11
TYPE: heading
HEADING: True
BOLD: False
NUMBERED: True
FONT SIZE: 11.5
TEXT: 4 Details of the assessment ....................................................................................... 50
2026-08-21 17:24:43.523 | INFO     | app.worker:process_document:58 - 
BLOCK 12
TYPE: paragraph
HEADING: False
BOLD: False
NUMBERED: False
FONT SIZE: 10.0
TEXT: Paper 1 – Multiple Choice 50
2026-08-21 17:24:43.523 | INFO     | app.worker:process_document:58 - 
BLOCK 13
TYPE: paragraph
HEADING: False
BOLD: False
NUMBERED: False
FONT SIZE: 10.0
TEXT: Paper 2 – AS Level Structured Questions 50
2026-08-21 17:24:43.524 | INFO     | app.worker:process_document:58 - 
BLOCK 14
TYPE: paragraph
HEADING: False
BOLD: False
NUMBERED: False
FONT SIZE: 10.0
TEXT: Paper 3 – Advanced Practical Skills 50
2026-08-21 17:24:43.525 | INFO     | app.worker:process_document:58 - 
BLOCK 15
TYPE: paragraph
HEADING: False
BOLD: False
NUMBERED: False
FONT SIZE: 10.0
TEXT: Paper 4 – A Level Structured Questions 50
2026-08-21 17:24:43.525 | INFO     | app.worker:process_document:58 - 
BLOCK 16
TYPE: paragraph
HEADING: False
BOLD: False
NUMBERED: False
FONT SIZE: 10.0
TEXT: Paper 5 – Planning, Analysis and Evaluation 50
2026-08-21 17:24:43.526 | INFO     | app.worker:process_document:58 - 
BLOCK 17
TYPE: paragraph
HEADING: False
BOLD: False
NUMBERED: False
FONT SIZE: 10.0
TEXT: Command words 51
2026-08-21 17:24:43.527 | INFO     | app.worker:process_document:58 - 
BLOCK 18
TYPE: heading
HEADING: True
BOLD: False
NUMBERED: True
FONT SIZE: 11.5
TEXT: 5 Practical assessment ............................................................................................... 52
2026-08-21 17:24:43.528 | INFO     | app.worker:process_document:58 - 
BLOCK 19
TYPE: paragraph
HEADING: False
BOLD: False
NUMBERED: False
FONT SIZE: 10.0
TEXT: Introduction 52
2026-08-21 17:24:43.529 | INFO     | app.worker:process_document:58 - 
BLOCK 20
TYPE: paragraph
HEADING: False
BOLD: False
NUMBERED: False
FONT SIZE: 10.0
TEXT: Paper 3 – Advanced Practical Skills 52
2026-08-21 17:24:43.529 | INFO     | app.worker:process_document:58 - 
BLOCK 21
TYPE: paragraph
HEADING: False
BOLD: False
NUMBERED: False
FONT SIZE: 10.0
TEXT: Paper 5 – Planning, Analysis and Evaluation 60
2026-08-21 17:24:43.530 | INFO     | app.worker:process_document:58 - 
BLOCK 22
TYPE: heading
HEADING: True
BOLD: False
NUMBERED: True
FONT SIZE: 11.5
TEXT: 6 Additional information .............................................................................................. 64
2026-08-21 17:24:43.530 | INFO     | app.worker:process_document:58 - 
BLOCK 23
TYPE: paragraph
HEADING: False
BOLD: False
NUMBERED: False
FONT SIZE: 10.0
TEXT: Mathematical requirements 64
2026-08-21 17:24:43.531 | INFO     | app.worker:process_document:58 - 
BLOCK 24
TYPE: paragraph
HEADING: False
BOLD: False
NUMBERED: False
FONT SIZE: 10.0
TEXT: Mathematical formulae (A Level only) 66
2026-08-21 17:24:43.532 | INFO     | app.worker:process_document:58 - 
BLOCK 25
TYPE: paragraph
HEADING: False
BOLD: False
NUMBERED: False
FONT SIZE: 10.0
TEXT: Notes on the use of statistics in Biology (A Level only) 68
2026-08-21 17:24:43.533 | INFO     | app.worker:process_document:58 - 
BLOCK 26
TYPE: paragraph
HEADING: False
BOLD: False
NUMBERED: False
FONT SIZE: 9.5
TEXT: www.cambridgeinternational.org/alevel 3
2026-08-21 17:24:43.537 | INFO     | app.worker:process_document:52 - 
PAGE 4 (13 blocks)
2026-08-21 17:24:43.538 | INFO     | app.worker:process_document:58 - 
BLOCK 0
TYPE: heading
HEADING: True
BOLD: False
NUMBERED: True
FONT SIZE: 11.5
TEXT: 7 What else you need to know ................................................................................... 69
2026-08-21 17:24:43.538 | INFO     | app.worker:process_document:58 - 
BLOCK 1
TYPE: paragraph
HEADING: False
BOLD: False
NUMBERED: False
FONT SIZE: 10.0
TEXT: Before you start 69
2026-08-21 17:24:43.539 | INFO     | app.worker:process_document:58 - 
BLOCK 2
TYPE: paragraph
HEADING: False
BOLD: False
NUMBERED: False
FONT SIZE: 10.0
TEXT: Making entries 70
2026-08-21 17:24:43.539 | INFO     | app.worker:process_document:58 - 
BLOCK 3
TYPE: paragraph
HEADING: False
BOLD: False
NUMBERED: False
FONT SIZE: 10.0
TEXT: Accessibility and equality 71
2026-08-21 17:24:43.540 | INFO     | app.worker:process_document:58 - 
BLOCK 4
TYPE: paragraph
HEADING: False
BOLD: False
NUMBERED: False
FONT SIZE: 10.0
TEXT: After the exam 72
2026-08-21 17:24:43.540 | INFO     | app.worker:process_document:58 - 
BLOCK 5
TYPE: paragraph
HEADING: False
BOLD: False
NUMBERED: False
FONT SIZE: 10.0
TEXT: How students, teachers and higher education can use the grades 73
2026-08-21 17:24:43.541 | INFO     | app.worker:process_document:58 - 
BLOCK 6
TYPE: paragraph
HEADING: False
BOLD: False
NUMBERED: False
FONT SIZE: 10.0
TEXT: Changes to this syllabus for 2028, 2029 and 2030 74
2026-08-21 17:24:43.541 | INFO     | app.worker:process_document:58 - 
BLOCK 7
TYPE: paragraph
HEADING: False
BOLD: False
NUMBERED: False
FONT SIZE: 11.0
TEXT: Important: Changes to this syllabus
2026-08-21 17:24:43.542 | INFO     | app.worker:process_document:58 - 
BLOCK 8
TYPE: paragraph
HEADING: False
BOLD: False
NUMBERED: False
FONT SIZE: 10.0
TEXT: The latest syllabus is version 1, published September 2025. There are no significant changes which affect
2026-08-21 17:24:43.542 | INFO     | app.worker:process_document:58 - 
BLOCK 9
TYPE: paragraph
HEADING: False
BOLD: False
NUMBERED: False
FONT SIZE: 10.0
TEXT: teaching.
2026-08-21 17:24:43.543 | INFO     | app.worker:process_document:58 - 
BLOCK 10
TYPE: paragraph
HEADING: False
BOLD: False
NUMBERED: False
FONT SIZE: 10.0
TEXT: Any textbooks endorsed to support the syllabus for examination from 2022 are still suitable for use with this
2026-08-21 17:24:43.545 | INFO     | app.worker:process_document:58 - 
BLOCK 11
TYPE: paragraph
HEADING: False
BOLD: False
NUMBERED: False
FONT SIZE: 10.0
TEXT: syllabus.
2026-08-21 17:24:43.546 | INFO     | app.worker:process_document:58 - 
BLOCK 12
TYPE: paragraph
HEADING: False
BOLD: False
NUMBERED: False
FONT SIZE: 9.5
TEXT: www.cambridgeinternational.org/alevel 4
2026-08-21 17:24:43.546 | INFO     | app.worker:process_document:52 - 
PAGE 5 (33 blocks)
2026-08-21 17:24:43.546 | INFO     | app.worker:process_document:58 - 
BLOCK 0
TYPE: paragraph
HEADING: False
BOLD: False
NUMBERED: False
FONT SIZE: 9.0
TEXT: Cambridge International AS & A Level Biology 9700 syllabus for 2028, 2029 and 2030.
2026-08-21 17:24:43.547 | INFO     | app.worker:process_document:58 - 
BLOCK 1
TYPE: heading
HEADING: True
BOLD: False
NUMBERED: True
FONT SIZE: 18.0
TEXT: 1 Why choose this syllabus?
2026-08-21 17:24:43.547 | INFO     | app.worker:process_document:58 - 
BLOCK 2
TYPE: paragraph
HEADING: False
BOLD: False
NUMBERED: False
FONT SIZE: 16.0
TEXT: Key benefits
2026-08-21 17:24:43.548 | INFO     | app.worker:process_document:58 - 
BLOCK 3
TYPE: paragraph
HEADING: False
BOLD: False
NUMBERED: False
FONT SIZE: 10.0
TEXT: The best motivation for a student is a real passion for the subject
2026-08-21 17:24:43.551 | INFO     | app.worker:process_document:58 - 
BLOCK 4
TYPE: paragraph
HEADING: False
BOLD: False
NUMBERED: False
FONT SIZE: 10.0
TEXT: they are learning. Cambridge International AS & A Level give
2026-08-21 17:24:43.552 | INFO     | app.worker:process_document:58 - 
BLOCK 5
TYPE: paragraph
HEADING: False
BOLD: False
NUMBERED: False
FONT SIZE: 10.0
TEXT: schools flexibility to offer a broad and balanced curriculum with
2026-08-21 17:24:43.553 | INFO     | app.worker:process_document:58 - 
BLOCK 6
TYPE: paragraph
HEADING: False
BOLD: False
NUMBERED: False
FONT SIZE: 10.0
TEXT: a choice of over 50 subjects. Students can select the subjects
2026-08-21 17:24:43.554 | INFO     | app.worker:process_document:58 - 
BLOCK 7
TYPE: paragraph
HEADING: False
BOLD: False
NUMBERED: False
FONT SIZE: 10.0
TEXT: they love and that they are best at, enabling them to reach their
2026-08-21 17:24:43.555 | INFO     | app.worker:process_document:58 - 
BLOCK 8
TYPE: paragraph
HEADING: False
BOLD: False
NUMBERED: False
FONT SIZE: 10.0
TEXT: potential and thrive.
2026-08-21 17:24:43.555 | INFO     | app.worker:process_document:58 - 
BLOCK 9
TYPE: paragraph
HEADING: False
BOLD: False
NUMBERED: False
FONT SIZE: 10.0
TEXT: Following a Cambridge International AS & A Level programme
2026-08-21 17:24:43.557 | INFO     | app.worker:process_document:58 - 
BLOCK 10
TYPE: paragraph
HEADING: False
BOLD: False
NUMBERED: False
FONT SIZE: 10.0
TEXT: helps students develop abilities which universities value highly,
2026-08-21 17:24:43.557 | INFO     | app.worker:process_document:58 - 
BLOCK 11
TYPE: paragraph
HEADING: False
BOLD: False
NUMBERED: False
FONT SIZE: 10.0
TEXT: including:
2026-08-21 17:24:43.558 | INFO     | app.worker:process_document:58 - 
BLOCK 12
TYPE: paragraph
HEADING: False
BOLD: False
NUMBERED: False
FONT SIZE: 10.0
TEXT: • a deep subject knowledge
2026-08-21 17:24:43.558 | INFO     | app.worker:process_document:58 - 
BLOCK 13
TYPE: paragraph
HEADING: False
BOLD: False
NUMBERED: False
FONT SIZE: 10.0
TEXT: • conceptual understanding and higher-level thinking skills
2026-08-21 17:24:43.559 | INFO     | app.worker:process_document:58 - 
BLOCK 14
TYPE: paragraph
HEADING: False
BOLD: False
NUMBERED: False
FONT SIZE: 10.0
TEXT: • presenting ordered and coherent arguments
2026-08-21 17:24:43.559 | INFO     | app.worker:process_document:58 - 
BLOCK 15
TYPE: paragraph
HEADING: False
BOLD: False
NUMBERED: False
FONT SIZE: 10.0
TEXT: • independent learning and research.
2026-08-21 17:24:43.560 | INFO     | app.worker:process_document:58 - 
BLOCK 16
TYPE: paragraph
HEADING: False
BOLD: False
NUMBERED: False
FONT SIZE: 10.0
TEXT: Cambridge International AS & A Level Biology develops a set of transferable skills including handling data,
2026-08-21 17:24:43.560 | INFO     | app.worker:process_document:58 - 
BLOCK 17
TYPE: paragraph
HEADING: False
BOLD: False
NUMBERED: False
FONT SIZE: 10.0
TEXT: practical problem-solving, and applying the scientific method. Learners develop relevant attitudes, such as
2026-08-21 17:24:43.561 | INFO     | app.worker:process_document:58 - 
BLOCK 18
TYPE: paragraph
HEADING: False
BOLD: False
NUMBERED: False
FONT SIZE: 10.0
TEXT: concern for accuracy and precision, objectivity, integrity, enquiry, initiative and inventiveness. They acquire the
2026-08-21 17:24:43.562 | INFO     | app.worker:process_document:58 - 
BLOCK 19
TYPE: paragraph
HEADING: False
BOLD: False
NUMBERED: False
FONT SIZE: 10.0
TEXT: essential scientific skills required for progression to further studies or employment.
2026-08-21 17:24:43.563 | INFO     | app.worker:process_document:58 - 
BLOCK 20
TYPE: paragraph
HEADING: False
BOLD: False
NUMBERED: False
FONT SIZE: 10.0
TEXT: Our approach in Cambridge International AS & A Level Biology supports the development of learners who are:
2026-08-21 17:24:43.563 | INFO     | app.worker:process_document:58 - 
BLOCK 21
TYPE: paragraph
HEADING: False
BOLD: False
NUMBERED: False
FONT SIZE: 10.0
TEXT: confident , secure in their knowledge, keen to explore further and able to communicate effectively through the
2026-08-21 17:24:43.563 | INFO     | app.worker:process_document:58 - 
BLOCK 22
TYPE: paragraph
HEADING: False
BOLD: False
NUMBERED: False
FONT SIZE: 10.0
TEXT: language of science
2026-08-21 17:24:43.564 | INFO     | app.worker:process_document:58 - 
BLOCK 23
TYPE: paragraph
HEADING: False
BOLD: False
NUMBERED: False
FONT SIZE: 10.0
TEXT: responsible , developing efficient and safe scientific practices and working collaboratively with others
2026-08-21 17:24:43.564 | INFO     | app.worker:process_document:58 - 
BLOCK 24
TYPE: paragraph
HEADING: False
BOLD: False
NUMBERED: False
FONT SIZE: 10.0
TEXT: reflective , able to evaluate evidence to draw informed and appropriate conclusions and recognising that the
2026-08-21 17:24:43.565 | INFO     | app.worker:process_document:58 - 
BLOCK 25
TYPE: paragraph
HEADING: False
BOLD: False
NUMBERED: False
FONT SIZE: 10.0
TEXT: applications of science have the potential to affect the individual, the community and the environment
2026-08-21 17:24:43.565 | INFO     | app.worker:process_document:58 - 
BLOCK 26
TYPE: paragraph
HEADING: False
BOLD: False
NUMBERED: False
FONT SIZE: 10.0
TEXT: innovative , applying problem-solving skills to novel situations and engaging with new tools and techniques,
2026-08-21 17:24:43.566 | INFO     | app.worker:process_document:58 - 
BLOCK 27
TYPE: paragraph
HEADING: False
BOLD: False
NUMBERED: False
FONT SIZE: 10.0
TEXT: including information technology, to develop successful approaches
2026-08-21 17:24:43.567 | INFO     | app.worker:process_document:58 - 
BLOCK 28
TYPE: paragraph
HEADING: False
BOLD: False
NUMBERED: False
FONT SIZE: 10.0
TEXT: engaged , developing an enquiring mind, keen to apply scientific skills in everyday life.
2026-08-21 17:24:43.568 | INFO     | app.worker:process_document:58 - 
BLOCK 29
TYPE: paragraph
HEADING: False
BOLD: False
NUMBERED: False
FONT SIZE: 11.0
TEXT: School feedback: ‘Cambridge students develop a deep understanding of subjects and
2026-08-21 17:24:43.569 | INFO     | app.worker:process_document:58 - 
BLOCK 30
TYPE: paragraph
HEADING: False
BOLD: False
NUMBERED: False
FONT SIZE: 11.0
TEXT: independent thinking skills.’
2026-08-21 17:24:43.569 | INFO     | app.worker:process_document:58 - 
BLOCK 31
TYPE: paragraph
HEADING: False
BOLD: False
NUMBERED: False
FONT SIZE: 9.0
TEXT: Feedback from: Principal, Rockledge High School, USA
2026-08-21 17:24:43.579 | INFO     | app.worker:process_document:58 - 
BLOCK 32
TYPE: paragraph
HEADING: False
BOLD: False
NUMBERED: False
FONT SIZE: 9.17
TEXT: Back to contents page www.cambridgeinternational.org/alevel 5
2026-08-21 17:24:43.580 | INFO     | app.worker:process_document:52 - 
PAGE 6 (41 blocks)
2026-08-21 17:24:43.581 | INFO     | app.worker:process_document:58 - 
BLOCK 0
TYPE: paragraph
HEADING: False
BOLD: False
NUMBERED: False
FONT SIZE: 9.0
TEXT: Cambridge International AS & A Level Biology 9700 syllabus for 2028, 2029 and 2030. Why choose this syllabus?
2026-08-21 17:24:43.584 | INFO     | app.worker:process_document:58 - 
BLOCK 1
TYPE: paragraph
HEADING: False
BOLD: False
NUMBERED: False
FONT SIZE: 16.0
TEXT: Key concepts
2026-08-21 17:24:43.586 | INFO     | app.worker:process_document:58 - 
BLOCK 2
TYPE: paragraph
HEADING: False
BOLD: False
NUMBERED: False
FONT SIZE: 10.0
TEXT: Key concepts are essential ideas that help students develop a deep understanding of their subject and make
2026-08-21 17:24:43.587 | INFO     | app.worker:process_document:58 - 
BLOCK 3
TYPE: paragraph
HEADING: False
BOLD: False
NUMBERED: False
FONT SIZE: 10.0
TEXT: links between different aspects. Key concepts may open up new ways of thinking about, understanding or
2026-08-21 17:24:43.587 | INFO     | app.worker:process_document:58 - 
BLOCK 4
TYPE: paragraph
HEADING: False
BOLD: False
NUMBERED: False
FONT SIZE: 10.0
TEXT: interpreting the important things to be learned.
2026-08-21 17:24:43.588 | INFO     | app.worker:process_document:58 - 
BLOCK 5
TYPE: paragraph
HEADING: False
BOLD: False
NUMBERED: False
FONT SIZE: 10.0
TEXT: Good teaching and learning will incorporate and reinforce a subject’s key concepts to help students gain:
2026-08-21 17:24:43.589 | INFO     | app.worker:process_document:58 - 
BLOCK 6
TYPE: paragraph
HEADING: False
BOLD: False
NUMBERED: False
FONT SIZE: 10.0
TEXT: • a greater depth as well as breadth of subject knowledge
2026-08-21 17:24:43.602 | INFO     | app.worker:process_document:58 - 
BLOCK 7
TYPE: paragraph
HEADING: False
BOLD: False
NUMBERED: False
FONT SIZE: 10.0
TEXT: • confidence, especially in applying knowledge and skills in new situations
2026-08-21 17:24:43.603 | INFO     | app.worker:process_document:58 - 
BLOCK 8
TYPE: paragraph
HEADING: False
BOLD: False
NUMBERED: False
FONT SIZE: 10.0
TEXT: • the vocabulary to discuss their subject conceptually and show how different aspects link together
2026-08-21 17:24:43.604 | INFO     | app.worker:process_document:58 - 
BLOCK 9
TYPE: paragraph
HEADING: False
BOLD: False
NUMBERED: False
FONT SIZE: 10.0
TEXT: • a level of mastery of their subject to help them enter higher education.
2026-08-21 17:24:43.605 | INFO     | app.worker:process_document:58 - 
BLOCK 10
TYPE: paragraph
HEADING: False
BOLD: False
NUMBERED: False
FONT SIZE: 10.0
TEXT: Carefully introducing and developing key concepts at the right time will help to underpin the teaching. You may
2026-08-21 17:24:43.606 | INFO     | app.worker:process_document:58 - 
BLOCK 11
TYPE: paragraph
HEADING: False
BOLD: False
NUMBERED: False
FONT SIZE: 10.0
TEXT: identify additional key concepts which will also enrich teaching and learning.
2026-08-21 17:24:43.606 | INFO     | app.worker:process_document:58 - 
BLOCK 12
TYPE: paragraph
HEADING: False
BOLD: False
NUMBERED: False
FONT SIZE: 10.0
TEXT: The key concepts for Cambridge International AS & A Level Biology are:
2026-08-21 17:24:43.607 | INFO     | app.worker:process_document:58 - 
BLOCK 13
TYPE: paragraph
HEADING: False
BOLD: False
NUMBERED: False
FONT SIZE: 10.0
TEXT: • Cells as the units of life
2026-08-21 17:24:43.608 | INFO     | app.worker:process_document:58 - 
BLOCK 14
TYPE: paragraph
HEADING: False
BOLD: False
NUMBERED: False
FONT SIZE: 10.0
TEXT: A cell is the basic unit of life and all organisms are composed of one or more cells. There are two
2026-08-21 17:24:43.609 | INFO     | app.worker:process_document:58 - 
BLOCK 15
TYPE: paragraph
HEADING: False
BOLD: False
NUMBERED: False
FONT SIZE: 10.0
TEXT: fundamental types of cell: prokaryotic and eukaryotic. Understanding how cells work provides an insight
2026-08-21 17:24:43.610 | INFO     | app.worker:process_document:58 - 
BLOCK 16
TYPE: paragraph
HEADING: False
BOLD: False
NUMBERED: False
FONT SIZE: 10.0
TEXT: into the fundamental processes of all living organisms.
2026-08-21 17:24:43.611 | INFO     | app.worker:process_document:58 - 
BLOCK 17
TYPE: paragraph
HEADING: False
BOLD: False
NUMBERED: False
FONT SIZE: 10.0
TEXT: • Biochemical processes
2026-08-21 17:24:43.611 | INFO     | app.worker:process_document:58 - 
BLOCK 18
TYPE: paragraph
HEADING: False
BOLD: False
NUMBERED: False
FONT SIZE: 10.0
TEXT: Cells are dynamic structures within which the chemistry of life takes place. Biochemistry and molecular
2026-08-21 17:24:43.612 | INFO     | app.worker:process_document:58 - 
BLOCK 19
TYPE: paragraph
HEADING: False
BOLD: False
NUMBERED: False
FONT SIZE: 10.0
TEXT: biology help to explain how and why cells function as they do.
2026-08-21 17:24:43.620 | INFO     | app.worker:process_document:58 - 
BLOCK 20
TYPE: paragraph
HEADING: False
BOLD: False
NUMBERED: False
FONT SIZE: 10.0
TEXT: • DNA, the molecule of heredity
2026-08-21 17:24:43.622 | INFO     | app.worker:process_document:58 - 
BLOCK 21
TYPE: paragraph
HEADING: False
BOLD: False
NUMBERED: False
FONT SIZE: 10.0
TEXT: Cells contain the molecule of heredity, DNA. DNA is essential for the continuity and evolution of life by
2026-08-21 17:24:43.623 | INFO     | app.worker:process_document:58 - 
BLOCK 22
TYPE: paragraph
HEADING: False
BOLD: False
NUMBERED: False
FONT SIZE: 10.0
TEXT: allowing genetic information to be stored accurately, to be copied to daughter cells, to be passed from one
2026-08-21 17:24:43.625 | INFO     | app.worker:process_document:58 - 
BLOCK 23
TYPE: paragraph
HEADING: False
BOLD: False
NUMBERED: False
FONT SIZE: 10.0
TEXT: generation to the next and for the controlled production of proteins. Rare errors in the accurate copying of
2026-08-21 17:24:43.626 | INFO     | app.worker:process_document:58 - 
BLOCK 24
TYPE: paragraph
HEADING: False
BOLD: False
NUMBERED: False
FONT SIZE: 10.0
TEXT: DNA known as mutations result in genetic variation and are essential for evolution.
2026-08-21 17:24:43.627 | INFO     | app.worker:process_document:58 - 
BLOCK 25
TYPE: paragraph
HEADING: False
BOLD: False
NUMBERED: False
FONT SIZE: 10.0
TEXT: • Natural selection
2026-08-21 17:24:43.629 | INFO     | app.worker:process_document:58 - 
BLOCK 26
TYPE: paragraph
HEADING: False
BOLD: False
NUMBERED: False
FONT SIZE: 10.0
TEXT: Natural selection acts on genetic variation and is the major mechanism in evolution, including speciation.
2026-08-21 17:24:43.630 | INFO     | app.worker:process_document:58 - 
BLOCK 27
TYPE: paragraph
HEADING: False
BOLD: False
NUMBERED: False
FONT SIZE: 10.0
TEXT: Natural selection results in the accumulation of beneficial genetic mutations within populations and explains
2026-08-21 17:24:43.633 | INFO     | app.worker:process_document:58 - 
BLOCK 28
TYPE: paragraph
HEADING: False
BOLD: False
NUMBERED: False
FONT SIZE: 10.0
TEXT: how populations can adapt to meet the demands of changing environments.
2026-08-21 17:24:43.635 | INFO     | app.worker:process_document:58 - 
BLOCK 29
TYPE: paragraph
HEADING: False
BOLD: False
NUMBERED: False
FONT SIZE: 10.0
TEXT: • Organisms in their environment
2026-08-21 17:24:43.635 | INFO     | app.worker:process_document:58 - 
BLOCK 30
TYPE: paragraph
HEADING: False
BOLD: False
NUMBERED: False
FONT SIZE: 10.0
TEXT: All organisms interact with their biotic and abiotic environment. Studying these interactions allows biologists
2026-08-21 17:24:43.638 | INFO     | app.worker:process_document:58 - 
BLOCK 31
TYPE: paragraph
HEADING: False
BOLD: False
NUMBERED: False
FONT SIZE: 10.0
TEXT: to understand better the effect of human activities on ecosystems, to develop more effective strategies to
2026-08-21 17:24:43.638 | INFO     | app.worker:process_document:58 - 
BLOCK 32
TYPE: paragraph
HEADING: False
BOLD: False
NUMBERED: False
FONT SIZE: 10.0
TEXT: conserve biodiversity and to predict more accurately the future implications for humans of changes in the
2026-08-21 17:24:43.639 | INFO     | app.worker:process_document:58 - 
BLOCK 33
TYPE: paragraph
HEADING: False
BOLD: False
NUMBERED: False
FONT SIZE: 10.0
TEXT: natural world.
2026-08-21 17:24:43.639 | INFO     | app.worker:process_document:58 - 
BLOCK 34
TYPE: paragraph
HEADING: False
BOLD: False
NUMBERED: False
FONT SIZE: 10.0
TEXT: • Observation and experiment
2026-08-21 17:24:43.641 | INFO     | app.worker:process_document:58 - 
BLOCK 35
TYPE: paragraph
HEADING: False
BOLD: False
NUMBERED: False
FONT SIZE: 10.0
TEXT: The different fields of biology are intertwined and cannot be studied in isolation. Observation, enquiry,
2026-08-21 17:24:43.641 | INFO     | app.worker:process_document:58 - 
BLOCK 36
TYPE: paragraph
HEADING: False
BOLD: False
NUMBERED: False
FONT SIZE: 10.0
TEXT: experimentation and fieldwork are fundamental to biology, allowing relevant evidence to be collected and
2026-08-21 17:24:43.642 | INFO     | app.worker:process_document:58 - 
BLOCK 37
TYPE: paragraph
HEADING: False
BOLD: False
NUMBERED: False
FONT SIZE: 10.0
TEXT: considered as a basis on which to build new models and theories. Such models and theories are further
2026-08-21 17:24:43.643 | INFO     | app.worker:process_document:58 - 
BLOCK 38
TYPE: paragraph
HEADING: False
BOLD: False
NUMBERED: False
FONT SIZE: 10.0
TEXT: tested by experimentation and observation in a cyclical process of feedback and refinement, allowing the
2026-08-21 17:24:43.645 | INFO     | app.worker:process_document:58 - 
BLOCK 39
TYPE: paragraph
HEADING: False
BOLD: False
NUMBERED: False
FONT SIZE: 10.0
TEXT: development of robust and evidence-based conceptual understandings.
2026-08-21 17:24:43.645 | INFO     | app.worker:process_document:58 - 
BLOCK 40
TYPE: paragraph
HEADING: False
BOLD: False
NUMBERED: False
FONT SIZE: 9.17
TEXT: Back to contents page www.cambridgeinternational.org/alevel 6
2026-08-21 17:24:43.646 | INFO     | app.worker:process_document:52 - 
PAGE 7 (30 blocks)
2026-08-21 17:24:43.646 | INFO     | app.worker:process_document:58 - 
BLOCK 0
TYPE: paragraph
HEADING: False
BOLD: False
NUMBERED: False
FONT SIZE: 9.0
TEXT: Cambridge International AS & A Level Biology 9700 syllabus for 2028, 2029 and 2030. Why choose this syllabus?
2026-08-21 17:24:43.647 | INFO     | app.worker:process_document:58 - 
BLOCK 1
TYPE: paragraph
HEADING: False
BOLD: False
NUMBERED: False
FONT SIZE: 16.0
TEXT: Qualifications that are recognised and valued worldwide
2026-08-21 17:24:43.647 | INFO     | app.worker:process_document:58 - 
BLOCK 2
TYPE: paragraph
HEADING: False
BOLD: False
NUMBERED: False
FONT SIZE: 10.0
TEXT: Cambridge qualifications prepare and equip learners with the skills they need to thrive at university and beyond.
2026-08-21 17:24:43.648 | INFO     | app.worker:process_document:58 - 
BLOCK 3
TYPE: paragraph
HEADING: False
BOLD: False
NUMBERED: False
FONT SIZE: 10.0
TEXT: The world’s best higher education institutions recognise our qualifications and value the critical thinking skills,
2026-08-21 17:24:43.655 | INFO     | app.worker:process_document:58 - 
BLOCK 4
TYPE: paragraph
HEADING: False
BOLD: False
NUMBERED: False
FONT SIZE: 10.0
TEXT: independent research abilities and deep subject knowledge that Cambridge learners bring.
2026-08-21 17:24:43.671 | INFO     | app.worker:process_document:58 - 
BLOCK 5
TYPE: paragraph
HEADING: False
BOLD: False
NUMBERED: False
FONT SIZE: 10.0
TEXT: We continually work with universities and colleges in every part of the world to ensure that they understand
2026-08-21 17:24:43.672 | INFO     | app.worker:process_document:58 - 
BLOCK 6
TYPE: paragraph
HEADING: False
BOLD: False
NUMBERED: False
FONT SIZE: 10.0
TEXT: and accept our qualifications. More than 2500 universities in over 90 countries formally recognise Cambridge
2026-08-21 17:24:43.674 | INFO     | app.worker:process_document:58 - 
BLOCK 7
TYPE: paragraph
HEADING: False
BOLD: False
NUMBERED: False
FONT SIZE: 10.0
TEXT: qualifications, with many more accepting our qualifications on application.
2026-08-21 17:24:43.675 | INFO     | app.worker:process_document:58 - 
BLOCK 8
TYPE: paragraph
HEADING: False
BOLD: False
NUMBERED: False
FONT SIZE: 10.0
TEXT: UK ENIC, the national agency in the UK for the recognition and comparison of international qualifications and
2026-08-21 17:24:43.678 | INFO     | app.worker:process_document:58 - 
BLOCK 9
TYPE: paragraph
HEADING: False
BOLD: False
NUMBERED: False
FONT SIZE: 10.0
TEXT: skills, has carried out an independent benchmarking study of Cambridge International AS & A Level and found
2026-08-21 17:24:43.679 | INFO     | app.worker:process_document:58 - 
BLOCK 10
TYPE: paragraph
HEADING: False
BOLD: False
NUMBERED: False
FONT SIZE: 10.0
TEXT: it to be comparable to the standard of AS & A Level in the UK. This means students can be confident that their
2026-08-21 17:24:43.693 | INFO     | app.worker:process_document:58 - 
BLOCK 11
TYPE: paragraph
HEADING: False
BOLD: False
NUMBERED: False
FONT SIZE: 10.0
TEXT: Cambridge International AS & A Level qualifications are accepted as equivalent, grade for grade, to UK AS & A
2026-08-21 17:24:43.693 | INFO     | app.worker:process_document:58 - 
BLOCK 12
TYPE: paragraph
HEADING: False
BOLD: False
NUMBERED: False
FONT SIZE: 10.0
TEXT: Levels by leading universities worldwide.
2026-08-21 17:24:43.694 | INFO     | app.worker:process_document:58 - 
BLOCK 13
TYPE: paragraph
HEADING: False
BOLD: False
NUMBERED: False
FONT SIZE: 11.0
TEXT: A choice of assessment routes
2026-08-21 17:24:43.695 | INFO     | app.worker:process_document:58 - 
BLOCK 14
TYPE: paragraph
HEADING: False
BOLD: False
NUMBERED: False
FONT SIZE: 10.0
TEXT: Cambridge International AS & A Level offers a choice of assessment routes with staged assessment available
2026-08-21 17:24:43.695 | INFO     | app.worker:process_document:58 - 
BLOCK 15
TYPE: paragraph
HEADING: False
BOLD: False
NUMBERED: False
FONT SIZE: 10.0
TEXT: in many subjects: Cambridge International AS Level can be offered as a standalone qualification or as part of a
2026-08-21 17:24:43.696 | INFO     | app.worker:process_document:58 - 
BLOCK 16
TYPE: paragraph
HEADING: False
BOLD: False
NUMBERED: False
FONT SIZE: 10.0
TEXT: progression to Cambridge International A Level.
2026-08-21 17:24:43.699 | INFO     | app.worker:process_document:58 - 
BLOCK 17
TYPE: paragraph
HEADING: False
BOLD: False
NUMBERED: False
FONT SIZE: 10.0
TEXT: Cambridge International AS Level Biology makes up the first half of the Cambridge International A Level course
2026-08-21 17:24:43.704 | INFO     | app.worker:process_document:58 - 
BLOCK 18
TYPE: paragraph
HEADING: False
BOLD: False
NUMBERED: False
FONT SIZE: 10.0
TEXT: in Biology and provides a foundation for the study of biology at Cambridge International A Level. The AS Level
2026-08-21 17:24:43.705 | INFO     | app.worker:process_document:58 - 
BLOCK 19
TYPE: paragraph
HEADING: False
BOLD: False
NUMBERED: False
FONT SIZE: 10.0
TEXT: can also be delivered as a standalone qualification. Depending on local university entrance requirements,
2026-08-21 17:24:43.706 | INFO     | app.worker:process_document:58 - 
BLOCK 20
TYPE: paragraph
HEADING: False
BOLD: False
NUMBERED: False
FONT SIZE: 10.0
TEXT: students may be able to use it to progress directly to university courses in biology or some other subjects. It is
2026-08-21 17:24:43.706 | INFO     | app.worker:process_document:58 - 
BLOCK 21
TYPE: paragraph
HEADING: False
BOLD: False
NUMBERED: False
FONT SIZE: 10.0
TEXT: also suitable as part of a course of general education.
2026-08-21 17:24:43.707 | INFO     | app.worker:process_document:58 - 
BLOCK 22
TYPE: paragraph
HEADING: False
BOLD: False
NUMBERED: False
FONT SIZE: 10.0
TEXT: Cambridge International A Level Biology provides a foundation for the study of biology or related courses in
2026-08-21 17:24:43.707 | INFO     | app.worker:process_document:58 - 
BLOCK 23
TYPE: paragraph
HEADING: False
BOLD: False
NUMBERED: False
FONT SIZE: 10.0
TEXT: higher education. Equally it is suitable as part of a course of general education.
2026-08-21 17:24:43.708 | INFO     | app.worker:process_document:58 - 
BLOCK 24
TYPE: paragraph
HEADING: False
BOLD: False
NUMBERED: False
FONT SIZE: 10.0
TEXT: For more information about the relationship between the Cambridge International AS Level and Cambridge
2026-08-21 17:24:43.709 | INFO     | app.worker:process_document:58 - 
BLOCK 25
TYPE: paragraph
HEADING: False
BOLD: False
NUMBERED: False
FONT SIZE: 10.0
TEXT: International A Level see the ‘Assessment overview’ section of the Syllabus overview.
2026-08-21 17:24:43.709 | INFO     | app.worker:process_document:58 - 
BLOCK 26
TYPE: paragraph
HEADING: False
BOLD: False
NUMBERED: False
FONT SIZE: 10.0
TEXT: Visit www.cambridgeinternational.org/recognition-search and university websites for the most up-to-date
2026-08-21 17:24:43.710 | INFO     | app.worker:process_document:58 - 
BLOCK 27
TYPE: paragraph
HEADING: False
BOLD: False
NUMBERED: False
FONT SIZE: 10.0
TEXT: higher education entry requirements.
2026-08-21 17:24:43.711 | INFO     | app.worker:process_document:58 - 
BLOCK 28
TYPE: paragraph
HEADING: False
BOLD: False
NUMBERED: False
FONT SIZE: 10.0
TEXT: Learn more: www.cambridgeinternational.org/recognition
2026-08-21 17:24:43.712 | INFO     | app.worker:process_document:58 - 
BLOCK 29
TYPE: paragraph
HEADING: False
BOLD: False
NUMBERED: False
FONT SIZE: 9.17
TEXT: Back to contents page www.cambridgeinternational.org/alevel 7
2026-08-21 17:24:43.719 | INFO     | app.worker:process_document:52 - 
PAGE 8 (44 blocks)
2026-08-21 17:24:43.722 | INFO     | app.worker:process_document:58 - 
BLOCK 0
TYPE: paragraph
HEADING: False
BOLD: False
NUMBERED: False
FONT SIZE: 9.0
TEXT: Cambridge International AS & A Level Biology 9700 syllabus for 2028, 2029 and 2030. Why choose this syllabus?
2026-08-21 17:24:43.722 | INFO     | app.worker:process_document:58 - 
BLOCK 1
TYPE: paragraph
HEADING: False
BOLD: False
NUMBERED: False
FONT SIZE: 16.0
TEXT: Supporting teachers
2026-08-21 17:24:43.723 | INFO     | app.worker:process_document:58 - 
BLOCK 2
TYPE: paragraph
HEADING: False
BOLD: False
NUMBERED: False
FONT SIZE: 10.0
TEXT: We believe education works best when teaching and learning are closely aligned to the curriculum, resources
2026-08-21 17:24:43.723 | INFO     | app.worker:process_document:58 - 
BLOCK 3
TYPE: paragraph
HEADING: False
BOLD: False
NUMBERED: False
FONT SIZE: 10.0
TEXT: and assessment. Our high-quality teaching support helps to maximise teaching time and enables teachers to
2026-08-21 17:24:43.724 | INFO     | app.worker:process_document:58 - 
BLOCK 4
TYPE: paragraph
HEADING: False
BOLD: False
NUMBERED: False
FONT SIZE: 10.0
TEXT: engage learners of all backgrounds and abilities.
2026-08-21 17:24:43.725 | INFO     | app.worker:process_document:58 - 
BLOCK 5
TYPE: paragraph
HEADING: False
BOLD: False
NUMBERED: False
FONT SIZE: 10.0
TEXT: We aim to provide the following support for each Cambridge qualification:
2026-08-21 17:24:43.725 | INFO     | app.worker:process_document:58 - 
BLOCK 6
TYPE: paragraph
HEADING: False
BOLD: False
NUMBERED: False
FONT SIZE: 10.0
TEXT: • Syllabus
2026-08-21 17:24:43.726 | INFO     | app.worker:process_document:58 - 
BLOCK 7
TYPE: paragraph
HEADING: False
BOLD: False
NUMBERED: False
FONT SIZE: 10.0
TEXT: • Specimen question papers and mark schemes
2026-08-21 17:24:43.727 | INFO     | app.worker:process_document:58 - 
BLOCK 8
TYPE: paragraph
HEADING: False
BOLD: False
NUMBERED: False
FONT SIZE: 10.0
TEXT: • Specimen paper answers
2026-08-21 17:24:43.727 | INFO     | app.worker:process_document:58 - 
BLOCK 9
TYPE: paragraph
HEADING: False
BOLD: False
NUMBERED: False
FONT SIZE: 10.0
TEXT: • Schemes of Work
2026-08-21 17:24:43.728 | INFO     | app.worker:process_document:58 - 
BLOCK 10
TYPE: paragraph
HEADING: False
BOLD: False
NUMBERED: False
FONT SIZE: 10.0
TEXT: • Example candidate responses
2026-08-21 17:24:43.729 | INFO     | app.worker:process_document:58 - 
BLOCK 11
TYPE: paragraph
HEADING: False
BOLD: False
NUMBERED: False
FONT SIZE: 10.0
TEXT: • Past papers and mark schemes
2026-08-21 17:24:43.729 | INFO     | app.worker:process_document:58 - 
BLOCK 12
TYPE: paragraph
HEADING: False
BOLD: False
NUMBERED: False
FONT SIZE: 10.0
TEXT: • Principal examiner reports for teachers
2026-08-21 17:24:43.730 | INFO     | app.worker:process_document:58 - 
BLOCK 13
TYPE: paragraph
HEADING: False
BOLD: False
NUMBERED: False
FONT SIZE: 10.0
TEXT: These resources are available on the School Support Hub at www.cambridgeinternational.org/support , our
2026-08-21 17:24:43.731 | INFO     | app.worker:process_document:58 - 
BLOCK 14
TYPE: paragraph
HEADING: False
BOLD: False
NUMBERED: False
FONT SIZE: 10.0
TEXT: secure online site for Cambridge teachers. Your exams officer can provide you with a login.
2026-08-21 17:24:43.734 | INFO     | app.worker:process_document:58 - 
BLOCK 15
TYPE: paragraph
HEADING: False
BOLD: False
NUMBERED: False
FONT SIZE: 10.0
TEXT: Additional teaching & learning resources are also available for many syllabuses and vary according to the
2026-08-21 17:24:43.735 | INFO     | app.worker:process_document:58 - 
BLOCK 16
TYPE: paragraph
HEADING: False
BOLD: False
NUMBERED: False
FONT SIZE: 10.0
TEXT: nature of the subject and the structure of the assessment of each syllabus. These can include ready-built
2026-08-21 17:24:43.736 | INFO     | app.worker:process_document:58 - 
BLOCK 17
TYPE: paragraph
HEADING: False
BOLD: False
NUMBERED: False
FONT SIZE: 10.0
TEXT: lesson materials, digital resources and multimedia for the classroom and homework, guidance on
2026-08-21 17:24:43.737 | INFO     | app.worker:process_document:58 - 
BLOCK 18
TYPE: paragraph
HEADING: False
BOLD: False
NUMBERED: False
FONT SIZE: 10.0
TEXT: assessment and much more. Beyond the resources available on the Schools Support Hub, a wide range
2026-08-21 17:24:43.738 | INFO     | app.worker:process_document:58 - 
BLOCK 19
TYPE: paragraph
HEADING: False
BOLD: False
NUMBERED: False
FONT SIZE: 10.0
TEXT: of endorsed textbooks and associated teaching and learning support are available from Cambridge at
2026-08-21 17:24:43.738 | INFO     | app.worker:process_document:58 - 
BLOCK 20
TYPE: paragraph
HEADING: False
BOLD: False
NUMBERED: False
FONT SIZE: 10.0
TEXT: www.cambridge.org/education and from other publishers. Resources vary according to the nature of the
2026-08-21 17:24:43.752 | INFO     | app.worker:process_document:58 - 
BLOCK 21
TYPE: paragraph
HEADING: False
BOLD: False
NUMBERED: False
FONT SIZE: 10.0
TEXT: subject and the structure of the assessment of each syllabus.
2026-08-21 17:24:43.753 | INFO     | app.worker:process_document:58 - 
BLOCK 22
TYPE: paragraph
HEADING: False
BOLD: False
NUMBERED: False
FONT SIZE: 10.0
TEXT: You can also contact our global Cambridge community or talk to a senior examiner on our discussion forums.
2026-08-21 17:24:43.755 | INFO     | app.worker:process_document:58 - 
BLOCK 23
TYPE: paragraph
HEADING: False
BOLD: False
NUMBERED: False
FONT SIZE: 10.0
TEXT: Sign up for email notifications about changes to syllabuses, including new and revised products and services,
2026-08-21 17:24:43.756 | INFO     | app.worker:process_document:58 - 
BLOCK 24
TYPE: paragraph
HEADING: False
BOLD: False
NUMBERED: False
FONT SIZE: 10.0
TEXT: at www.cambridgeinternational.org/syllabusupdates
2026-08-21 17:24:43.758 | INFO     | app.worker:process_document:58 - 
BLOCK 25
TYPE: paragraph
HEADING: False
BOLD: False
NUMBERED: False
FONT SIZE: 13.0
TEXT: Professional development
2026-08-21 17:24:43.765 | INFO     | app.worker:process_document:58 - 
BLOCK 26
TYPE: paragraph
HEADING: False
BOLD: False
NUMBERED: False
FONT SIZE: 10.0
TEXT: Find the next step on your professional development journey:
2026-08-21 17:24:43.768 | INFO     | app.worker:process_document:58 - 
BLOCK 27
TYPE: paragraph
HEADING: False
BOLD: False
NUMBERED: False
FONT SIZE: 10.0
TEXT: • Introduction courses – An introduction to Cambridge programmes and qualifications. For teachers who
2026-08-21 17:24:43.770 | INFO     | app.worker:process_document:58 - 
BLOCK 28
TYPE: paragraph
HEADING: False
BOLD: False
NUMBERED: False
FONT SIZE: 10.0
TEXT: are new to Cambridge programmes or new to a specific syllabus.
2026-08-21 17:24:43.772 | INFO     | app.worker:process_document:58 - 
BLOCK 29
TYPE: paragraph
HEADING: False
BOLD: False
NUMBERED: False
FONT SIZE: 10.0
TEXT: • Focus on Teaching courses – These are for teachers who want to explore a specific area of teaching
2026-08-21 17:24:43.772 | INFO     | app.worker:process_document:58 - 
BLOCK 30
TYPE: paragraph
HEADING: False
BOLD: False
NUMBERED: False
FONT SIZE: 10.0
TEXT: and learning within a syllabus or programme.
2026-08-21 17:24:43.773 | INFO     | app.worker:process_document:58 - 
BLOCK 31
TYPE: paragraph
HEADING: False
BOLD: False
NUMBERED: False
FONT SIZE: 10.0
TEXT: • Focus on Assessment courses – These are for teachers who want to understand the assessment of a
2026-08-21 17:24:43.773 | INFO     | app.worker:process_document:58 - 
BLOCK 32
TYPE: paragraph
HEADING: False
BOLD: False
NUMBERED: False
FONT SIZE: 10.0
TEXT: syllabus in greater depth.
2026-08-21 17:24:43.774 | INFO     | app.worker:process_document:58 - 
BLOCK 33
TYPE: paragraph
HEADING: False
BOLD: False
NUMBERED: False
FONT SIZE: 10.0
TEXT: • Marking workshops – These workshops help you become more familiar with what examiners are looking
2026-08-21 17:24:43.775 | INFO     | app.worker:process_document:58 - 
BLOCK 34
TYPE: paragraph
HEADING: False
BOLD: False
NUMBERED: False
FONT SIZE: 10.0
TEXT: for, and provide an opportunity to raise questions and share your experiences of the syllabus.
2026-08-21 17:24:43.776 | INFO     | app.worker:process_document:58 - 
BLOCK 35
TYPE: paragraph
HEADING: False
BOLD: False
NUMBERED: False
FONT SIZE: 10.0
TEXT: • Enrichment Professional Development – Transform your approach to teaching with our Enrichment
2026-08-21 17:24:43.778 | INFO     | app.worker:process_document:58 - 
BLOCK 36
TYPE: paragraph
HEADING: False
BOLD: False
NUMBERED: False
FONT SIZE: 10.0
TEXT: workshops. Each workshop focuses on a specific area of teaching and learning practice.
2026-08-21 17:24:43.779 | INFO     | app.worker:process_document:58 - 
BLOCK 37
TYPE: paragraph
HEADING: False
BOLD: False
NUMBERED: False
FONT SIZE: 10.0
TEXT: • Cambridge Professional Development Qualifications (PDQs) – Practice-based programmes that
2026-08-21 17:24:43.782 | INFO     | app.worker:process_document:58 - 
BLOCK 38
TYPE: paragraph
HEADING: False
BOLD: False
NUMBERED: False
FONT SIZE: 10.0
TEXT: transform professional learning for practicing teachers. Available at Certificate and Diploma level.
2026-08-21 17:24:43.784 | INFO     | app.worker:process_document:58 - 
BLOCK 39
TYPE: paragraph
HEADING: False
BOLD: False
NUMBERED: False
FONT SIZE: 10.0
TEXT: For more information visit www.cambridgeinternational.org/support-and-training-for-schools
2026-08-21 17:24:43.787 | INFO     | app.worker:process_document:58 - 
BLOCK 40
TYPE: paragraph
HEADING: False
BOLD: False
NUMBERED: False
FONT SIZE: 10.0
TEXT: Supporting exams officers
2026-08-21 17:24:43.788 | INFO     | app.worker:process_document:58 - 
BLOCK 41
TYPE: paragraph
HEADING: False
BOLD: False
NUMBERED: False
FONT SIZE: 10.0
TEXT: We provide comprehensive support and guidance for all Cambridge exams officers.
2026-08-21 17:24:43.788 | INFO     | app.worker:process_document:58 - 
BLOCK 42
TYPE: paragraph
HEADING: False
BOLD: False
NUMBERED: False
FONT SIZE: 10.0
TEXT: Find out more at: www.cambridgeinternational.org/eoguide
2026-08-21 17:24:43.789 | INFO     | app.worker:process_document:58 - 
BLOCK 43
TYPE: paragraph
HEADING: False
BOLD: False
NUMBERED: False
FONT SIZE: 9.17
TEXT: Back to contents page www.cambridgeinternational.org/alevel 8
2026-08-21 17:24:43.789 | INFO     | app.worker:process_document:52 - 
PAGE 9 (18 blocks)
2026-08-21 17:24:43.789 | INFO     | app.worker:process_document:58 - 
BLOCK 0
TYPE: paragraph
HEADING: False
BOLD: False
NUMBERED: False
FONT SIZE: 9.0
TEXT: Cambridge International AS & A Level Biology 9700 syllabus for 2028, 2029 and 2030.
2026-08-21 17:24:43.791 | INFO     | app.worker:process_document:58 - 
BLOCK 1
TYPE: heading
HEADING: True
BOLD: False
NUMBERED: True
FONT SIZE: 18.0
TEXT: 2 Syllabus overview
2026-08-21 17:24:43.791 | INFO     | app.worker:process_document:58 - 
BLOCK 2
TYPE: paragraph
HEADING: False
BOLD: False
NUMBERED: False
FONT SIZE: 16.0
TEXT: Aims
2026-08-21 17:24:43.792 | INFO     | app.worker:process_document:58 - 
BLOCK 3
TYPE: paragraph
HEADING: False
BOLD: False
NUMBERED: False
FONT SIZE: 10.0
TEXT: The aims describe the purposes of a course based on this syllabus.
2026-08-21 17:24:43.793 | INFO     | app.worker:process_document:58 - 
BLOCK 4
TYPE: paragraph
HEADING: False
BOLD: False
NUMBERED: False
FONT SIZE: 10.0
TEXT: Students following a course based on this syllabus will:
2026-08-21 17:24:43.794 | INFO     | app.worker:process_document:58 - 
BLOCK 5
TYPE: paragraph
HEADING: False
BOLD: False
NUMBERED: False
FONT SIZE: 10.0
TEXT: • acquire knowledge and understanding and develop practical skills, including efficient, accurate and safe
2026-08-21 17:24:43.795 | INFO     | app.worker:process_document:58 - 
BLOCK 6
TYPE: paragraph
HEADING: False
BOLD: False
NUMBERED: False
FONT SIZE: 10.0
TEXT: scientific practices
2026-08-21 17:24:43.796 | INFO     | app.worker:process_document:58 - 
BLOCK 7
TYPE: paragraph
HEADING: False
BOLD: False
NUMBERED: False
FONT SIZE: 10.0
TEXT: • learn to apply the scientific method, while developing an awareness of the limitations of scientific theories
2026-08-21 17:24:43.797 | INFO     | app.worker:process_document:58 - 
BLOCK 8
TYPE: paragraph
HEADING: False
BOLD: False
NUMBERED: False
FONT SIZE: 10.0
TEXT: and models
2026-08-21 17:24:43.798 | INFO     | app.worker:process_document:58 - 
BLOCK 9
TYPE: paragraph
HEADING: False
BOLD: False
NUMBERED: False
FONT SIZE: 10.0
TEXT: • develop skills in data analysis, evaluation and drawing conclusions, cultivating attitudes relevant to science
2026-08-21 17:24:43.799 | INFO     | app.worker:process_document:58 - 
BLOCK 10
TYPE: paragraph
HEADING: False
BOLD: False
NUMBERED: False
FONT SIZE: 10.0
TEXT: such as objectivity, integrity, enquiry, initiative and inventiveness
2026-08-21 17:24:43.800 | INFO     | app.worker:process_document:58 - 
BLOCK 11
TYPE: paragraph
HEADING: False
BOLD: False
NUMBERED: False
FONT SIZE: 10.0
TEXT: • develop effective scientific communication skills, using appropriate terminology and scientific conventions
2026-08-21 17:24:43.801 | INFO     | app.worker:process_document:58 - 
BLOCK 12
TYPE: paragraph
HEADING: False
BOLD: False
NUMBERED: False
FONT SIZE: 10.0
TEXT: • understand their responsibility to others/society and to care for the environment
2026-08-21 17:24:43.802 | INFO     | app.worker:process_document:58 - 
BLOCK 13
TYPE: paragraph
HEADING: False
BOLD: False
NUMBERED: False
FONT SIZE: 10.0
TEXT: • enjoy science and develop an informed interest in the subject that may lead to further study.
2026-08-21 17:24:43.803 | INFO     | app.worker:process_document:58 - 
BLOCK 14
TYPE: paragraph
HEADING: False
BOLD: False
NUMBERED: False
FONT SIZE: 10.0
TEXT: We are an education organisation and politically neutral. The contents of this syllabus,
2026-08-21 17:24:43.804 | INFO     | app.worker:process_document:58 - 
BLOCK 15
TYPE: paragraph
HEADING: False
BOLD: False
NUMBERED: False
FONT SIZE: 10.0
TEXT: examination papers and associated materials do not endorse any political view. We endeavour to treat all
2026-08-21 17:24:43.805 | INFO     | app.worker:process_document:58 - 
BLOCK 16
TYPE: paragraph
HEADING: False
BOLD: False
NUMBERED: False
FONT SIZE: 10.0
TEXT: aspects of the exam process neutrally.
2026-08-21 17:24:43.805 | INFO     | app.worker:process_document:58 - 
BLOCK 17
TYPE: paragraph
HEADING: False
BOLD: False
NUMBERED: False
FONT SIZE: 9.17
TEXT: Back to contents page www.cambridgeinternational.org/alevel 9
2026-08-21 17:24:43.806 | INFO     | app.worker:process_document:52 - 
PAGE 10 (31 blocks)
2026-08-21 17:24:43.807 | INFO     | app.worker:process_document:58 - 
BLOCK 0
TYPE: paragraph
HEADING: False
BOLD: False
NUMBERED: False
FONT SIZE: 9.0
TEXT: Cambridge International AS & A Level Biology 9700 syllabus for 2028, 2029 and 2030. Syllabus overview
2026-08-21 17:24:43.807 | INFO     | app.worker:process_document:58 - 
BLOCK 1
TYPE: paragraph
HEADING: False
BOLD: False
NUMBERED: False
FONT SIZE: 16.0
TEXT: Content overview
2026-08-21 17:24:43.807 | INFO     | app.worker:process_document:58 - 
BLOCK 2
TYPE: paragraph
HEADING: False
BOLD: False
NUMBERED: False
FONT SIZE: 10.0
TEXT: Candidates for Cambridge International AS Level Biology study the following topics:
2026-08-21 17:24:43.808 | INFO     | app.worker:process_document:58 - 
BLOCK 3
TYPE: heading
HEADING: True
BOLD: False
NUMBERED: True
FONT SIZE: 10.0
TEXT: 1 Cell structure
2026-08-21 17:24:43.811 | INFO     | app.worker:process_document:58 - 
BLOCK 4
TYPE: heading
HEADING: True
BOLD: False
NUMBERED: True
FONT SIZE: 10.0
TEXT: 2 Biological molecules
2026-08-21 17:24:43.812 | INFO     | app.worker:process_document:58 - 
BLOCK 5
TYPE: heading
HEADING: True
BOLD: False
NUMBERED: True
FONT SIZE: 10.0
TEXT: 3 Enzymes
2026-08-21 17:24:43.812 | INFO     | app.worker:process_document:58 - 
BLOCK 6
TYPE: heading
HEADING: True
BOLD: False
NUMBERED: True
FONT SIZE: 10.0
TEXT: 4 Cell membranes and transport
2026-08-21 17:24:43.813 | INFO     | app.worker:process_document:58 - 
BLOCK 7
TYPE: heading
HEADING: True
BOLD: False
NUMBERED: True
FONT SIZE: 10.0
TEXT: 5 The mitotic cell cycle
2026-08-21 17:24:43.814 | INFO     | app.worker:process_document:58 - 
BLOCK 8
TYPE: heading
HEADING: True
BOLD: False
NUMBERED: True
FONT SIZE: 10.0
TEXT: 6 Nucleic acids and protein synthesis
2026-08-21 17:24:43.815 | INFO     | app.worker:process_document:58 - 
BLOCK 9
TYPE: heading
HEADING: True
BOLD: False
NUMBERED: True
FONT SIZE: 10.0
TEXT: 7 Transport in plants
2026-08-21 17:24:43.816 | INFO     | app.worker:process_document:58 - 
BLOCK 10
TYPE: heading
HEADING: True
BOLD: False
NUMBERED: True
FONT SIZE: 10.0
TEXT: 8 Transport in mammals
2026-08-21 17:24:43.817 | INFO     | app.worker:process_document:58 - 
BLOCK 11
TYPE: heading
HEADING: True
BOLD: False
NUMBERED: True
FONT SIZE: 10.0
TEXT: 9 Gas exchange
2026-08-21 17:24:43.818 | INFO     | app.worker:process_document:58 - 
BLOCK 12
TYPE: heading
HEADING: True
BOLD: False
NUMBERED: True
FONT SIZE: 10.0
TEXT: 10 Infectious diseases
2026-08-21 17:24:43.819 | INFO     | app.worker:process_document:58 - 
BLOCK 13
TYPE: heading
HEADING: True
BOLD: False
NUMBERED: True
FONT SIZE: 10.0
TEXT: 11 Immunity
2026-08-21 17:24:43.819 | INFO     | app.worker:process_document:58 - 
BLOCK 14
TYPE: paragraph
HEADING: False
BOLD: False
NUMBERED: False
FONT SIZE: 10.0
TEXT: AS Level candidates also study practical skills.
2026-08-21 17:24:43.819 | INFO     | app.worker:process_document:58 - 
BLOCK 15
TYPE: paragraph
HEADING: False
BOLD: False
NUMBERED: False
FONT SIZE: 10.0
TEXT: Candidates for Cambridge International A Level Biology study the AS topics and the following topics:
2026-08-21 17:24:43.820 | INFO     | app.worker:process_document:58 - 
BLOCK 16
TYPE: heading
HEADING: True
BOLD: False
NUMBERED: True
FONT SIZE: 10.0
TEXT: 12 Energy and respiration
2026-08-21 17:24:43.820 | INFO     | app.worker:process_document:58 - 
BLOCK 17
TYPE: heading
HEADING: True
BOLD: False
NUMBERED: True
FONT SIZE: 10.0
TEXT: 13 Photosynthesis
2026-08-21 17:24:43.825 | INFO     | app.worker:process_document:58 - 
BLOCK 18
TYPE: heading
HEADING: True
BOLD: False
NUMBERED: True
FONT SIZE: 10.0
TEXT: 14 Homeostasis
2026-08-21 17:24:43.829 | INFO     | app.worker:process_document:58 - 
BLOCK 19
TYPE: heading
HEADING: True
BOLD: False
NUMBERED: True
FONT SIZE: 10.0
TEXT: 15 Control and coordination
2026-08-21 17:24:43.830 | INFO     | app.worker:process_document:58 - 
BLOCK 20
TYPE: heading
HEADING: True
BOLD: False
NUMBERED: True
FONT SIZE: 10.0
TEXT: 16 Inheritance
2026-08-21 17:24:43.831 | INFO     | app.worker:process_document:58 - 
BLOCK 21
TYPE: heading
HEADING: True
BOLD: False
NUMBERED: True
FONT SIZE: 10.0
TEXT: 17 Selection and evolution
2026-08-21 17:24:43.833 | INFO     | app.worker:process_document:58 - 
BLOCK 22
TYPE: heading
HEADING: True
BOLD: False
NUMBERED: True
FONT SIZE: 10.0
TEXT: 18 Classification, biodiversity and conservation
2026-08-21 17:24:43.836 | INFO     | app.worker:process_document:58 - 
BLOCK 23
TYPE: heading
HEADING: True
BOLD: False
NUMBERED: True
FONT SIZE: 10.0
TEXT: 19 Genetic technology
2026-08-21 17:24:43.837 | INFO     | app.worker:process_document:58 - 
BLOCK 24
TYPE: paragraph
HEADING: False
BOLD: False
NUMBERED: False
FONT SIZE: 10.0
TEXT: A Level candidates also study practical skills.
2026-08-21 17:24:43.838 | INFO     | app.worker:process_document:58 - 
BLOCK 25
TYPE: paragraph
HEADING: False
BOLD: False
NUMBERED: False
FONT SIZE: 11.0
TEXT: School feedback: ‘Cambridge International AS & A Levels prepare students well for university
2026-08-21 17:24:43.838 | INFO     | app.worker:process_document:58 - 
BLOCK 26
TYPE: paragraph
HEADING: False
BOLD: False
NUMBERED: False
FONT SIZE: 11.0
TEXT: because they’ve learnt to go into a subject in considerable depth. There’s that ability to really
2026-08-21 17:24:43.839 | INFO     | app.worker:process_document:58 - 
BLOCK 27
TYPE: paragraph
HEADING: False
BOLD: False
NUMBERED: False
FONT SIZE: 11.0
TEXT: understand the depth and richness and the detail of a subject. It’s a wonderful preparation for
2026-08-21 17:24:43.841 | INFO     | app.worker:process_document:58 - 
BLOCK 28
TYPE: paragraph
HEADING: False
BOLD: False
NUMBERED: False
FONT SIZE: 11.0
TEXT: what they are going to face at university.’
2026-08-21 17:24:43.851 | INFO     | app.worker:process_document:58 - 
BLOCK 29
TYPE: paragraph
HEADING: False
BOLD: False
NUMBERED: False
FONT SIZE: 9.0
TEXT: Feedback from: US Higher Education Advisory Council
2026-08-21 17:24:43.857 | INFO     | app.worker:process_document:58 - 
BLOCK 30
TYPE: paragraph
HEADING: False
BOLD: False
NUMBERED: False
FONT SIZE: 9.17
TEXT: Back to contents page www.cambridgeinternational.org/alevel 10
2026-08-21 17:24:43.858 | INFO     | app.worker:process_document:52 - 
PAGE 11 (41 blocks)
2026-08-21 17:24:43.859 | INFO     | app.worker:process_document:58 - 
BLOCK 0
TYPE: paragraph
HEADING: False
BOLD: False
NUMBERED: False
FONT SIZE: 9.0
TEXT: Cambridge International AS & A Level Biology 9700 syllabus for 2028, 2029 and 2030. Syllabus overview
2026-08-21 17:24:43.862 | INFO     | app.worker:process_document:58 - 
BLOCK 1
TYPE: paragraph
HEADING: False
BOLD: False
NUMBERED: False
FONT SIZE: 16.0
TEXT: Assessment overview
2026-08-21 17:24:43.862 | INFO     | app.worker:process_document:58 - 
BLOCK 2
TYPE: paragraph
HEADING: False
BOLD: False
NUMBERED: False
FONT SIZE: 10.0
TEXT: Paper 1 Paper 4
2026-08-21 17:24:43.863 | INFO     | app.worker:process_document:58 - 
BLOCK 3
TYPE: paragraph
HEADING: False
BOLD: False
NUMBERED: False
FONT SIZE: 10.0
TEXT: Multiple Choice 1 hour 15 minutes A Level Structured Questions 2 hours
2026-08-21 17:24:43.864 | INFO     | app.worker:process_document:58 - 
BLOCK 4
TYPE: heading
HEADING: True
BOLD: False
NUMBERED: True
FONT SIZE: 10.0
TEXT: 40 marks 100 marks
2026-08-21 17:24:43.868 | INFO     | app.worker:process_document:58 - 
BLOCK 5
TYPE: heading
HEADING: True
BOLD: False
NUMBERED: True
FONT SIZE: 10.0
TEXT: 40 Multiple-choice questions Structured questions
2026-08-21 17:24:43.871 | INFO     | app.worker:process_document:58 - 
BLOCK 6
TYPE: paragraph
HEADING: False
BOLD: False
NUMBERED: False
FONT SIZE: 10.0
TEXT: Questions are based on the AS Level syllabus Questions are based on the A Level syllabus
2026-08-21 17:24:43.871 | INFO     | app.worker:process_document:58 - 
BLOCK 7
TYPE: paragraph
HEADING: False
BOLD: False
NUMBERED: False
FONT SIZE: 10.0
TEXT: content. content; knowledge of material from the AS Level
2026-08-21 17:24:43.872 | INFO     | app.worker:process_document:58 - 
BLOCK 8
TYPE: paragraph
HEADING: False
BOLD: False
NUMBERED: False
FONT SIZE: 10.0
TEXT: syllabus content will be required.
2026-08-21 17:24:43.873 | INFO     | app.worker:process_document:58 - 
BLOCK 9
TYPE: paragraph
HEADING: False
BOLD: False
NUMBERED: False
FONT SIZE: 10.0
TEXT: Externally assessed
2026-08-21 17:24:43.874 | INFO     | app.worker:process_document:58 - 
BLOCK 10
TYPE: paragraph
HEADING: False
BOLD: False
NUMBERED: False
FONT SIZE: 10.0
TEXT: Externally assessed
2026-08-21 17:24:43.875 | INFO     | app.worker:process_document:58 - 
BLOCK 11
TYPE: paragraph
HEADING: False
BOLD: False
NUMBERED: False
FONT SIZE: 10.0
TEXT: 31% of the AS Level
2026-08-21 17:24:43.882 | INFO     | app.worker:process_document:58 - 
BLOCK 12
TYPE: paragraph
HEADING: False
BOLD: False
NUMBERED: False
FONT SIZE: 10.0
TEXT: 38.5% of the A Level
2026-08-21 17:24:43.884 | INFO     | app.worker:process_document:58 - 
BLOCK 13
TYPE: paragraph
HEADING: False
BOLD: False
NUMBERED: False
FONT SIZE: 10.0
TEXT: 15.5% of the A Level
2026-08-21 17:24:43.884 | INFO     | app.worker:process_document:58 - 
BLOCK 14
TYPE: paragraph
HEADING: False
BOLD: False
NUMBERED: False
FONT SIZE: 10.0
TEXT: Paper 2 Paper 5
2026-08-21 17:24:43.885 | INFO     | app.worker:process_document:58 - 
BLOCK 15
TYPE: paragraph
HEADING: False
BOLD: False
NUMBERED: False
FONT SIZE: 10.0
TEXT: AS Level Structured Questions Planning, Analysis and Evaluation
2026-08-21 17:24:43.886 | INFO     | app.worker:process_document:58 - 
BLOCK 16
TYPE: heading
HEADING: True
BOLD: False
NUMBERED: True
FONT SIZE: 10.0
TEXT: 1 hour 15 minutes 1 hour 15 minutes
2026-08-21 17:24:43.886 | INFO     | app.worker:process_document:58 - 
BLOCK 17
TYPE: heading
HEADING: True
BOLD: False
NUMBERED: True
FONT SIZE: 10.0
TEXT: 60 marks 30 marks
2026-08-21 17:24:43.887 | INFO     | app.worker:process_document:58 - 
BLOCK 18
TYPE: paragraph
HEADING: False
BOLD: False
NUMBERED: False
FONT SIZE: 10.0
TEXT: Structured questions Questions are based on the practical skills of
2026-08-21 17:24:43.888 | INFO     | app.worker:process_document:58 - 
BLOCK 19
TYPE: paragraph
HEADING: False
BOLD: False
NUMBERED: False
FONT SIZE: 10.0
TEXT: planning, analysis and evaluation.
2026-08-21 17:24:43.891 | INFO     | app.worker:process_document:58 - 
BLOCK 20
TYPE: paragraph
HEADING: False
BOLD: False
NUMBERED: False
FONT SIZE: 10.0
TEXT: Questions are based on the AS Level syllabus
2026-08-21 17:24:43.893 | INFO     | app.worker:process_document:58 - 
BLOCK 21
TYPE: paragraph
HEADING: False
BOLD: False
NUMBERED: False
FONT SIZE: 10.0
TEXT: content. The context of the questions may be outside the
2026-08-21 17:24:43.893 | INFO     | app.worker:process_document:58 - 
BLOCK 22
TYPE: paragraph
HEADING: False
BOLD: False
NUMBERED: False
FONT SIZE: 10.0
TEXT: syllabus content.
2026-08-21 17:24:43.894 | INFO     | app.worker:process_document:58 - 
BLOCK 23
TYPE: paragraph
HEADING: False
BOLD: False
NUMBERED: False
FONT SIZE: 10.0
TEXT: Externally assessed
2026-08-21 17:24:43.894 | INFO     | app.worker:process_document:58 - 
BLOCK 24
TYPE: paragraph
HEADING: False
BOLD: False
NUMBERED: False
FONT SIZE: 10.0
TEXT: Externally assessed
2026-08-21 17:24:43.895 | INFO     | app.worker:process_document:58 - 
BLOCK 25
TYPE: paragraph
HEADING: False
BOLD: False
NUMBERED: False
FONT SIZE: 10.0
TEXT: 46% of the AS Level
2026-08-21 17:24:43.896 | INFO     | app.worker:process_document:58 - 
BLOCK 26
TYPE: paragraph
HEADING: False
BOLD: False
NUMBERED: False
FONT SIZE: 10.0
TEXT: 11.5% of the A Level
2026-08-21 17:24:43.896 | INFO     | app.worker:process_document:58 - 
BLOCK 27
TYPE: paragraph
HEADING: False
BOLD: False
NUMBERED: False
FONT SIZE: 10.0
TEXT: 23% of the A Level
2026-08-21 17:24:43.898 | INFO     | app.worker:process_document:58 - 
BLOCK 28
TYPE: paragraph
HEADING: False
BOLD: False
NUMBERED: False
FONT SIZE: 10.0
TEXT: Paper 3
2026-08-21 17:24:43.899 | INFO     | app.worker:process_document:58 - 
BLOCK 29
TYPE: paragraph
HEADING: False
BOLD: False
NUMBERED: False
FONT SIZE: 10.0
TEXT: Advanced Practical Skills 2 hours
2026-08-21 17:24:43.900 | INFO     | app.worker:process_document:58 - 
BLOCK 30
TYPE: heading
HEADING: True
BOLD: False
NUMBERED: True
FONT SIZE: 10.0
TEXT: 40 marks
2026-08-21 17:24:43.901 | INFO     | app.worker:process_document:58 - 
BLOCK 31
TYPE: paragraph
HEADING: False
BOLD: False
NUMBERED: False
FONT SIZE: 10.0
TEXT: Practical work and structured questions
2026-08-21 17:24:43.913 | INFO     | app.worker:process_document:58 - 
BLOCK 32
TYPE: paragraph
HEADING: False
BOLD: False
NUMBERED: False
FONT SIZE: 10.0
TEXT: Questions are based on the practical skills in the
2026-08-21 17:24:43.914 | INFO     | app.worker:process_document:58 - 
BLOCK 33
TYPE: paragraph
HEADING: False
BOLD: False
NUMBERED: False
FONT SIZE: 10.0
TEXT: Practical assessment section of the syllabus.
2026-08-21 17:24:43.915 | INFO     | app.worker:process_document:58 - 
BLOCK 34
TYPE: paragraph
HEADING: False
BOLD: False
NUMBERED: False
FONT SIZE: 10.0
TEXT: The context of the questions may be outside the
2026-08-21 17:24:43.916 | INFO     | app.worker:process_document:58 - 
BLOCK 35
TYPE: paragraph
HEADING: False
BOLD: False
NUMBERED: False
FONT SIZE: 10.0
TEXT: syllabus content.
2026-08-21 17:24:43.918 | INFO     | app.worker:process_document:58 - 
BLOCK 36
TYPE: paragraph
HEADING: False
BOLD: False
NUMBERED: False
FONT SIZE: 10.0
TEXT: Externally assessed
2026-08-21 17:24:43.919 | INFO     | app.worker:process_document:58 - 
BLOCK 37
TYPE: paragraph
HEADING: False
BOLD: False
NUMBERED: False
FONT SIZE: 10.0
TEXT: 23% of the AS Level
2026-08-21 17:24:43.920 | INFO     | app.worker:process_document:58 - 
BLOCK 38
TYPE: paragraph
HEADING: False
BOLD: False
NUMBERED: False
FONT SIZE: 10.0
TEXT: 11.5% of the A Level
2026-08-21 17:24:43.921 | INFO     | app.worker:process_document:58 - 
BLOCK 39
TYPE: paragraph
HEADING: False
BOLD: False
NUMBERED: False
FONT SIZE: 10.0
TEXT: Information on availability is in the Before you start section.
2026-08-21 17:24:43.922 | INFO     | app.worker:process_document:58 - 
BLOCK 40
TYPE: paragraph
HEADING: False
BOLD: False
NUMBERED: False
FONT SIZE: 9.17
TEXT: Back to contents page www.cambridgeinternational.org/alevel 11
2026-08-21 17:24:43.928 | INFO     | app.worker:process_document:52 - 
PAGE 12 (15 blocks)
2026-08-21 17:24:43.930 | INFO     | app.worker:process_document:58 - 
BLOCK 0
TYPE: paragraph
HEADING: False
BOLD: False
NUMBERED: False
FONT SIZE: 9.0
TEXT: Cambridge International AS & A Level Biology 9700 syllabus for 2028, 2029 and 2030. Syllabus overview
2026-08-21 17:24:43.931 | INFO     | app.worker:process_document:58 - 
BLOCK 1
TYPE: paragraph
HEADING: False
BOLD: False
NUMBERED: False
FONT SIZE: 10.0
TEXT: (Candidates take all AS yes yes yes no no
2026-08-21 17:24:43.934 | INFO     | app.worker:process_document:58 - 
BLOCK 2
TYPE: paragraph
HEADING: False
BOLD: False
NUMBERED: False
FONT SIZE: 10.0
TEXT: components in the same exam
2026-08-21 17:24:43.935 | INFO     | app.worker:process_document:58 - 
BLOCK 3
TYPE: paragraph
HEADING: False
BOLD: False
NUMBERED: False
FONT SIZE: 10.0
TEXT: series)
2026-08-21 17:24:43.937 | INFO     | app.worker:process_document:58 - 
BLOCK 4
TYPE: heading
HEADING: True
BOLD: False
NUMBERED: True
FONT SIZE: 10.0
TEXT: 2 A Level (staged over two years)
2026-08-21 17:24:43.937 | INFO     | app.worker:process_document:58 - 
BLOCK 5
TYPE: paragraph
HEADING: False
BOLD: False
NUMBERED: False
FONT SIZE: 10.0
TEXT: Year 1 AS Level* yes yes yes no no
2026-08-21 17:24:43.939 | INFO     | app.worker:process_document:58 - 
BLOCK 6
TYPE: paragraph
HEADING: False
BOLD: False
NUMBERED: False
FONT SIZE: 10.0
TEXT: Year 2 Complete the A Level no no no yes yes
2026-08-21 17:24:43.939 | INFO     | app.worker:process_document:58 - 
BLOCK 7
TYPE: heading
HEADING: True
BOLD: False
NUMBERED: True
FONT SIZE: 10.0
TEXT: 3 A Level
2026-08-21 17:24:43.940 | INFO     | app.worker:process_document:58 - 
BLOCK 8
TYPE: paragraph
HEADING: False
BOLD: False
NUMBERED: False
FONT SIZE: 10.0
TEXT: (Candidates take all components in yes yes yes yes yes
2026-08-21 17:24:43.940 | INFO     | app.worker:process_document:58 - 
BLOCK 9
TYPE: paragraph
HEADING: False
BOLD: False
NUMBERED: False
FONT SIZE: 10.0
TEXT: the same exam series)
2026-08-21 17:24:43.941 | INFO     | app.worker:process_document:58 - 
BLOCK 10
TYPE: paragraph
HEADING: False
BOLD: False
NUMBERED: False
FONT SIZE: 9.5
TEXT: * Candidates carry forward their AS Level marks subject to the rules and time limits described in the Cambridge
2026-08-21 17:24:43.941 | INFO     | app.worker:process_document:58 - 
BLOCK 11
TYPE: paragraph
HEADING: False
BOLD: False
NUMBERED: False
FONT SIZE: 9.5
TEXT: Handbook . See Making entries for more information about carrying forward marks.
2026-08-21 17:24:43.944 | INFO     | app.worker:process_document:58 - 
BLOCK 12
TYPE: paragraph
HEADING: False
BOLD: False
NUMBERED: False
FONT SIZE: 10.0
TEXT: Candidates following an AS Level route are eligible for grades a–e. Candidates following an A Level route are
2026-08-21 17:24:43.944 | INFO     | app.worker:process_document:58 - 
BLOCK 13
TYPE: paragraph
HEADING: False
BOLD: False
NUMBERED: False
FONT SIZE: 10.0
TEXT: eligible for grades A*–E.
2026-08-21 17:24:43.945 | INFO     | app.worker:process_document:58 - 
BLOCK 14
TYPE: paragraph
HEADING: False
BOLD: False
NUMBERED: False
FONT SIZE: 9.17
TEXT: Back to contents page www.cambridgeinternational.org/alevel 12
2026-08-21 17:24:43.945 | INFO     | app.worker:process_document:52 - 
PAGE 13 (30 blocks)
2026-08-21 17:24:43.946 | INFO     | app.worker:process_document:58 - 
BLOCK 0
TYPE: paragraph
HEADING: False
BOLD: False
NUMBERED: False
FONT SIZE: 9.0
TEXT: Cambridge International AS & A Level Biology 9700 syllabus for 2028, 2029 and 2030. Syllabus overview
2026-08-21 17:24:43.946 | INFO     | app.worker:process_document:58 - 
BLOCK 1
TYPE: paragraph
HEADING: False
BOLD: False
NUMBERED: False
FONT SIZE: 16.0
TEXT: Assessment objectives
2026-08-21 17:24:43.947 | INFO     | app.worker:process_document:58 - 
BLOCK 2
TYPE: paragraph
HEADING: False
BOLD: False
NUMBERED: False
FONT SIZE: 10.0
TEXT: The assessment objectives (AOs) are:
2026-08-21 17:24:43.947 | INFO     | app.worker:process_document:58 - 
BLOCK 3
TYPE: paragraph
HEADING: False
BOLD: False
NUMBERED: False
FONT SIZE: 11.0
TEXT: AO1 Knowledge and understanding
2026-08-21 17:24:43.948 | INFO     | app.worker:process_document:58 - 
BLOCK 4
TYPE: paragraph
HEADING: False
BOLD: False
NUMBERED: False
FONT SIZE: 10.0
TEXT: Candidates should be able to demonstrate knowledge and understanding of:
2026-08-21 17:24:43.948 | INFO     | app.worker:process_document:58 - 
BLOCK 5
TYPE: paragraph
HEADING: False
BOLD: False
NUMBERED: False
FONT SIZE: 10.0
TEXT: • scientific phenomena, facts, laws, definitions, concepts and theories
2026-08-21 17:24:43.949 | INFO     | app.worker:process_document:58 - 
BLOCK 6
TYPE: paragraph
HEADING: False
BOLD: False
NUMBERED: False
FONT SIZE: 10.0
TEXT: • scientific vocabulary, terminology and conventions (including symbols, quantities and units)
2026-08-21 17:24:43.952 | INFO     | app.worker:process_document:58 - 
BLOCK 7
TYPE: paragraph
HEADING: False
BOLD: False
NUMBERED: False
FONT SIZE: 10.0
TEXT: • scientific instruments and apparatus, including techniques of operation and aspects of safety
2026-08-21 17:24:43.958 | INFO     | app.worker:process_document:58 - 
BLOCK 8
TYPE: paragraph
HEADING: False
BOLD: False
NUMBERED: False
FONT SIZE: 10.0
TEXT: • scientific quantities and their determination
2026-08-21 17:24:43.959 | INFO     | app.worker:process_document:58 - 
BLOCK 9
TYPE: paragraph
HEADING: False
BOLD: False
NUMBERED: False
FONT SIZE: 10.0
TEXT: • scientific and technological applications with their social, economic and environmental implications.
2026-08-21 17:24:43.960 | INFO     | app.worker:process_document:58 - 
BLOCK 10
TYPE: paragraph
HEADING: False
BOLD: False
NUMBERED: False
FONT SIZE: 11.0
TEXT: AO2 Handling, applying and evaluating information
2026-08-21 17:24:43.961 | INFO     | app.worker:process_document:58 - 
BLOCK 11
TYPE: paragraph
HEADING: False
BOLD: False
NUMBERED: False
FONT SIZE: 10.0
TEXT: Candidates should be able to handle, apply and evaluate information, in words or using other forms of
2026-08-21 17:24:43.961 | INFO     | app.worker:process_document:58 - 
BLOCK 12
TYPE: paragraph
HEADING: False
BOLD: False
NUMBERED: False
FONT SIZE: 10.0
TEXT: presentation (e.g. symbols, graphical or numerical) to:
2026-08-21 17:24:43.962 | INFO     | app.worker:process_document:58 - 
BLOCK 13
TYPE: paragraph
HEADING: False
BOLD: False
NUMBERED: False
FONT SIZE: 10.0
TEXT: • locate, select, organise and present information from a variety of sources
2026-08-21 17:24:43.963 | INFO     | app.worker:process_document:58 - 
BLOCK 14
TYPE: paragraph
HEADING: False
BOLD: False
NUMBERED: False
FONT SIZE: 10.0
TEXT: • translate information from one form to another
2026-08-21 17:24:43.963 | INFO     | app.worker:process_document:58 - 
BLOCK 15
TYPE: paragraph
HEADING: False
BOLD: False
NUMBERED: False
FONT SIZE: 10.0
TEXT: • manipulate numerical and other data
2026-08-21 17:24:43.964 | INFO     | app.worker:process_document:58 - 
BLOCK 16
TYPE: paragraph
HEADING: False
BOLD: False
NUMBERED: False
FONT SIZE: 10.0
TEXT: • use information to identify patterns, report trends and draw conclusions
2026-08-21 17:24:43.965 | INFO     | app.worker:process_document:58 - 
BLOCK 17
TYPE: paragraph
HEADING: False
BOLD: False
NUMBERED: False
FONT SIZE: 10.0
TEXT: • give reasoned explanations for phenomena, patterns and relationships
2026-08-21 17:24:43.967 | INFO     | app.worker:process_document:58 - 
BLOCK 18
TYPE: paragraph
HEADING: False
BOLD: False
NUMBERED: False
FONT SIZE: 10.0
TEXT: • make predictions and construct arguments to support hypotheses
2026-08-21 17:24:43.968 | INFO     | app.worker:process_document:58 - 
BLOCK 19
TYPE: paragraph
HEADING: False
BOLD: False
NUMBERED: False
FONT SIZE: 10.0
TEXT: • apply knowledge, including principles, to new situations
2026-08-21 17:24:43.969 | INFO     | app.worker:process_document:58 - 
BLOCK 20
TYPE: paragraph
HEADING: False
BOLD: False
NUMBERED: False
FONT SIZE: 10.0
TEXT: • evaluate information and hypotheses
2026-08-21 17:24:43.969 | INFO     | app.worker:process_document:58 - 
BLOCK 21
TYPE: paragraph
HEADING: False
BOLD: False
NUMBERED: False
FONT SIZE: 10.0
TEXT: • demonstrate an awareness of the limitations of biological theories and models
2026-08-21 17:24:43.971 | INFO     | app.worker:process_document:58 - 
BLOCK 22
TYPE: paragraph
HEADING: False
BOLD: False
NUMBERED: False
FONT SIZE: 10.0
TEXT: • solve problems.
2026-08-21 17:24:43.972 | INFO     | app.worker:process_document:58 - 
BLOCK 23
TYPE: paragraph
HEADING: False
BOLD: False
NUMBERED: False
FONT SIZE: 11.0
TEXT: AO3 Experimental skills and investigations
2026-08-21 17:24:43.973 | INFO     | app.worker:process_document:58 - 
BLOCK 24
TYPE: paragraph
HEADING: False
BOLD: False
NUMBERED: False
FONT SIZE: 10.0
TEXT: Candidates should be able to:
2026-08-21 17:24:43.973 | INFO     | app.worker:process_document:58 - 
BLOCK 25
TYPE: paragraph
HEADING: False
BOLD: False
NUMBERED: False
FONT SIZE: 10.0
TEXT: • plan experiments and investigations
2026-08-21 17:24:43.974 | INFO     | app.worker:process_document:58 - 
BLOCK 26
TYPE: paragraph
HEADING: False
BOLD: False
NUMBERED: False
FONT SIZE: 10.0
TEXT: • collect, record and present observations, measurements and estimates
2026-08-21 17:24:43.974 | INFO     | app.worker:process_document:58 - 
BLOCK 27
TYPE: paragraph
HEADING: False
BOLD: False
NUMBERED: False
FONT SIZE: 10.0
TEXT: • analyse and interpret experimental data to reach conclusions
2026-08-21 17:24:43.975 | INFO     | app.worker:process_document:58 - 
BLOCK 28
TYPE: paragraph
HEADING: False
BOLD: False
NUMBERED: False
FONT SIZE: 10.0
TEXT: • evaluate methods and quality of experimental data and suggest possible improvements to experiments.
2026-08-21 17:24:43.975 | INFO     | app.worker:process_document:58 - 
BLOCK 29
TYPE: paragraph
HEADING: False
BOLD: False
NUMBERED: False
FONT SIZE: 9.17
TEXT: Back to contents page www.cambridgeinternational.org/alevel 13
2026-08-21 17:24:43.976 | INFO     | app.worker:process_document:52 - 
PAGE 14 (11 blocks)
2026-08-21 17:24:43.988 | INFO     | app.worker:process_document:58 - 
BLOCK 0
TYPE: paragraph
HEADING: False
BOLD: False
NUMBERED: False
FONT SIZE: 9.0
TEXT: Cambridge International AS & A Level Biology 9700 syllabus for 2028, 2029 and 2030. Syllabus overview
2026-08-21 17:24:43.989 | INFO     | app.worker:process_document:58 - 
BLOCK 1
TYPE: paragraph
HEADING: False
BOLD: False
NUMBERED: False
FONT SIZE: 13.0
TEXT: Weighting for assessment objectives
2026-08-21 17:24:43.991 | INFO     | app.worker:process_document:58 - 
BLOCK 2
TYPE: paragraph
HEADING: False
BOLD: False
NUMBERED: False
FONT SIZE: 10.0
TEXT: The approximate weightings allocated to each of the assessment objectives (AOs) are summarised below.
2026-08-21 17:24:43.992 | INFO     | app.worker:process_document:58 - 
BLOCK 3
TYPE: paragraph
HEADING: False
BOLD: False
NUMBERED: False
FONT SIZE: 10.0
TEXT: AO2 Handling, applying and evaluating information 40 40
2026-08-21 17:24:43.994 | INFO     | app.worker:process_document:58 - 
BLOCK 4
TYPE: paragraph
HEADING: False
BOLD: False
NUMBERED: False
FONT SIZE: 10.0
TEXT: AO3 Experimental skills and investigations 20 20
2026-08-21 17:24:43.995 | INFO     | app.worker:process_document:58 - 
BLOCK 5
TYPE: paragraph
HEADING: False
BOLD: False
NUMBERED: False
FONT SIZE: 10.0
TEXT: Total 100 100
2026-08-21 17:24:43.996 | INFO     | app.worker:process_document:58 - 
BLOCK 6
TYPE: paragraph
HEADING: False
BOLD: False
NUMBERED: False
FONT SIZE: 10.0
TEXT: AO1 Knowledge and understanding 50 50 0 50 0
2026-08-21 17:24:44.010 | INFO     | app.worker:process_document:58 - 
BLOCK 7
TYPE: paragraph
HEADING: False
BOLD: False
NUMBERED: False
FONT SIZE: 10.0
TEXT: AO2 Handling, applying and evaluating information 50 50 0 50 0
2026-08-21 17:24:44.012 | INFO     | app.worker:process_document:58 - 
BLOCK 8
TYPE: paragraph
HEADING: False
BOLD: False
NUMBERED: False
FONT SIZE: 10.0
TEXT: AO3 Experimental skills and investigations 0 0 100 0 100
2026-08-21 17:24:44.013 | INFO     | app.worker:process_document:58 - 
BLOCK 9
TYPE: paragraph
HEADING: False
BOLD: False
NUMBERED: False
FONT SIZE: 10.0
TEXT: Total 100 100 100 100 100
2026-08-21 17:24:44.014 | INFO     | app.worker:process_document:58 - 
BLOCK 10
TYPE: paragraph
HEADING: False
BOLD: False
NUMBERED: False
FONT SIZE: 9.17
TEXT: Back to contents page www.cambridgeinternational.org/alevel 14
2026-08-21 17:24:44.014 | INFO     | app.worker:process_document:52 - 
PAGE 15 (22 blocks)
2026-08-21 17:24:44.015 | INFO     | app.worker:process_document:58 - 
BLOCK 0
TYPE: paragraph
HEADING: False
BOLD: False
NUMBERED: False
FONT SIZE: 9.0
TEXT: Cambridge International AS & A Level Biology 9700 syllabus for 2028, 2029 and 2030.
2026-08-21 17:24:44.019 | INFO     | app.worker:process_document:58 - 
BLOCK 1
TYPE: heading
HEADING: True
BOLD: False
NUMBERED: True
FONT SIZE: 18.0
TEXT: 3 Subject content
2026-08-21 17:24:44.019 | INFO     | app.worker:process_document:58 - 
BLOCK 2
TYPE: paragraph
HEADING: False
BOLD: False
NUMBERED: False
FONT SIZE: 10.0
TEXT: Candidates for Cambridge International AS Level should study topics 1–11.
2026-08-21 17:24:44.020 | INFO     | app.worker:process_document:58 - 
BLOCK 3
TYPE: paragraph
HEADING: False
BOLD: False
NUMBERED: False
FONT SIZE: 10.0
TEXT: Candidates for Cambridge International A Level should study all topics.
2026-08-21 17:24:44.020 | INFO     | app.worker:process_document:58 - 
BLOCK 4
TYPE: paragraph
HEADING: False
BOLD: False
NUMBERED: False
FONT SIZE: 10.0
TEXT: The content of the AS Level learning outcomes are assumed knowledge for the A Level components.
2026-08-21 17:24:44.021 | INFO     | app.worker:process_document:58 - 
BLOCK 5
TYPE: paragraph
HEADING: False
BOLD: False
NUMBERED: False
FONT SIZE: 10.0
TEXT: Teachers should refer to the social, environmental, economic and technological aspects of biology wherever
2026-08-21 17:24:44.021 | INFO     | app.worker:process_document:58 - 
BLOCK 6
TYPE: paragraph
HEADING: False
BOLD: False
NUMBERED: False
FONT SIZE: 10.0
TEXT: possible throughout the syllabus. Some examples are included in the syllabus and teachers should encourage
2026-08-21 17:24:44.022 | INFO     | app.worker:process_document:58 - 
BLOCK 7
TYPE: paragraph
HEADING: False
BOLD: False
NUMBERED: False
FONT SIZE: 10.0
TEXT: learners to apply the principles of these examples to other situations introduced in the course.
2026-08-21 17:24:44.024 | INFO     | app.worker:process_document:58 - 
BLOCK 8
TYPE: paragraph
HEADING: False
BOLD: False
NUMBERED: False
FONT SIZE: 10.0
TEXT: Teachers should illustrate concepts and content with examples taken from a wide range of organisms.
2026-08-21 17:24:44.027 | INFO     | app.worker:process_document:58 - 
BLOCK 9
TYPE: paragraph
HEADING: False
BOLD: False
NUMBERED: False
FONT SIZE: 10.0
TEXT: Everything we know about biology has been learned through practical investigation. Learners also find practical
2026-08-21 17:24:44.027 | INFO     | app.worker:process_document:58 - 
BLOCK 10
TYPE: paragraph
HEADING: False
BOLD: False
NUMBERED: False
FONT SIZE: 10.0
TEXT: work motivating and interesting, and it can help them to understand abstract theoretical concepts. Cambridge
2026-08-21 17:24:44.028 | INFO     | app.worker:process_document:58 - 
BLOCK 11
TYPE: paragraph
HEADING: False
BOLD: False
NUMBERED: False
FONT SIZE: 10.0
TEXT: International expects that practical activities will underpin the teaching of the whole syllabus.
2026-08-21 17:24:44.028 | INFO     | app.worker:process_document:58 - 
BLOCK 12
TYPE: paragraph
HEADING: False
BOLD: False
NUMBERED: False
FONT SIZE: 10.0
TEXT: The syllabus content for practical skills is in the Practical assessment section.
2026-08-21 17:24:44.029 | INFO     | app.worker:process_document:58 - 
BLOCK 13
TYPE: paragraph
HEADING: False
BOLD: False
NUMBERED: False
FONT SIZE: 10.0
TEXT: Teachers should ensure that candidates are prepared for the assessment of theory learning outcomes and
2026-08-21 17:24:44.029 | INFO     | app.worker:process_document:58 - 
BLOCK 14
TYPE: paragraph
HEADING: False
BOLD: False
NUMBERED: False
FONT SIZE: 10.0
TEXT: practical skills.
2026-08-21 17:24:44.030 | INFO     | app.worker:process_document:58 - 
BLOCK 15
TYPE: paragraph
HEADING: False
BOLD: False
NUMBERED: False
FONT SIZE: 10.0
TEXT: This syllabus gives you the flexibility to design a course that will interest, challenge and engage your learners.
2026-08-21 17:24:44.030 | INFO     | app.worker:process_document:58 - 
BLOCK 16
TYPE: paragraph
HEADING: False
BOLD: False
NUMBERED: False
FONT SIZE: 10.0
TEXT: Where appropriate you are responsible for selecting resources and examples and subject contexts to support
2026-08-21 17:24:44.030 | INFO     | app.worker:process_document:58 - 
BLOCK 17
TYPE: paragraph
HEADING: False
BOLD: False
NUMBERED: False
FONT SIZE: 10.0
TEXT: your learners’ study. These should be appropriate for the learners’ age, cultural background and learning
2026-08-21 17:24:44.031 | INFO     | app.worker:process_document:58 - 
BLOCK 18
TYPE: paragraph
HEADING: False
BOLD: False
NUMBERED: False
FONT SIZE: 10.0
TEXT: context as well as complying with your school policies and local legal requirements.
2026-08-21 17:24:44.031 | INFO     | app.worker:process_document:58 - 
BLOCK 19
TYPE: paragraph
HEADING: False
BOLD: False
NUMBERED: False
FONT SIZE: 10.0
TEXT: Support for teaching practical skills for these qualifications can be found on the School Support Hub
2026-08-21 17:24:44.032 | INFO     | app.worker:process_document:58 - 
BLOCK 20
TYPE: paragraph
HEADING: False
BOLD: False
NUMBERED: False
FONT SIZE: 10.0
TEXT: www.cambridgeinternational.org/support
2026-08-21 17:24:44.033 | INFO     | app.worker:process_document:58 - 
BLOCK 21
TYPE: paragraph
HEADING: False
BOLD: False
NUMBERED: False
FONT SIZE: 9.17
TEXT: Back to contents page www.cambridgeinternational.org/alevel 15
2026-08-21 17:24:44.034 | INFO     | app.worker:process_document:52 - 
PAGE 16 (46 blocks)
2026-08-21 17:24:44.034 | INFO     | app.worker:process_document:58 - 
BLOCK 0
TYPE: paragraph
HEADING: False
BOLD: False
NUMBERED: False
FONT SIZE: 9.0
TEXT: Cambridge International AS & A Level Biology 9700 syllabus for 2028, 2029 and 2030. Subject content
2026-08-21 17:24:44.035 | INFO     | app.worker:process_document:58 - 
BLOCK 1
TYPE: paragraph
HEADING: False
BOLD: False
NUMBERED: False
FONT SIZE: 16.0
TEXT: AS Level subject content
2026-08-21 17:24:44.035 | INFO     | app.worker:process_document:58 - 
BLOCK 2
TYPE: heading
HEADING: True
BOLD: False
NUMBERED: True
FONT SIZE: 10.0
TEXT: 1 Cell structure
2026-08-21 17:24:44.036 | INFO     | app.worker:process_document:58 - 
BLOCK 3
TYPE: paragraph
HEADING: False
BOLD: False
NUMBERED: False
FONT SIZE: 10.0
TEXT: All organisms are composed of cells. Knowledge of the structure and function of cells underpins much of
2026-08-21 17:24:44.036 | INFO     | app.worker:process_document:58 - 
BLOCK 4
TYPE: paragraph
HEADING: False
BOLD: False
NUMBERED: False
FONT SIZE: 10.0
TEXT: biology. The fundamental differences between eukaryotic and prokaryotic cells are explored and provide
2026-08-21 17:24:44.037 | INFO     | app.worker:process_document:58 - 
BLOCK 5
TYPE: paragraph
HEADING: False
BOLD: False
NUMBERED: False
FONT SIZE: 10.0
TEXT: useful biological background for the topic on Infectious diseases (Topic 10). Viruses are introduced as non-
2026-08-21 17:24:44.037 | INFO     | app.worker:process_document:58 - 
BLOCK 6
TYPE: paragraph
HEADING: False
BOLD: False
NUMBERED: False
FONT SIZE: 10.0
TEXT: cellular structures, which gives candidates the opportunity to consider whether cells are the basic unit of life.
2026-08-21 17:24:44.049 | INFO     | app.worker:process_document:58 - 
BLOCK 7
TYPE: paragraph
HEADING: False
BOLD: False
NUMBERED: False
FONT SIZE: 10.0
TEXT: The use of light microscopes is a fundamental skill that is developed in this topic and applied throughout
2026-08-21 17:24:44.051 | INFO     | app.worker:process_document:58 - 
BLOCK 8
TYPE: paragraph
HEADING: False
BOLD: False
NUMBERED: False
FONT SIZE: 10.0
TEXT: several other topics of the syllabus.
2026-08-21 17:24:44.051 | INFO     | app.worker:process_document:58 - 
BLOCK 9
TYPE: heading
HEADING: True
BOLD: False
NUMBERED: True
FONT SIZE: 10.0
TEXT: 1.1 The microscope in cell Learning outcomes
2026-08-21 17:24:44.052 | INFO     | app.worker:process_document:58 - 
BLOCK 10
TYPE: paragraph
HEADING: False
BOLD: False
NUMBERED: False
FONT SIZE: 10.0
TEXT: studies Candidates should be able to:
2026-08-21 17:24:44.055 | INFO     | app.worker:process_document:58 - 
BLOCK 11
TYPE: heading
HEADING: True
BOLD: False
NUMBERED: True
FONT SIZE: 10.0
TEXT: 1 make temporary preparations of cellular material suitable for
2026-08-21 17:24:44.056 | INFO     | app.worker:process_document:58 - 
BLOCK 12
TYPE: paragraph
HEADING: False
BOLD: False
NUMBERED: False
FONT SIZE: 10.0
TEXT: viewing with a light microscope
2026-08-21 17:24:44.057 | INFO     | app.worker:process_document:58 - 
BLOCK 13
TYPE: heading
HEADING: True
BOLD: False
NUMBERED: True
FONT SIZE: 10.0
TEXT: 2 draw cells from microscope slides and photomicrographs
2026-08-21 17:24:44.058 | INFO     | app.worker:process_document:58 - 
BLOCK 14
TYPE: heading
HEADING: True
BOLD: False
NUMBERED: True
FONT SIZE: 10.0
TEXT: 3 calculate magnifications of images and actual sizes of
2026-08-21 17:24:44.066 | INFO     | app.worker:process_document:58 - 
BLOCK 15
TYPE: paragraph
HEADING: False
BOLD: False
NUMBERED: False
FONT SIZE: 10.0
TEXT: specimens from drawings, photomicrographs and electron
2026-08-21 17:24:44.070 | INFO     | app.worker:process_document:58 - 
BLOCK 16
TYPE: paragraph
HEADING: False
BOLD: False
NUMBERED: False
FONT SIZE: 10.0
TEXT: micrographs (scanning and transmission)
2026-08-21 17:24:44.072 | INFO     | app.worker:process_document:58 - 
BLOCK 17
TYPE: heading
HEADING: True
BOLD: False
NUMBERED: True
FONT SIZE: 10.0
TEXT: 4 use an eyepiece graticule and stage micrometer scale to
2026-08-21 17:24:44.073 | INFO     | app.worker:process_document:58 - 
BLOCK 18
TYPE: paragraph
HEADING: False
BOLD: False
NUMBERED: False
FONT SIZE: 10.0
TEXT: make measurements and use the appropriate units, millimetre
2026-08-21 17:24:44.073 | INFO     | app.worker:process_document:58 - 
BLOCK 19
TYPE: paragraph
HEADING: False
BOLD: False
NUMBERED: False
FONT SIZE: 10.12
TEXT: (mm), micrometre ( µ m) and nanometre (nm)
2026-08-21 17:24:44.074 | INFO     | app.worker:process_document:58 - 
BLOCK 20
TYPE: heading
HEADING: True
BOLD: False
NUMBERED: True
FONT SIZE: 10.0
TEXT: 5 define resolution and magnification and explain the
2026-08-21 17:24:44.075 | INFO     | app.worker:process_document:58 - 
BLOCK 21
TYPE: paragraph
HEADING: False
BOLD: False
NUMBERED: False
FONT SIZE: 10.0
TEXT: differences between these terms, with reference to light
2026-08-21 17:24:44.075 | INFO     | app.worker:process_document:58 - 
BLOCK 22
TYPE: paragraph
HEADING: False
BOLD: False
NUMBERED: False
FONT SIZE: 10.0
TEXT: microscopy and electron microscopy
2026-08-21 17:24:44.076 | INFO     | app.worker:process_document:58 - 
BLOCK 23
TYPE: heading
HEADING: True
BOLD: False
NUMBERED: True
FONT SIZE: 10.0
TEXT: 1.2 Cells as the basic units of Learning outcomes
2026-08-21 17:24:44.076 | INFO     | app.worker:process_document:58 - 
BLOCK 24
TYPE: paragraph
HEADING: False
BOLD: False
NUMBERED: False
FONT SIZE: 10.0
TEXT: living organisms Candidates should be able to:
2026-08-21 17:24:44.077 | INFO     | app.worker:process_document:58 - 
BLOCK 25
TYPE: heading
HEADING: True
BOLD: False
NUMBERED: True
FONT SIZE: 10.0
TEXT: 1 recognise organelles and other cell structures found in
2026-08-21 17:24:44.077 | INFO     | app.worker:process_document:58 - 
BLOCK 26
TYPE: paragraph
HEADING: False
BOLD: False
NUMBERED: False
FONT SIZE: 10.0
TEXT: eukaryotic cells and outline their structures and functions,
2026-08-21 17:24:44.078 | INFO     | app.worker:process_document:58 - 
BLOCK 27
TYPE: paragraph
HEADING: False
BOLD: False
NUMBERED: False
FONT SIZE: 10.0
TEXT: limited to:
2026-08-21 17:24:44.078 | INFO     | app.worker:process_document:58 - 
BLOCK 28
TYPE: paragraph
HEADING: False
BOLD: False
NUMBERED: False
FONT SIZE: 10.0
TEXT: • cell surface membrane
2026-08-21 17:24:44.080 | INFO     | app.worker:process_document:58 - 
BLOCK 29
TYPE: paragraph
HEADING: False
BOLD: False
NUMBERED: False
FONT SIZE: 10.0
TEXT: • nucleus, nuclear envelope and nucleolus
2026-08-21 17:24:44.081 | INFO     | app.worker:process_document:58 - 
BLOCK 30
TYPE: paragraph
HEADING: False
BOLD: False
NUMBERED: False
FONT SIZE: 10.0
TEXT: • rough endoplasmic reticulum
2026-08-21 17:24:44.082 | INFO     | app.worker:process_document:58 - 
BLOCK 31
TYPE: paragraph
HEADING: False
BOLD: False
NUMBERED: False
FONT SIZE: 10.0
TEXT: • smooth endoplasmic reticulum
2026-08-21 17:24:44.086 | INFO     | app.worker:process_document:58 - 
BLOCK 32
TYPE: paragraph
HEADING: False
BOLD: False
NUMBERED: False
FONT SIZE: 10.0
TEXT: • Golgi body (Golgi apparatus or Golgi complex)
2026-08-21 17:24:44.087 | INFO     | app.worker:process_document:58 - 
BLOCK 33
TYPE: paragraph
HEADING: False
BOLD: False
NUMBERED: False
FONT SIZE: 10.0
TEXT: • mitochondria (including the presence of small circular DNA)
2026-08-21 17:24:44.088 | INFO     | app.worker:process_document:58 - 
BLOCK 34
TYPE: paragraph
HEADING: False
BOLD: False
NUMBERED: False
FONT SIZE: 10.0
TEXT: • ribosomes (80S in the cytoplasm and 70S in chloroplasts
2026-08-21 17:24:44.090 | INFO     | app.worker:process_document:58 - 
BLOCK 35
TYPE: paragraph
HEADING: False
BOLD: False
NUMBERED: False
FONT SIZE: 10.0
TEXT: and mitochondria)
2026-08-21 17:24:44.090 | INFO     | app.worker:process_document:58 - 
BLOCK 36
TYPE: paragraph
HEADING: False
BOLD: False
NUMBERED: False
FONT SIZE: 10.0
TEXT: • lysosomes
2026-08-21 17:24:44.091 | INFO     | app.worker:process_document:58 - 
BLOCK 37
TYPE: paragraph
HEADING: False
BOLD: False
NUMBERED: False
FONT SIZE: 10.0
TEXT: • centrioles and microtubules
2026-08-21 17:24:44.091 | INFO     | app.worker:process_document:58 - 
BLOCK 38
TYPE: paragraph
HEADING: False
BOLD: False
NUMBERED: False
FONT SIZE: 10.0
TEXT: • cilia
2026-08-21 17:24:44.092 | INFO     | app.worker:process_document:58 - 
BLOCK 39
TYPE: paragraph
HEADING: False
BOLD: False
NUMBERED: False
FONT SIZE: 10.0
TEXT: • microvilli
2026-08-21 17:24:44.092 | INFO     | app.worker:process_document:58 - 
BLOCK 40
TYPE: paragraph
HEADING: False
BOLD: False
NUMBERED: False
FONT SIZE: 10.0
TEXT: • chloroplasts (including the presence of small circular DNA)
2026-08-21 17:24:44.093 | INFO     | app.worker:process_document:58 - 
BLOCK 41
TYPE: paragraph
HEADING: False
BOLD: False
NUMBERED: False
FONT SIZE: 10.0
TEXT: • cell wall
2026-08-21 17:24:44.093 | INFO     | app.worker:process_document:58 - 
BLOCK 42
TYPE: paragraph
HEADING: False
BOLD: False
NUMBERED: False
FONT SIZE: 10.0
TEXT: • plasmodesmata
2026-08-21 17:24:44.094 | INFO     | app.worker:process_document:58 - 
BLOCK 43
TYPE: paragraph
HEADING: False
BOLD: False
NUMBERED: False
FONT SIZE: 10.0
TEXT: • large permanent vacuole and tonoplast of plant cells
2026-08-21 17:24:44.094 | INFO     | app.worker:process_document:58 - 
BLOCK 44
TYPE: paragraph
HEADING: False
BOLD: False
NUMBERED: False
FONT SIZE: 10.0
TEXT: continued
2026-08-21 17:24:44.095 | INFO     | app.worker:process_document:58 - 
BLOCK 45
TYPE: paragraph
HEADING: False
BOLD: False
NUMBERED: False
FONT SIZE: 9.17
TEXT: Back to contents page www.cambridgeinternational.org/alevel 16
2026-08-21 17:24:44.095 | INFO     | app.worker:process_document:52 - 
PAGE 17 (24 blocks)
2026-08-21 17:24:44.095 | INFO     | app.worker:process_document:58 - 
BLOCK 0
TYPE: paragraph
HEADING: False
BOLD: False
NUMBERED: False
FONT SIZE: 9.0
TEXT: Cambridge International AS & A Level Biology 9700 syllabus for 2028, 2029 and 2030. Subject content
2026-08-21 17:24:44.096 | INFO     | app.worker:process_document:58 - 
BLOCK 1
TYPE: heading
HEADING: True
BOLD: False
NUMBERED: True
FONT SIZE: 10.0
TEXT: 1.2 Cells as the basic units of Learning outcomes
2026-08-21 17:24:44.096 | INFO     | app.worker:process_document:58 - 
BLOCK 2
TYPE: paragraph
HEADING: False
BOLD: False
NUMBERED: False
FONT SIZE: 10.0
TEXT: living organisms continued Candidates should be able to:
2026-08-21 17:24:44.098 | INFO     | app.worker:process_document:58 - 
BLOCK 3
TYPE: heading
HEADING: True
BOLD: False
NUMBERED: True
FONT SIZE: 10.0
TEXT: 2 describe and interpret photomicrographs, electron
2026-08-21 17:24:44.101 | INFO     | app.worker:process_document:58 - 
BLOCK 4
TYPE: paragraph
HEADING: False
BOLD: False
NUMBERED: False
FONT SIZE: 10.0
TEXT: micrographs and drawings of typical plant and animal cells
2026-08-21 17:24:44.102 | INFO     | app.worker:process_document:58 - 
BLOCK 5
TYPE: heading
HEADING: True
BOLD: False
NUMBERED: True
FONT SIZE: 10.0
TEXT: 3 compare the structure of typical plant and animal cells
2026-08-21 17:24:44.103 | INFO     | app.worker:process_document:58 - 
BLOCK 6
TYPE: heading
HEADING: True
BOLD: False
NUMBERED: True
FONT SIZE: 10.0
TEXT: 4 state that cells use ATP from respiration for energy-requiring
2026-08-21 17:24:44.103 | INFO     | app.worker:process_document:58 - 
BLOCK 7
TYPE: paragraph
HEADING: False
BOLD: False
NUMBERED: False
FONT SIZE: 10.0
TEXT: processes
2026-08-21 17:24:44.103 | INFO     | app.worker:process_document:58 - 
BLOCK 8
TYPE: heading
HEADING: True
BOLD: False
NUMBERED: True
FONT SIZE: 10.0
TEXT: 5 outline key structural features of a prokaryotic cell as found in
2026-08-21 17:24:44.104 | INFO     | app.worker:process_document:58 - 
BLOCK 9
TYPE: paragraph
HEADING: False
BOLD: False
NUMBERED: False
FONT SIZE: 10.0
TEXT: a typical bacterium, including:
2026-08-21 17:24:44.105 | INFO     | app.worker:process_document:58 - 
BLOCK 10
TYPE: paragraph
HEADING: False
BOLD: False
NUMBERED: False
FONT SIZE: 10.0
TEXT: • unicellular
2026-08-21 17:24:44.106 | INFO     | app.worker:process_document:58 - 
BLOCK 11
TYPE: paragraph
HEADING: False
BOLD: False
NUMBERED: False
FONT SIZE: 10.17
TEXT: • generally 1–5 µ m diameter
2026-08-21 17:24:44.106 | INFO     | app.worker:process_document:58 - 
BLOCK 12
TYPE: paragraph
HEADING: False
BOLD: False
NUMBERED: False
FONT SIZE: 10.0
TEXT: • peptidoglycan cell walls
2026-08-21 17:24:44.107 | INFO     | app.worker:process_document:58 - 
BLOCK 13
TYPE: paragraph
HEADING: False
BOLD: False
NUMBERED: False
FONT SIZE: 10.0
TEXT: • circular DNA
2026-08-21 17:24:44.107 | INFO     | app.worker:process_document:58 - 
BLOCK 14
TYPE: paragraph
HEADING: False
BOLD: False
NUMBERED: False
FONT SIZE: 10.0
TEXT: • 70S ribosomes
2026-08-21 17:24:44.108 | INFO     | app.worker:process_document:58 - 
BLOCK 15
TYPE: paragraph
HEADING: False
BOLD: False
NUMBERED: False
FONT SIZE: 10.0
TEXT: • absence of organelles surrounded by double membranes
2026-08-21 17:24:44.108 | INFO     | app.worker:process_document:58 - 
BLOCK 16
TYPE: heading
HEADING: True
BOLD: False
NUMBERED: True
FONT SIZE: 10.0
TEXT: 6 compare the structure of a prokaryotic cell as found in a
2026-08-21 17:24:44.109 | INFO     | app.worker:process_document:58 - 
BLOCK 17
TYPE: paragraph
HEADING: False
BOLD: False
NUMBERED: False
FONT SIZE: 10.0
TEXT: typical bacterium with the structures of typical eukaryotic
2026-08-21 17:24:44.110 | INFO     | app.worker:process_document:58 - 
BLOCK 18
TYPE: paragraph
HEADING: False
BOLD: False
NUMBERED: False
FONT SIZE: 10.0
TEXT: cells in plants and animals
2026-08-21 17:24:44.110 | INFO     | app.worker:process_document:58 - 
BLOCK 19
TYPE: heading
HEADING: True
BOLD: False
NUMBERED: True
FONT SIZE: 10.0
TEXT: 7 state that all viruses are non-cellular structures with a nucleic
2026-08-21 17:24:44.111 | INFO     | app.worker:process_document:58 - 
BLOCK 20
TYPE: paragraph
HEADING: False
BOLD: False
NUMBERED: False
FONT SIZE: 10.0
TEXT: acid core (either DNA or RNA) and a capsid made of protein,
2026-08-21 17:24:44.111 | INFO     | app.worker:process_document:58 - 
BLOCK 21
TYPE: paragraph
HEADING: False
BOLD: False
NUMBERED: False
FONT SIZE: 10.0
TEXT: and that some viruses have an outer envelope made of
2026-08-21 17:24:44.112 | INFO     | app.worker:process_document:58 - 
BLOCK 22
TYPE: paragraph
HEADING: False
BOLD: False
NUMBERED: False
FONT SIZE: 10.0
TEXT: phospholipids
2026-08-21 17:24:44.113 | INFO     | app.worker:process_document:58 - 
BLOCK 23
TYPE: paragraph
HEADING: False
BOLD: False
NUMBERED: False
FONT SIZE: 9.17
TEXT: Back to contents page www.cambridgeinternational.org/alevel 17
2026-08-21 17:24:44.114 | INFO     | app.worker:process_document:52 - 
PAGE 18 (40 blocks)
2026-08-21 17:24:44.115 | INFO     | app.worker:process_document:58 - 
BLOCK 0
TYPE: paragraph
HEADING: False
BOLD: False
NUMBERED: False
FONT SIZE: 9.0
TEXT: Cambridge International AS & A Level Biology 9700 syllabus for 2028, 2029 and 2030. Subject content
2026-08-21 17:24:44.119 | INFO     | app.worker:process_document:58 - 
BLOCK 1
TYPE: heading
HEADING: True
BOLD: False
NUMBERED: True
FONT SIZE: 10.0
TEXT: 2 Biological molecules
2026-08-21 17:24:44.119 | INFO     | app.worker:process_document:58 - 
BLOCK 2
TYPE: paragraph
HEADING: False
BOLD: False
NUMBERED: False
FONT SIZE: 10.0
TEXT: This topic introduces carbohydrates, lipids and proteins: organic molecules that are important in cells.
2026-08-21 17:24:44.120 | INFO     | app.worker:process_document:58 - 
BLOCK 3
TYPE: paragraph
HEADING: False
BOLD: False
NUMBERED: False
FONT SIZE: 10.0
TEXT: Nucleic acids, another class of biological molecule, are covered in Topic 6. All of these molecules are based
2026-08-21 17:24:44.121 | INFO     | app.worker:process_document:58 - 
BLOCK 4
TYPE: paragraph
HEADING: False
BOLD: False
NUMBERED: False
FONT SIZE: 10.0
TEXT: on the versatile element carbon. This topic explains how carbohydrates, lipids and proteins, which have a
2026-08-21 17:24:44.122 | INFO     | app.worker:process_document:58 - 
BLOCK 5
TYPE: paragraph
HEADING: False
BOLD: False
NUMBERED: False
FONT SIZE: 10.0
TEXT: great diversity of function in organisms, are assembled from smaller organic molecules such as glucose,
2026-08-21 17:24:44.122 | INFO     | app.worker:process_document:58 - 
BLOCK 6
TYPE: paragraph
HEADING: False
BOLD: False
NUMBERED: False
FONT SIZE: 10.0
TEXT: amino acids, glycerol and fatty acids.
2026-08-21 17:24:44.123 | INFO     | app.worker:process_document:58 - 
BLOCK 7
TYPE: paragraph
HEADING: False
BOLD: False
NUMBERED: False
FONT SIZE: 10.0
TEXT: The emphasis in this topic is on the relationship between molecular structures and their functions. Some
2026-08-21 17:24:44.123 | INFO     | app.worker:process_document:58 - 
BLOCK 8
TYPE: paragraph
HEADING: False
BOLD: False
NUMBERED: False
FONT SIZE: 10.0
TEXT: of these ideas are continued in other topics, for example, the functions of haemoglobin in gas transport in
2026-08-21 17:24:44.124 | INFO     | app.worker:process_document:58 - 
BLOCK 9
TYPE: paragraph
HEADING: False
BOLD: False
NUMBERED: False
FONT SIZE: 10.0
TEXT: Transport in mammals (Topic 8), phospholipids in membranes in Cell membranes and transport (Topic 4)
2026-08-21 17:24:44.124 | INFO     | app.worker:process_document:58 - 
BLOCK 10
TYPE: paragraph
HEADING: False
BOLD: False
NUMBERED: False
FONT SIZE: 10.0
TEXT: and antibodies in Immunity (Topic 11).
2026-08-21 17:24:44.125 | INFO     | app.worker:process_document:58 - 
BLOCK 11
TYPE: paragraph
HEADING: False
BOLD: False
NUMBERED: False
FONT SIZE: 10.0
TEXT: Life as we know it would not be possible without water. Understanding the properties of this extraordinary
2026-08-21 17:24:44.126 | INFO     | app.worker:process_document:58 - 
BLOCK 12
TYPE: paragraph
HEADING: False
BOLD: False
NUMBERED: False
FONT SIZE: 10.0
TEXT: molecule is an essential part of any study of biological molecules. Some of the roles of water are in this topic,
2026-08-21 17:24:44.126 | INFO     | app.worker:process_document:58 - 
BLOCK 13
TYPE: paragraph
HEADING: False
BOLD: False
NUMBERED: False
FONT SIZE: 10.0
TEXT: others are in Topics 4, 7, 8, 12, 13 and 14.
2026-08-21 17:24:44.127 | INFO     | app.worker:process_document:58 - 
BLOCK 14
TYPE: heading
HEADING: True
BOLD: False
NUMBERED: True
FONT SIZE: 10.0
TEXT: 2.1 Testing for biological Learning outcomes
2026-08-21 17:24:44.127 | INFO     | app.worker:process_document:58 - 
BLOCK 15
TYPE: paragraph
HEADING: False
BOLD: False
NUMBERED: False
FONT SIZE: 10.0
TEXT: molecules Candidates should be able to:
2026-08-21 17:24:44.128 | INFO     | app.worker:process_document:58 - 
BLOCK 16
TYPE: heading
HEADING: True
BOLD: False
NUMBERED: True
FONT SIZE: 10.0
TEXT: 1 describe and carry out the Benedict’s test for reducing
2026-08-21 17:24:44.128 | INFO     | app.worker:process_document:58 - 
BLOCK 17
TYPE: paragraph
HEADING: False
BOLD: False
NUMBERED: False
FONT SIZE: 10.0
TEXT: sugars, the iodine test for starch, the emulsion test for lipids
2026-08-21 17:24:44.129 | INFO     | app.worker:process_document:58 - 
BLOCK 18
TYPE: paragraph
HEADING: False
BOLD: False
NUMBERED: False
FONT SIZE: 10.0
TEXT: and the biuret test for proteins
2026-08-21 17:24:44.130 | INFO     | app.worker:process_document:58 - 
BLOCK 19
TYPE: heading
HEADING: True
BOLD: False
NUMBERED: True
FONT SIZE: 10.0
TEXT: 2 describe and carry out a semi-quantitative Benedict’s test
2026-08-21 17:24:44.130 | INFO     | app.worker:process_document:58 - 
BLOCK 20
TYPE: paragraph
HEADING: False
BOLD: False
NUMBERED: False
FONT SIZE: 10.0
TEXT: on a reducing sugar solution by standardising the test and
2026-08-21 17:24:44.131 | INFO     | app.worker:process_document:58 - 
BLOCK 21
TYPE: paragraph
HEADING: False
BOLD: False
NUMBERED: False
FONT SIZE: 10.0
TEXT: using the results (time to first colour change or comparison to
2026-08-21 17:24:44.131 | INFO     | app.worker:process_document:58 - 
BLOCK 22
TYPE: paragraph
HEADING: False
BOLD: False
NUMBERED: False
FONT SIZE: 10.0
TEXT: colour standards) to estimate the concentration
2026-08-21 17:24:44.133 | INFO     | app.worker:process_document:58 - 
BLOCK 23
TYPE: heading
HEADING: True
BOLD: False
NUMBERED: True
FONT SIZE: 10.0
TEXT: 3 describe and carry out a test to identify the presence of
2026-08-21 17:24:44.135 | INFO     | app.worker:process_document:58 - 
BLOCK 24
TYPE: paragraph
HEADING: False
BOLD: False
NUMBERED: False
FONT SIZE: 10.0
TEXT: non-reducing sugars, using acid hydrolysis and Benedict’s
2026-08-21 17:24:44.136 | INFO     | app.worker:process_document:58 - 
BLOCK 25
TYPE: paragraph
HEADING: False
BOLD: False
NUMBERED: False
FONT SIZE: 10.0
TEXT: solution
2026-08-21 17:24:44.137 | INFO     | app.worker:process_document:58 - 
BLOCK 26
TYPE: heading
HEADING: True
BOLD: False
NUMBERED: True
FONT SIZE: 10.0
TEXT: 2.2 Carbohydrates and lipids Learning outcomes
2026-08-21 17:24:44.138 | INFO     | app.worker:process_document:58 - 
BLOCK 27
TYPE: paragraph
HEADING: False
BOLD: False
NUMBERED: False
FONT SIZE: 10.0
TEXT: Candidates should be able to:
2026-08-21 17:24:44.138 | INFO     | app.worker:process_document:58 - 
BLOCK 28
TYPE: heading
HEADING: True
BOLD: False
NUMBERED: True
FONT SIZE: 10.0
TEXT: 1 describe and draw the ring forms of α-glucose and β-glucose
2026-08-21 17:24:44.139 | INFO     | app.worker:process_document:58 - 
BLOCK 29
TYPE: heading
HEADING: True
BOLD: False
NUMBERED: True
FONT SIZE: 10.0
TEXT: 2 define the terms monomer, polymer, macromolecule,
2026-08-21 17:24:44.139 | INFO     | app.worker:process_document:58 - 
BLOCK 30
TYPE: paragraph
HEADING: False
BOLD: False
NUMBERED: False
FONT SIZE: 10.0
TEXT: monosaccharide, disaccharide and polysaccharide
2026-08-21 17:24:44.140 | INFO     | app.worker:process_document:58 - 
BLOCK 31
TYPE: heading
HEADING: True
BOLD: False
NUMBERED: True
FONT SIZE: 10.0
TEXT: 3 state the role of covalent bonds in joining smaller molecules
2026-08-21 17:24:44.140 | INFO     | app.worker:process_document:58 - 
BLOCK 32
TYPE: paragraph
HEADING: False
BOLD: False
NUMBERED: False
FONT SIZE: 10.0
TEXT: together to form polymers
2026-08-21 17:24:44.141 | INFO     | app.worker:process_document:58 - 
BLOCK 33
TYPE: heading
HEADING: True
BOLD: False
NUMBERED: True
FONT SIZE: 10.0
TEXT: 4 state that glucose, fructose and maltose are reducing sugars
2026-08-21 17:24:44.141 | INFO     | app.worker:process_document:58 - 
BLOCK 34
TYPE: paragraph
HEADING: False
BOLD: False
NUMBERED: False
FONT SIZE: 10.0
TEXT: and that sucrose is a non-reducing sugar
2026-08-21 17:24:44.142 | INFO     | app.worker:process_document:58 - 
BLOCK 35
TYPE: heading
HEADING: True
BOLD: False
NUMBERED: True
FONT SIZE: 10.0
TEXT: 5 describe the formation of a glycosidic bond by condensation,
2026-08-21 17:24:44.142 | INFO     | app.worker:process_document:58 - 
BLOCK 36
TYPE: paragraph
HEADING: False
BOLD: False
NUMBERED: False
FONT SIZE: 10.0
TEXT: with reference to disaccharides, including sucrose, and
2026-08-21 17:24:44.143 | INFO     | app.worker:process_document:58 - 
BLOCK 37
TYPE: paragraph
HEADING: False
BOLD: False
NUMBERED: False
FONT SIZE: 10.0
TEXT: polysaccharides
2026-08-21 17:24:44.144 | INFO     | app.worker:process_document:58 - 
BLOCK 38
TYPE: paragraph
HEADING: False
BOLD: False
NUMBERED: False
FONT SIZE: 10.0
TEXT: continued
2026-08-21 17:24:44.144 | INFO     | app.worker:process_document:58 - 
BLOCK 39
TYPE: paragraph
HEADING: False
BOLD: False
NUMBERED: False
FONT SIZE: 9.17
TEXT: Back to contents page www.cambridgeinternational.org/alevel 18
2026-08-21 17:24:44.144 | INFO     | app.worker:process_document:52 - 
PAGE 19 (49 blocks)
2026-08-21 17:24:44.145 | INFO     | app.worker:process_document:58 - 
BLOCK 0
TYPE: paragraph
HEADING: False
BOLD: False
NUMBERED: False
FONT SIZE: 9.0
TEXT: Cambridge International AS & A Level Biology 9700 syllabus for 2028, 2029 and 2030. Subject content
2026-08-21 17:24:44.145 | INFO     | app.worker:process_document:58 - 
BLOCK 1
TYPE: heading
HEADING: True
BOLD: False
NUMBERED: True
FONT SIZE: 10.0
TEXT: 2.2 Carbohydrates and lipids Learning outcomes
2026-08-21 17:24:44.145 | INFO     | app.worker:process_document:58 - 
BLOCK 2
TYPE: paragraph
HEADING: False
BOLD: False
NUMBERED: False
FONT SIZE: 10.0
TEXT: continued Candidates should be able to:
2026-08-21 17:24:44.146 | INFO     | app.worker:process_document:58 - 
BLOCK 3
TYPE: heading
HEADING: True
BOLD: False
NUMBERED: True
FONT SIZE: 10.0
TEXT: 6 describe the breakage of a glycosidic bond in
2026-08-21 17:24:44.146 | INFO     | app.worker:process_document:58 - 
BLOCK 4
TYPE: paragraph
HEADING: False
BOLD: False
NUMBERED: False
FONT SIZE: 10.0
TEXT: polysaccharides and disaccharides by hydrolysis, with
2026-08-21 17:24:44.146 | INFO     | app.worker:process_document:58 - 
BLOCK 5
TYPE: paragraph
HEADING: False
BOLD: False
NUMBERED: False
FONT SIZE: 10.0
TEXT: reference to the non-reducing sugar test
2026-08-21 17:24:44.147 | INFO     | app.worker:process_document:58 - 
BLOCK 6
TYPE: heading
HEADING: True
BOLD: False
NUMBERED: True
FONT SIZE: 10.0
TEXT: 7 describe the molecular structure of the polysaccharides
2026-08-21 17:24:44.148 | INFO     | app.worker:process_document:58 - 
BLOCK 7
TYPE: paragraph
HEADING: False
BOLD: False
NUMBERED: False
FONT SIZE: 10.0
TEXT: starch (amylose and amylopectin) and glycogen and relate
2026-08-21 17:24:44.149 | INFO     | app.worker:process_document:58 - 
BLOCK 8
TYPE: paragraph
HEADING: False
BOLD: False
NUMBERED: False
FONT SIZE: 10.0
TEXT: their structures to their functions in living organisms
2026-08-21 17:24:44.152 | INFO     | app.worker:process_document:58 - 
BLOCK 9
TYPE: heading
HEADING: True
BOLD: False
NUMBERED: True
FONT SIZE: 10.0
TEXT: 8 describe the molecular structure of the polysaccharide
2026-08-21 17:24:44.154 | INFO     | app.worker:process_document:58 - 
BLOCK 10
TYPE: paragraph
HEADING: False
BOLD: False
NUMBERED: False
FONT SIZE: 10.0
TEXT: cellulose and outline how the arrangement of cellulose
2026-08-21 17:24:44.154 | INFO     | app.worker:process_document:58 - 
BLOCK 11
TYPE: paragraph
HEADING: False
BOLD: False
NUMBERED: False
FONT SIZE: 10.0
TEXT: molecules contributes to the function of plant cell walls
2026-08-21 17:24:44.155 | INFO     | app.worker:process_document:58 - 
BLOCK 12
TYPE: heading
HEADING: True
BOLD: False
NUMBERED: True
FONT SIZE: 10.0
TEXT: 9 state that triglycerides are non-polar hydrophobic molecules
2026-08-21 17:24:44.156 | INFO     | app.worker:process_document:58 - 
BLOCK 13
TYPE: paragraph
HEADING: False
BOLD: False
NUMBERED: False
FONT SIZE: 10.0
TEXT: and describe the molecular structure of triglycerides with
2026-08-21 17:24:44.156 | INFO     | app.worker:process_document:58 - 
BLOCK 14
TYPE: paragraph
HEADING: False
BOLD: False
NUMBERED: False
FONT SIZE: 10.0
TEXT: reference to fatty acids (saturated and unsaturated), glycerol
2026-08-21 17:24:44.156 | INFO     | app.worker:process_document:58 - 
BLOCK 15
TYPE: paragraph
HEADING: False
BOLD: False
NUMBERED: False
FONT SIZE: 10.0
TEXT: and the formation of ester bonds
2026-08-21 17:24:44.157 | INFO     | app.worker:process_document:58 - 
BLOCK 16
TYPE: heading
HEADING: True
BOLD: False
NUMBERED: True
FONT SIZE: 10.0
TEXT: 10 relate the molecular structure of triglycerides to their functions
2026-08-21 17:24:44.157 | INFO     | app.worker:process_document:58 - 
BLOCK 17
TYPE: paragraph
HEADING: False
BOLD: False
NUMBERED: False
FONT SIZE: 10.0
TEXT: in living organisms
2026-08-21 17:24:44.157 | INFO     | app.worker:process_document:58 - 
BLOCK 18
TYPE: heading
HEADING: True
BOLD: False
NUMBERED: True
FONT SIZE: 10.0
TEXT: 11 describe the molecular structure of phospholipids with
2026-08-21 17:24:44.158 | INFO     | app.worker:process_document:58 - 
BLOCK 19
TYPE: paragraph
HEADING: False
BOLD: False
NUMBERED: False
FONT SIZE: 10.0
TEXT: reference to their hydrophilic (polar) phosphate heads and
2026-08-21 17:24:44.158 | INFO     | app.worker:process_document:58 - 
BLOCK 20
TYPE: paragraph
HEADING: False
BOLD: False
NUMBERED: False
FONT SIZE: 10.0
TEXT: hydrophobic (non-polar) fatty acid tails
2026-08-21 17:24:44.159 | INFO     | app.worker:process_document:58 - 
BLOCK 21
TYPE: heading
HEADING: True
BOLD: False
NUMBERED: True
FONT SIZE: 10.0
TEXT: 2.3 Proteins Learning outcomes
2026-08-21 17:24:44.160 | INFO     | app.worker:process_document:58 - 
BLOCK 22
TYPE: paragraph
HEADING: False
BOLD: False
NUMBERED: False
FONT SIZE: 10.0
TEXT: Candidates should be able to:
2026-08-21 17:24:44.162 | INFO     | app.worker:process_document:58 - 
BLOCK 23
TYPE: heading
HEADING: True
BOLD: False
NUMBERED: True
FONT SIZE: 10.0
TEXT: 1 describe and draw the general structure of an amino acid and
2026-08-21 17:24:44.163 | INFO     | app.worker:process_document:58 - 
BLOCK 24
TYPE: paragraph
HEADING: False
BOLD: False
NUMBERED: False
FONT SIZE: 10.0
TEXT: the formation and breakage of a peptide bond
2026-08-21 17:24:44.163 | INFO     | app.worker:process_document:58 - 
BLOCK 25
TYPE: heading
HEADING: True
BOLD: False
NUMBERED: True
FONT SIZE: 10.0
TEXT: 2 explain the meaning of the terms primary structure,
2026-08-21 17:24:44.164 | INFO     | app.worker:process_document:58 - 
BLOCK 26
TYPE: paragraph
HEADING: False
BOLD: False
NUMBERED: False
FONT SIZE: 10.0
TEXT: secondary structure, tertiary structure and quaternary
2026-08-21 17:24:44.164 | INFO     | app.worker:process_document:58 - 
BLOCK 27
TYPE: paragraph
HEADING: False
BOLD: False
NUMBERED: False
FONT SIZE: 10.0
TEXT: structure of proteins
2026-08-21 17:24:44.165 | INFO     | app.worker:process_document:58 - 
BLOCK 28
TYPE: heading
HEADING: True
BOLD: False
NUMBERED: True
FONT SIZE: 10.0
TEXT: 3 describe the types of interaction that hold protein molecules
2026-08-21 17:24:44.168 | INFO     | app.worker:process_document:58 - 
BLOCK 29
TYPE: paragraph
HEADING: False
BOLD: False
NUMBERED: False
FONT SIZE: 10.0
TEXT: in shape:
2026-08-21 17:24:44.168 | INFO     | app.worker:process_document:58 - 
BLOCK 30
TYPE: paragraph
HEADING: False
BOLD: False
NUMBERED: False
FONT SIZE: 10.0
TEXT: • hydrophobic interactions
2026-08-21 17:24:44.169 | INFO     | app.worker:process_document:58 - 
BLOCK 31
TYPE: paragraph
HEADING: False
BOLD: False
NUMBERED: False
FONT SIZE: 10.0
TEXT: • hydrogen bonding
2026-08-21 17:24:44.169 | INFO     | app.worker:process_document:58 - 
BLOCK 32
TYPE: paragraph
HEADING: False
BOLD: False
NUMBERED: False
FONT SIZE: 10.0
TEXT: • ionic bonding
2026-08-21 17:24:44.170 | INFO     | app.worker:process_document:58 - 
BLOCK 33
TYPE: paragraph
HEADING: False
BOLD: False
NUMBERED: False
FONT SIZE: 10.0
TEXT: • covalent bonding, including disulfide bonds
2026-08-21 17:24:44.170 | INFO     | app.worker:process_document:58 - 
BLOCK 34
TYPE: heading
HEADING: True
BOLD: False
NUMBERED: True
FONT SIZE: 10.0
TEXT: 4 state that globular proteins are generally soluble and have
2026-08-21 17:24:44.170 | INFO     | app.worker:process_document:58 - 
BLOCK 35
TYPE: paragraph
HEADING: False
BOLD: False
NUMBERED: False
FONT SIZE: 10.0
TEXT: physiological roles and fibrous proteins are generally insoluble
2026-08-21 17:24:44.171 | INFO     | app.worker:process_document:58 - 
BLOCK 36
TYPE: paragraph
HEADING: False
BOLD: False
NUMBERED: False
FONT SIZE: 10.0
TEXT: and have structural roles
2026-08-21 17:24:44.171 | INFO     | app.worker:process_document:58 - 
BLOCK 37
TYPE: heading
HEADING: True
BOLD: False
NUMBERED: True
FONT SIZE: 10.0
TEXT: 5 describe the structure of a molecule of haemoglobin as an
2026-08-21 17:24:44.171 | INFO     | app.worker:process_document:58 - 
BLOCK 38
TYPE: paragraph
HEADING: False
BOLD: False
NUMBERED: False
FONT SIZE: 10.0
TEXT: example of a globular protein, including the formation of its
2026-08-21 17:24:44.172 | INFO     | app.worker:process_document:58 - 
BLOCK 39
TYPE: paragraph
HEADING: False
BOLD: False
NUMBERED: False
FONT SIZE: 10.0
TEXT: quaternary structure from two alpha (α) chains (α–globin), two
2026-08-21 17:24:44.172 | INFO     | app.worker:process_document:58 - 
BLOCK 40
TYPE: paragraph
HEADING: False
BOLD: False
NUMBERED: False
FONT SIZE: 10.0
TEXT: beta (β) chains (β–globin) and a haem group
2026-08-21 17:24:44.173 | INFO     | app.worker:process_document:58 - 
BLOCK 41
TYPE: heading
HEADING: True
BOLD: False
NUMBERED: True
FONT SIZE: 10.0
TEXT: 6 relate the structure of haemoglobin to its function, including
2026-08-21 17:24:44.173 | INFO     | app.worker:process_document:58 - 
BLOCK 42
TYPE: paragraph
HEADING: False
BOLD: False
NUMBERED: False
FONT SIZE: 10.0
TEXT: the importance of iron in the haem group
2026-08-21 17:24:44.174 | INFO     | app.worker:process_document:58 - 
BLOCK 43
TYPE: heading
HEADING: True
BOLD: False
NUMBERED: True
FONT SIZE: 10.0
TEXT: 7 describe the structure of a molecule of collagen as an
2026-08-21 17:24:44.174 | INFO     | app.worker:process_document:58 - 
BLOCK 44
TYPE: paragraph
HEADING: False
BOLD: False
NUMBERED: False
FONT SIZE: 10.0
TEXT: example of a fibrous protein, and the arrangement of collagen
2026-08-21 17:24:44.174 | INFO     | app.worker:process_document:58 - 
BLOCK 45
TYPE: paragraph
HEADING: False
BOLD: False
NUMBERED: False
FONT SIZE: 10.0
TEXT: molecules to form collagen fibres
2026-08-21 17:24:44.175 | INFO     | app.worker:process_document:58 - 
BLOCK 46
TYPE: heading
HEADING: True
BOLD: False
NUMBERED: True
FONT SIZE: 10.0
TEXT: 8 relate the structures of collagen molecules and collagen fibres
2026-08-21 17:24:44.175 | INFO     | app.worker:process_document:58 - 
BLOCK 47
TYPE: paragraph
HEADING: False
BOLD: False
NUMBERED: False
FONT SIZE: 10.0
TEXT: to their function
2026-08-21 17:24:44.175 | INFO     | app.worker:process_document:58 - 
BLOCK 48
TYPE: paragraph
HEADING: False
BOLD: False
NUMBERED: False
FONT SIZE: 9.17
TEXT: Back to contents page www.cambridgeinternational.org/alevel 19
2026-08-21 17:24:44.176 | INFO     | app.worker:process_document:52 - 
PAGE 20 (8 blocks)
2026-08-21 17:24:44.176 | INFO     | app.worker:process_document:58 - 
BLOCK 0
TYPE: paragraph
HEADING: False
BOLD: False
NUMBERED: False
FONT SIZE: 9.0
TEXT: Cambridge International AS & A Level Biology 9700 syllabus for 2028, 2029 and 2030. Subject content
2026-08-21 17:24:44.176 | INFO     | app.worker:process_document:58 - 
BLOCK 1
TYPE: heading
HEADING: True
BOLD: False
NUMBERED: True
FONT SIZE: 10.0
TEXT: 2.4 Water Learning outcomes
2026-08-21 17:24:44.177 | INFO     | app.worker:process_document:58 - 
BLOCK 2
TYPE: paragraph
HEADING: False
BOLD: False
NUMBERED: False
FONT SIZE: 10.0
TEXT: Candidates should be able to:
2026-08-21 17:24:44.177 | INFO     | app.worker:process_document:58 - 
BLOCK 3
TYPE: heading
HEADING: True
BOLD: False
NUMBERED: True
FONT SIZE: 10.0
TEXT: 1 explain how hydrogen bonding occurs between water
2026-08-21 17:24:44.182 | INFO     | app.worker:process_document:58 - 
BLOCK 4
TYPE: paragraph
HEADING: False
BOLD: False
NUMBERED: False
FONT SIZE: 10.0
TEXT: molecules and relate the properties of water to its roles in
2026-08-21 17:24:44.184 | INFO     | app.worker:process_document:58 - 
BLOCK 5
TYPE: paragraph
HEADING: False
BOLD: False
NUMBERED: False
FONT SIZE: 10.0
TEXT: living organisms, limited to solvent action, high specific heat
2026-08-21 17:24:44.184 | INFO     | app.worker:process_document:58 - 
BLOCK 6
TYPE: paragraph
HEADING: False
BOLD: False
NUMBERED: False
FONT SIZE: 10.0
TEXT: capacity and latent heat of vaporisation
2026-08-21 17:24:44.185 | INFO     | app.worker:process_document:58 - 
BLOCK 7
TYPE: paragraph
HEADING: False
BOLD: False
NUMBERED: False
FONT SIZE: 9.17
TEXT: Back to contents page www.cambridgeinternational.org/alevel 20
2026-08-21 17:24:44.185 | INFO     | app.worker:process_document:52 - 
PAGE 21 (41 blocks)
2026-08-21 17:24:44.185 | INFO     | app.worker:process_document:58 - 
BLOCK 0
TYPE: paragraph
HEADING: False
BOLD: False
NUMBERED: False
FONT SIZE: 9.0
TEXT: Cambridge International AS & A Level Biology 9700 syllabus for 2028, 2029 and 2030. Subject content
2026-08-21 17:24:44.186 | INFO     | app.worker:process_document:58 - 
BLOCK 1
TYPE: heading
HEADING: True
BOLD: False
NUMBERED: True
FONT SIZE: 10.0
TEXT: 3 Enzymes
2026-08-21 17:24:44.186 | INFO     | app.worker:process_document:58 - 
BLOCK 2
TYPE: paragraph
HEADING: False
BOLD: False
NUMBERED: False
FONT SIZE: 10.0
TEXT: Enzymes are essential for life to exist. The mode of action of enzymes and the factors that affect their activity
2026-08-21 17:24:44.187 | INFO     | app.worker:process_document:58 - 
BLOCK 3
TYPE: paragraph
HEADING: False
BOLD: False
NUMBERED: False
FONT SIZE: 10.0
TEXT: are explored in this topic. Prior knowledge for this topic is an understanding that an enzyme is a biological
2026-08-21 17:24:44.189 | INFO     | app.worker:process_document:58 - 
BLOCK 4
TYPE: paragraph
HEADING: False
BOLD: False
NUMBERED: False
FONT SIZE: 10.0
TEXT: catalyst that increases the rate of a reaction and remains unchanged when the reaction is complete.
2026-08-21 17:24:44.191 | INFO     | app.worker:process_document:58 - 
BLOCK 5
TYPE: paragraph
HEADING: False
BOLD: False
NUMBERED: False
FONT SIZE: 10.0
TEXT: There are many opportunities in this topic for candidates to gain experience of carrying out practical
2026-08-21 17:24:44.195 | INFO     | app.worker:process_document:58 - 
BLOCK 6
TYPE: paragraph
HEADING: False
BOLD: False
NUMBERED: False
FONT SIZE: 10.0
TEXT: investigations and analysing, interpreting and evaluating their results.
2026-08-21 17:24:44.205 | INFO     | app.worker:process_document:58 - 
BLOCK 7
TYPE: heading
HEADING: True
BOLD: False
NUMBERED: True
FONT SIZE: 10.0
TEXT: 3.1 Mode of action of enzymes Learning outcomes
2026-08-21 17:24:44.210 | INFO     | app.worker:process_document:58 - 
BLOCK 8
TYPE: paragraph
HEADING: False
BOLD: False
NUMBERED: False
FONT SIZE: 10.0
TEXT: Candidates should be able to:
2026-08-21 17:24:44.216 | INFO     | app.worker:process_document:58 - 
BLOCK 9
TYPE: heading
HEADING: True
BOLD: False
NUMBERED: True
FONT SIZE: 10.0
TEXT: 1 state that enzymes are globular proteins that catalyse
2026-08-21 17:24:44.217 | INFO     | app.worker:process_document:58 - 
BLOCK 10
TYPE: paragraph
HEADING: False
BOLD: False
NUMBERED: False
FONT SIZE: 10.0
TEXT: reactions inside cells (intracellular enzymes) or are secreted to
2026-08-21 17:24:44.218 | INFO     | app.worker:process_document:58 - 
BLOCK 11
TYPE: paragraph
HEADING: False
BOLD: False
NUMBERED: False
FONT SIZE: 10.0
TEXT: catalyse reactions outside cells (extracellular enzymes)
2026-08-21 17:24:44.219 | INFO     | app.worker:process_document:58 - 
BLOCK 12
TYPE: heading
HEADING: True
BOLD: False
NUMBERED: True
FONT SIZE: 10.0
TEXT: 2 explain the mode of action of enzymes in terms of an active
2026-08-21 17:24:44.219 | INFO     | app.worker:process_document:58 - 
BLOCK 13
TYPE: paragraph
HEADING: False
BOLD: False
NUMBERED: False
FONT SIZE: 10.0
TEXT: site, enzyme–substrate complex, lowering of activation energy
2026-08-21 17:24:44.220 | INFO     | app.worker:process_document:58 - 
BLOCK 14
TYPE: paragraph
HEADING: False
BOLD: False
NUMBERED: False
FONT SIZE: 10.0
TEXT: and enzyme specificity, including the lock-and-key hypothesis
2026-08-21 17:24:44.220 | INFO     | app.worker:process_document:58 - 
BLOCK 15
TYPE: paragraph
HEADING: False
BOLD: False
NUMBERED: False
FONT SIZE: 10.0
TEXT: and the induced-fit hypothesis
2026-08-21 17:24:44.221 | INFO     | app.worker:process_document:58 - 
BLOCK 16
TYPE: heading
HEADING: True
BOLD: False
NUMBERED: True
FONT SIZE: 10.0
TEXT: 3 investigate the progress of enzyme-catalysed reactions by
2026-08-21 17:24:44.222 | INFO     | app.worker:process_document:58 - 
BLOCK 17
TYPE: paragraph
HEADING: False
BOLD: False
NUMBERED: False
FONT SIZE: 10.0
TEXT: measuring rates of formation of products using catalase and
2026-08-21 17:24:44.223 | INFO     | app.worker:process_document:58 - 
BLOCK 18
TYPE: paragraph
HEADING: False
BOLD: False
NUMBERED: False
FONT SIZE: 10.0
TEXT: rates of disappearance of substrate using amylase
2026-08-21 17:24:44.237 | INFO     | app.worker:process_document:58 - 
BLOCK 19
TYPE: heading
HEADING: True
BOLD: False
NUMBERED: True
FONT SIZE: 10.0
TEXT: 4 outline the use of a colorimeter for measuring the progress of
2026-08-21 17:24:44.248 | INFO     | app.worker:process_document:58 - 
BLOCK 20
TYPE: paragraph
HEADING: False
BOLD: False
NUMBERED: False
FONT SIZE: 10.0
TEXT: enzyme-catalysed reactions that involve colour changes
2026-08-21 17:24:44.260 | INFO     | app.worker:process_document:58 - 
BLOCK 21
TYPE: heading
HEADING: True
BOLD: False
NUMBERED: True
FONT SIZE: 10.0
TEXT: 3.2 Factors that affect enzyme Learning outcomes
2026-08-21 17:24:44.261 | INFO     | app.worker:process_document:58 - 
BLOCK 22
TYPE: paragraph
HEADING: False
BOLD: False
NUMBERED: False
FONT SIZE: 10.0
TEXT: action Candidates should be able to:
2026-08-21 17:24:44.261 | INFO     | app.worker:process_document:58 - 
BLOCK 23
TYPE: heading
HEADING: True
BOLD: False
NUMBERED: True
FONT SIZE: 10.0
TEXT: 1 investigate and explain the effects of the following factors on
2026-08-21 17:24:44.262 | INFO     | app.worker:process_document:58 - 
BLOCK 24
TYPE: paragraph
HEADING: False
BOLD: False
NUMBERED: False
FONT SIZE: 10.0
TEXT: the rate of enzyme-catalysed reactions:
2026-08-21 17:24:44.262 | INFO     | app.worker:process_document:58 - 
BLOCK 25
TYPE: paragraph
HEADING: False
BOLD: False
NUMBERED: False
FONT SIZE: 10.0
TEXT: • temperature
2026-08-21 17:24:44.263 | INFO     | app.worker:process_document:58 - 
BLOCK 26
TYPE: paragraph
HEADING: False
BOLD: False
NUMBERED: False
FONT SIZE: 10.0
TEXT: • pH (using buffer solutions)
2026-08-21 17:24:44.263 | INFO     | app.worker:process_document:58 - 
BLOCK 27
TYPE: paragraph
HEADING: False
BOLD: False
NUMBERED: False
FONT SIZE: 10.0
TEXT: • enzyme concentration
2026-08-21 17:24:44.264 | INFO     | app.worker:process_document:58 - 
BLOCK 28
TYPE: paragraph
HEADING: False
BOLD: False
NUMBERED: False
FONT SIZE: 10.0
TEXT: • substrate concentration
2026-08-21 17:24:44.265 | INFO     | app.worker:process_document:58 - 
BLOCK 29
TYPE: paragraph
HEADING: False
BOLD: False
NUMBERED: False
FONT SIZE: 10.0
TEXT: • inhibitor concentration
2026-08-21 17:24:44.265 | INFO     | app.worker:process_document:58 - 
BLOCK 30
TYPE: heading
HEADING: True
BOLD: False
NUMBERED: True
FONT SIZE: 10.0
TEXT: 2 explain that the maximum rate of reaction (V ) is used to
2026-08-21 17:24:44.266 | INFO     | app.worker:process_document:58 - 
BLOCK 31
TYPE: paragraph
HEADING: False
BOLD: False
NUMBERED: False
FONT SIZE: 7.0
TEXT: max
2026-08-21 17:24:44.267 | INFO     | app.worker:process_document:58 - 
BLOCK 32
TYPE: paragraph
HEADING: False
BOLD: False
NUMBERED: False
FONT SIZE: 10.0
TEXT: derive the Michaelis–Menten constant (K ), which is used to
2026-08-21 17:24:44.269 | INFO     | app.worker:process_document:58 - 
BLOCK 33
TYPE: paragraph
HEADING: False
BOLD: False
NUMBERED: False
FONT SIZE: 7.0
TEXT: m
2026-08-21 17:24:44.269 | INFO     | app.worker:process_document:58 - 
BLOCK 34
TYPE: paragraph
HEADING: False
BOLD: False
NUMBERED: False
FONT SIZE: 10.0
TEXT: compare the affinity of different enzymes for their substrates
2026-08-21 17:24:44.270 | INFO     | app.worker:process_document:58 - 
BLOCK 35
TYPE: heading
HEADING: True
BOLD: False
NUMBERED: True
FONT SIZE: 10.0
TEXT: 3 explain the effects of reversible inhibitors, both competitive
2026-08-21 17:24:44.270 | INFO     | app.worker:process_document:58 - 
BLOCK 36
TYPE: paragraph
HEADING: False
BOLD: False
NUMBERED: False
FONT SIZE: 10.0
TEXT: and non-competitive, on enzyme activity
2026-08-21 17:24:44.270 | INFO     | app.worker:process_document:58 - 
BLOCK 37
TYPE: heading
HEADING: True
BOLD: False
NUMBERED: True
FONT SIZE: 10.0
TEXT: 4 investigate the difference in activity between an enzyme
2026-08-21 17:24:44.271 | INFO     | app.worker:process_document:58 - 
BLOCK 38
TYPE: paragraph
HEADING: False
BOLD: False
NUMBERED: False
FONT SIZE: 10.0
TEXT: immobilised in alginate and the same enzyme free in solution,
2026-08-21 17:24:44.271 | INFO     | app.worker:process_document:58 - 
BLOCK 39
TYPE: paragraph
HEADING: False
BOLD: False
NUMBERED: False
FONT SIZE: 10.0
TEXT: and state the advantages of using immobilised enzymes
2026-08-21 17:24:44.272 | INFO     | app.worker:process_document:58 - 
BLOCK 40
TYPE: paragraph
HEADING: False
BOLD: False
NUMBERED: False
FONT SIZE: 9.17
TEXT: Back to contents page www.cambridgeinternational.org/alevel 21
2026-08-21 17:24:44.272 | INFO     | app.worker:process_document:52 - 
PAGE 22 (44 blocks)
2026-08-21 17:24:44.272 | INFO     | app.worker:process_document:58 - 
BLOCK 0
TYPE: paragraph
HEADING: False
BOLD: False
NUMBERED: False
FONT SIZE: 9.0
TEXT: Cambridge International AS & A Level Biology 9700 syllabus for 2028, 2029 and 2030. Subject content
2026-08-21 17:24:44.273 | INFO     | app.worker:process_document:58 - 
BLOCK 1
TYPE: heading
HEADING: True
BOLD: False
NUMBERED: True
FONT SIZE: 10.0
TEXT: 4 Cell membranes and transport
2026-08-21 17:24:44.273 | INFO     | app.worker:process_document:58 - 
BLOCK 2
TYPE: paragraph
HEADING: False
BOLD: False
NUMBERED: False
FONT SIZE: 10.0
TEXT: The fluid mosaic model, introduced in 1972, describes the way in which biological molecules are arranged to
2026-08-21 17:24:44.274 | INFO     | app.worker:process_document:58 - 
BLOCK 3
TYPE: paragraph
HEADING: False
BOLD: False
NUMBERED: False
FONT SIZE: 10.0
TEXT: form cell membranes. The model continues to be modified as understanding improves of the ways in which
2026-08-21 17:24:44.274 | INFO     | app.worker:process_document:58 - 
BLOCK 4
TYPE: paragraph
HEADING: False
BOLD: False
NUMBERED: False
FONT SIZE: 10.0
TEXT: substances cross membranes, how cells interact and how cells respond to signals. The model also provides
2026-08-21 17:24:44.274 | INFO     | app.worker:process_document:58 - 
BLOCK 5
TYPE: paragraph
HEADING: False
BOLD: False
NUMBERED: False
FONT SIZE: 10.0
TEXT: the basis for our understanding of passive and active movement of molecules and ions between cells and
2026-08-21 17:24:44.275 | INFO     | app.worker:process_document:58 - 
BLOCK 6
TYPE: paragraph
HEADING: False
BOLD: False
NUMBERED: False
FONT SIZE: 10.0
TEXT: their surroundings, cell-to-cell interactions and long-distance cell signalling.
2026-08-21 17:24:44.275 | INFO     | app.worker:process_document:58 - 
BLOCK 7
TYPE: paragraph
HEADING: False
BOLD: False
NUMBERED: False
FONT SIZE: 10.0
TEXT: Investigating the effects of different factors on diffusion, osmosis and membrane permeability involves an
2026-08-21 17:24:44.276 | INFO     | app.worker:process_document:58 - 
BLOCK 8
TYPE: paragraph
HEADING: False
BOLD: False
NUMBERED: False
FONT SIZE: 10.0
TEXT: understanding of the properties of phospholipids and proteins covered in Biological molecules (Topic 2).
2026-08-21 17:24:44.276 | INFO     | app.worker:process_document:58 - 
BLOCK 9
TYPE: heading
HEADING: True
BOLD: False
NUMBERED: True
FONT SIZE: 10.0
TEXT: 4.1 Fluid mosaic membranes Learning outcomes
2026-08-21 17:24:44.276 | INFO     | app.worker:process_document:58 - 
BLOCK 10
TYPE: paragraph
HEADING: False
BOLD: False
NUMBERED: False
FONT SIZE: 10.0
TEXT: Candidates should be able to:
2026-08-21 17:24:44.277 | INFO     | app.worker:process_document:58 - 
BLOCK 11
TYPE: heading
HEADING: True
BOLD: False
NUMBERED: True
FONT SIZE: 10.0
TEXT: 1 describe the fluid mosaic model of membrane structure with
2026-08-21 17:24:44.277 | INFO     | app.worker:process_document:58 - 
BLOCK 12
TYPE: paragraph
HEADING: False
BOLD: False
NUMBERED: False
FONT SIZE: 10.0
TEXT: reference to the hydrophobic and hydrophilic interactions that
2026-08-21 17:24:44.277 | INFO     | app.worker:process_document:58 - 
BLOCK 13
TYPE: paragraph
HEADING: False
BOLD: False
NUMBERED: False
FONT SIZE: 10.0
TEXT: account for the formation of the phospholipid bilayer and the
2026-08-21 17:24:44.278 | INFO     | app.worker:process_document:58 - 
BLOCK 14
TYPE: paragraph
HEADING: False
BOLD: False
NUMBERED: False
FONT SIZE: 10.0
TEXT: arrangement of proteins
2026-08-21 17:24:44.278 | INFO     | app.worker:process_document:58 - 
BLOCK 15
TYPE: heading
HEADING: True
BOLD: False
NUMBERED: True
FONT SIZE: 10.0
TEXT: 2 describe the arrangement of cholesterol, glycolipids and
2026-08-21 17:24:44.279 | INFO     | app.worker:process_document:58 - 
BLOCK 16
TYPE: paragraph
HEADING: False
BOLD: False
NUMBERED: False
FONT SIZE: 10.0
TEXT: glycoproteins in cell surface membranes
2026-08-21 17:24:44.279 | INFO     | app.worker:process_document:58 - 
BLOCK 17
TYPE: heading
HEADING: True
BOLD: False
NUMBERED: True
FONT SIZE: 10.0
TEXT: 3 describe the roles of phospholipids, cholesterol, glycolipids,
2026-08-21 17:24:44.279 | INFO     | app.worker:process_document:58 - 
BLOCK 18
TYPE: paragraph
HEADING: False
BOLD: False
NUMBERED: False
FONT SIZE: 10.0
TEXT: proteins and glycoproteins in cell surface membranes, with
2026-08-21 17:24:44.280 | INFO     | app.worker:process_document:58 - 
BLOCK 19
TYPE: paragraph
HEADING: False
BOLD: False
NUMBERED: False
FONT SIZE: 10.0
TEXT: reference to stability, fluidity, permeability, transport (carrier
2026-08-21 17:24:44.280 | INFO     | app.worker:process_document:58 - 
BLOCK 20
TYPE: paragraph
HEADING: False
BOLD: False
NUMBERED: False
FONT SIZE: 10.0
TEXT: proteins and channel proteins), cell signalling (cell surface
2026-08-21 17:24:44.280 | INFO     | app.worker:process_document:58 - 
BLOCK 21
TYPE: paragraph
HEADING: False
BOLD: False
NUMBERED: False
FONT SIZE: 10.0
TEXT: receptors) and cell recognition (cell surface antigens – see
2026-08-21 17:24:44.281 | INFO     | app.worker:process_document:58 - 
BLOCK 22
TYPE: paragraph
HEADING: False
BOLD: False
NUMBERED: False
FONT SIZE: 10.0
TEXT: 11.1.2)
2026-08-21 17:24:44.282 | INFO     | app.worker:process_document:58 - 
BLOCK 23
TYPE: heading
HEADING: True
BOLD: False
NUMBERED: True
FONT SIZE: 10.0
TEXT: 4 outline the main stages in the process of cell signalling leading
2026-08-21 17:24:44.283 | INFO     | app.worker:process_document:58 - 
BLOCK 24
TYPE: paragraph
HEADING: False
BOLD: False
NUMBERED: False
FONT SIZE: 10.0
TEXT: to specific responses:
2026-08-21 17:24:44.283 | INFO     | app.worker:process_document:58 - 
BLOCK 25
TYPE: paragraph
HEADING: False
BOLD: False
NUMBERED: False
FONT SIZE: 10.0
TEXT: • secretion of specific chemicals (ligands) from cells
2026-08-21 17:24:44.284 | INFO     | app.worker:process_document:58 - 
BLOCK 26
TYPE: paragraph
HEADING: False
BOLD: False
NUMBERED: False
FONT SIZE: 10.0
TEXT: • transport of ligands to target cells
2026-08-21 17:24:44.284 | INFO     | app.worker:process_document:58 - 
BLOCK 27
TYPE: paragraph
HEADING: False
BOLD: False
NUMBERED: False
FONT SIZE: 10.0
TEXT: • binding of ligands to cell surface receptors on target cells
2026-08-21 17:24:44.285 | INFO     | app.worker:process_document:58 - 
BLOCK 28
TYPE: heading
HEADING: True
BOLD: False
NUMBERED: True
FONT SIZE: 10.0
TEXT: 4.2 Movement into and out of Learning outcomes
2026-08-21 17:24:44.285 | INFO     | app.worker:process_document:58 - 
BLOCK 29
TYPE: paragraph
HEADING: False
BOLD: False
NUMBERED: False
FONT SIZE: 10.0
TEXT: cells Candidates should be able to:
2026-08-21 17:24:44.286 | INFO     | app.worker:process_document:58 - 
BLOCK 30
TYPE: heading
HEADING: True
BOLD: False
NUMBERED: True
FONT SIZE: 10.0
TEXT: 1 describe and explain the processes of simple diffusion,
2026-08-21 17:24:44.286 | INFO     | app.worker:process_document:58 - 
BLOCK 31
TYPE: paragraph
HEADING: False
BOLD: False
NUMBERED: False
FONT SIZE: 10.0
TEXT: facilitated diffusion, osmosis, active transport, endocytosis
2026-08-21 17:24:44.286 | INFO     | app.worker:process_document:58 - 
BLOCK 32
TYPE: paragraph
HEADING: False
BOLD: False
NUMBERED: False
FONT SIZE: 10.0
TEXT: and exocytosis
2026-08-21 17:24:44.287 | INFO     | app.worker:process_document:58 - 
BLOCK 33
TYPE: heading
HEADING: True
BOLD: False
NUMBERED: True
FONT SIZE: 10.0
TEXT: 2 investigate simple diffusion and osmosis using plant tissue
2026-08-21 17:24:44.287 | INFO     | app.worker:process_document:58 - 
BLOCK 34
TYPE: paragraph
HEADING: False
BOLD: False
NUMBERED: False
FONT SIZE: 10.0
TEXT: and non-living materials, including dialysis (Visking) tubing and
2026-08-21 17:24:44.287 | INFO     | app.worker:process_document:58 - 
BLOCK 35
TYPE: paragraph
HEADING: False
BOLD: False
NUMBERED: False
FONT SIZE: 10.0
TEXT: agar
2026-08-21 17:24:44.288 | INFO     | app.worker:process_document:58 - 
BLOCK 36
TYPE: heading
HEADING: True
BOLD: False
NUMBERED: True
FONT SIZE: 10.0
TEXT: 3 illustrate the principle that surface area to volume ratios
2026-08-21 17:24:44.289 | INFO     | app.worker:process_document:58 - 
BLOCK 37
TYPE: paragraph
HEADING: False
BOLD: False
NUMBERED: False
FONT SIZE: 10.0
TEXT: decrease with increasing size by calculating surface
2026-08-21 17:24:44.289 | INFO     | app.worker:process_document:58 - 
BLOCK 38
TYPE: paragraph
HEADING: False
BOLD: False
NUMBERED: False
FONT SIZE: 10.0
TEXT: areas and volumes of simple 3-D shapes (as shown in the
2026-08-21 17:24:44.289 | INFO     | app.worker:process_document:58 - 
BLOCK 39
TYPE: paragraph
HEADING: False
BOLD: False
NUMBERED: False
FONT SIZE: 10.0
TEXT: Mathematical requirements)
2026-08-21 17:24:44.290 | INFO     | app.worker:process_document:58 - 
BLOCK 40
TYPE: heading
HEADING: True
BOLD: False
NUMBERED: True
FONT SIZE: 10.0
TEXT: 4 investigate the effect of changing surface area to volume ratio
2026-08-21 17:24:44.290 | INFO     | app.worker:process_document:58 - 
BLOCK 41
TYPE: paragraph
HEADING: False
BOLD: False
NUMBERED: False
FONT SIZE: 10.0
TEXT: on diffusion using agar blocks of different sizes
2026-08-21 17:24:44.290 | INFO     | app.worker:process_document:58 - 
BLOCK 42
TYPE: paragraph
HEADING: False
BOLD: False
NUMBERED: False
FONT SIZE: 10.0
TEXT: continued
2026-08-21 17:24:44.291 | INFO     | app.worker:process_document:58 - 
BLOCK 43
TYPE: paragraph
HEADING: False
BOLD: False
NUMBERED: False
FONT SIZE: 9.17
TEXT: Back to contents page www.cambridgeinternational.org/alevel 22
2026-08-21 17:24:44.291 | INFO     | app.worker:process_document:52 - 
PAGE 23 (11 blocks)
2026-08-21 17:24:44.291 | INFO     | app.worker:process_document:58 - 
BLOCK 0
TYPE: paragraph
HEADING: False
BOLD: False
NUMBERED: False
FONT SIZE: 9.0
TEXT: Cambridge International AS & A Level Biology 9700 syllabus for 2028, 2029 and 2030. Subject content
2026-08-21 17:24:44.292 | INFO     | app.worker:process_document:58 - 
BLOCK 1
TYPE: heading
HEADING: True
BOLD: False
NUMBERED: True
FONT SIZE: 10.0
TEXT: 4.2 Movement into and out of Learning outcomes
2026-08-21 17:24:44.292 | INFO     | app.worker:process_document:58 - 
BLOCK 2
TYPE: paragraph
HEADING: False
BOLD: False
NUMBERED: False
FONT SIZE: 10.0
TEXT: cells continued Candidates should be able to:
2026-08-21 17:24:44.292 | INFO     | app.worker:process_document:58 - 
BLOCK 3
TYPE: heading
HEADING: True
BOLD: False
NUMBERED: True
FONT SIZE: 10.0
TEXT: 5 investigate the effects of immersing plant tissues in solutions
2026-08-21 17:24:44.292 | INFO     | app.worker:process_document:58 - 
BLOCK 4
TYPE: paragraph
HEADING: False
BOLD: False
NUMBERED: False
FONT SIZE: 10.0
TEXT: of different water potentials, using the results to estimate the
2026-08-21 17:24:44.293 | INFO     | app.worker:process_document:58 - 
BLOCK 5
TYPE: paragraph
HEADING: False
BOLD: False
NUMBERED: False
FONT SIZE: 10.0
TEXT: water potential of the tissues
2026-08-21 17:24:44.293 | INFO     | app.worker:process_document:58 - 
BLOCK 6
TYPE: heading
HEADING: True
BOLD: False
NUMBERED: True
FONT SIZE: 10.0
TEXT: 6 explain the movement of water between cells and solutions in
2026-08-21 17:24:44.293 | INFO     | app.worker:process_document:58 - 
BLOCK 7
TYPE: paragraph
HEADING: False
BOLD: False
NUMBERED: False
FONT SIZE: 10.0
TEXT: terms of water potential and explain the different effects of the
2026-08-21 17:24:44.294 | INFO     | app.worker:process_document:58 - 
BLOCK 8
TYPE: paragraph
HEADING: False
BOLD: False
NUMBERED: False
FONT SIZE: 10.0
TEXT: movement of water on plant cells and animal cells (knowledge
2026-08-21 17:24:44.294 | INFO     | app.worker:process_document:58 - 
BLOCK 9
TYPE: paragraph
HEADING: False
BOLD: False
NUMBERED: False
FONT SIZE: 10.0
TEXT: of solute potential and pressure potential is not expected)
2026-08-21 17:24:44.294 | INFO     | app.worker:process_document:58 - 
BLOCK 10
TYPE: paragraph
HEADING: False
BOLD: False
NUMBERED: False
FONT SIZE: 9.17
TEXT: Back to contents page www.cambridgeinternational.org/alevel 23
2026-08-21 17:24:44.295 | INFO     | app.worker:process_document:52 - 
PAGE 24 (42 blocks)
2026-08-21 17:24:44.296 | INFO     | app.worker:process_document:58 - 
BLOCK 0
TYPE: paragraph
HEADING: False
BOLD: False
NUMBERED: False
FONT SIZE: 9.0
TEXT: Cambridge International AS & A Level Biology 9700 syllabus for 2028, 2029 and 2030. Subject content
2026-08-21 17:24:44.296 | INFO     | app.worker:process_document:58 - 
BLOCK 1
TYPE: heading
HEADING: True
BOLD: False
NUMBERED: True
FONT SIZE: 10.0
TEXT: 5 The mitotic cell cycle
2026-08-21 17:24:44.297 | INFO     | app.worker:process_document:58 - 
BLOCK 2
TYPE: paragraph
HEADING: False
BOLD: False
NUMBERED: False
FONT SIZE: 10.0
TEXT: When body cells reach a certain size they divide into two cells. Nuclear division occurs first, followed by
2026-08-21 17:24:44.297 | INFO     | app.worker:process_document:58 - 
BLOCK 3
TYPE: paragraph
HEADING: False
BOLD: False
NUMBERED: False
FONT SIZE: 10.0
TEXT: division of the cytoplasm. The mitotic cell cycle of eukaryotes involves DNA replication followed by nuclear
2026-08-21 17:24:44.298 | INFO     | app.worker:process_document:58 - 
BLOCK 4
TYPE: paragraph
HEADING: False
BOLD: False
NUMBERED: False
FONT SIZE: 10.0
TEXT: division. This ensures the genetic uniformity of all daughter cells.
2026-08-21 17:24:44.298 | INFO     | app.worker:process_document:58 - 
BLOCK 5
TYPE: heading
HEADING: True
BOLD: False
NUMBERED: True
FONT SIZE: 10.0
TEXT: 5.1 Replication and division of Learning outcomes
2026-08-21 17:24:44.299 | INFO     | app.worker:process_document:58 - 
BLOCK 6
TYPE: paragraph
HEADING: False
BOLD: False
NUMBERED: False
FONT SIZE: 10.0
TEXT: nuclei and cells Candidates should be able to:
2026-08-21 17:24:44.300 | INFO     | app.worker:process_document:58 - 
BLOCK 7
TYPE: heading
HEADING: True
BOLD: False
NUMBERED: True
FONT SIZE: 10.0
TEXT: 1 describe the structure of a chromosome, limited to:
2026-08-21 17:24:44.300 | INFO     | app.worker:process_document:58 - 
BLOCK 8
TYPE: paragraph
HEADING: False
BOLD: False
NUMBERED: False
FONT SIZE: 10.0
TEXT: • DNA
2026-08-21 17:24:44.301 | INFO     | app.worker:process_document:58 - 
BLOCK 9
TYPE: paragraph
HEADING: False
BOLD: False
NUMBERED: False
FONT SIZE: 10.0
TEXT: • histone proteins
2026-08-21 17:24:44.301 | INFO     | app.worker:process_document:58 - 
BLOCK 10
TYPE: paragraph
HEADING: False
BOLD: False
NUMBERED: False
FONT SIZE: 10.0
TEXT: • sister chromatids
2026-08-21 17:24:44.302 | INFO     | app.worker:process_document:58 - 
BLOCK 11
TYPE: paragraph
HEADING: False
BOLD: False
NUMBERED: False
FONT SIZE: 10.0
TEXT: • centromere
2026-08-21 17:24:44.302 | INFO     | app.worker:process_document:58 - 
BLOCK 12
TYPE: paragraph
HEADING: False
BOLD: False
NUMBERED: False
FONT SIZE: 10.0
TEXT: • telomeres
2026-08-21 17:24:44.303 | INFO     | app.worker:process_document:58 - 
BLOCK 13
TYPE: heading
HEADING: True
BOLD: False
NUMBERED: True
FONT SIZE: 10.0
TEXT: 2 explain the importance of mitosis in the production of
2026-08-21 17:24:44.303 | INFO     | app.worker:process_document:58 - 
BLOCK 14
TYPE: paragraph
HEADING: False
BOLD: False
NUMBERED: False
FONT SIZE: 10.0
TEXT: genetically identical daughter cells during:
2026-08-21 17:24:44.303 | INFO     | app.worker:process_document:58 - 
BLOCK 15
TYPE: paragraph
HEADING: False
BOLD: False
NUMBERED: False
FONT SIZE: 10.0
TEXT: • growth of multicellular organisms
2026-08-21 17:24:44.304 | INFO     | app.worker:process_document:58 - 
BLOCK 16
TYPE: paragraph
HEADING: False
BOLD: False
NUMBERED: False
FONT SIZE: 10.0
TEXT: • replacement of damaged or dead cells
2026-08-21 17:24:44.304 | INFO     | app.worker:process_document:58 - 
BLOCK 17
TYPE: paragraph
HEADING: False
BOLD: False
NUMBERED: False
FONT SIZE: 10.0
TEXT: • repair of tissues by cell replacement
2026-08-21 17:24:44.305 | INFO     | app.worker:process_document:58 - 
BLOCK 18
TYPE: paragraph
HEADING: False
BOLD: False
NUMBERED: False
FONT SIZE: 10.0
TEXT: • asexual reproduction
2026-08-21 17:24:44.305 | INFO     | app.worker:process_document:58 - 
BLOCK 19
TYPE: heading
HEADING: True
BOLD: False
NUMBERED: True
FONT SIZE: 10.0
TEXT: 3 outline the mitotic cell cycle, including:
2026-08-21 17:24:44.305 | INFO     | app.worker:process_document:58 - 
BLOCK 20
TYPE: paragraph
HEADING: False
BOLD: False
NUMBERED: False
FONT SIZE: 10.0
TEXT: • interphase (growth in G and G phases and DNA
2026-08-21 17:24:44.306 | INFO     | app.worker:process_document:58 - 
BLOCK 21
TYPE: paragraph
HEADING: False
BOLD: False
NUMBERED: False
FONT SIZE: 7.0
TEXT: 1 2
2026-08-21 17:24:44.306 | INFO     | app.worker:process_document:58 - 
BLOCK 22
TYPE: paragraph
HEADING: False
BOLD: False
NUMBERED: False
FONT SIZE: 10.0
TEXT: replication in S phase)
2026-08-21 17:24:44.307 | INFO     | app.worker:process_document:58 - 
BLOCK 23
TYPE: paragraph
HEADING: False
BOLD: False
NUMBERED: False
FONT SIZE: 10.0
TEXT: • mitosis
2026-08-21 17:24:44.307 | INFO     | app.worker:process_document:58 - 
BLOCK 24
TYPE: paragraph
HEADING: False
BOLD: False
NUMBERED: False
FONT SIZE: 10.0
TEXT: • cytokinesis
2026-08-21 17:24:44.307 | INFO     | app.worker:process_document:58 - 
BLOCK 25
TYPE: heading
HEADING: True
BOLD: False
NUMBERED: True
FONT SIZE: 10.0
TEXT: 4 outline the role of telomeres in preventing the loss of genes
2026-08-21 17:24:44.307 | INFO     | app.worker:process_document:58 - 
BLOCK 26
TYPE: paragraph
HEADING: False
BOLD: False
NUMBERED: False
FONT SIZE: 10.0
TEXT: from the ends of chromosomes during DNA replication
2026-08-21 17:24:44.308 | INFO     | app.worker:process_document:58 - 
BLOCK 27
TYPE: heading
HEADING: True
BOLD: False
NUMBERED: True
FONT SIZE: 10.0
TEXT: 5 outline the role of stem cells in cell replacement and tissue
2026-08-21 17:24:44.308 | INFO     | app.worker:process_document:58 - 
BLOCK 28
TYPE: paragraph
HEADING: False
BOLD: False
NUMBERED: False
FONT SIZE: 10.0
TEXT: repair by mitosis
2026-08-21 17:24:44.308 | INFO     | app.worker:process_document:58 - 
BLOCK 29
TYPE: heading
HEADING: True
BOLD: False
NUMBERED: True
FONT SIZE: 10.0
TEXT: 6 explain how uncontrolled cell division can result in the
2026-08-21 17:24:44.309 | INFO     | app.worker:process_document:58 - 
BLOCK 30
TYPE: paragraph
HEADING: False
BOLD: False
NUMBERED: False
FONT SIZE: 10.0
TEXT: formation of a tumour
2026-08-21 17:24:44.309 | INFO     | app.worker:process_document:58 - 
BLOCK 31
TYPE: heading
HEADING: True
BOLD: False
NUMBERED: True
FONT SIZE: 10.0
TEXT: 5.2 Chromosome behaviour in Learning outcomes
2026-08-21 17:24:44.309 | INFO     | app.worker:process_document:58 - 
BLOCK 32
TYPE: paragraph
HEADING: False
BOLD: False
NUMBERED: False
FONT SIZE: 10.0
TEXT: mitosis Candidates should be able to:
2026-08-21 17:24:44.309 | INFO     | app.worker:process_document:58 - 
BLOCK 33
TYPE: heading
HEADING: True
BOLD: False
NUMBERED: True
FONT SIZE: 10.0
TEXT: 1 describe the behaviour of chromosomes in plant and
2026-08-21 17:24:44.310 | INFO     | app.worker:process_document:58 - 
BLOCK 34
TYPE: paragraph
HEADING: False
BOLD: False
NUMBERED: False
FONT SIZE: 10.0
TEXT: animal cells during the mitotic cell cycle and the associated
2026-08-21 17:24:44.310 | INFO     | app.worker:process_document:58 - 
BLOCK 35
TYPE: paragraph
HEADING: False
BOLD: False
NUMBERED: False
FONT SIZE: 10.0
TEXT: behaviour of the nuclear envelope, the cell surface membrane
2026-08-21 17:24:44.310 | INFO     | app.worker:process_document:58 - 
BLOCK 36
TYPE: paragraph
HEADING: False
BOLD: False
NUMBERED: False
FONT SIZE: 10.0
TEXT: and the spindle (names of the main stages of mitosis are
2026-08-21 17:24:44.311 | INFO     | app.worker:process_document:58 - 
BLOCK 37
TYPE: paragraph
HEADING: False
BOLD: False
NUMBERED: False
FONT SIZE: 10.0
TEXT: expected: prophase, metaphase, anaphase and telophase)
2026-08-21 17:24:44.311 | INFO     | app.worker:process_document:58 - 
BLOCK 38
TYPE: heading
HEADING: True
BOLD: False
NUMBERED: True
FONT SIZE: 10.0
TEXT: 2 interpret photomicrographs, diagrams and microscope slides
2026-08-21 17:24:44.311 | INFO     | app.worker:process_document:58 - 
BLOCK 39
TYPE: paragraph
HEADING: False
BOLD: False
NUMBERED: False
FONT SIZE: 10.0
TEXT: of cells in different stages of the mitotic cell cycle and identify
2026-08-21 17:24:44.312 | INFO     | app.worker:process_document:58 - 
BLOCK 40
TYPE: paragraph
HEADING: False
BOLD: False
NUMBERED: False
FONT SIZE: 10.0
TEXT: the main stages of mitosis
2026-08-21 17:24:44.312 | INFO     | app.worker:process_document:58 - 
BLOCK 41
TYPE: paragraph
HEADING: False
BOLD: False
NUMBERED: False
FONT SIZE: 9.17
TEXT: Back to contents page www.cambridgeinternational.org/alevel 24
2026-08-21 17:24:44.334 | INFO     | app.worker:process_document:52 - 
PAGE 25 (45 blocks)
2026-08-21 17:24:44.334 | INFO     | app.worker:process_document:58 - 
BLOCK 0
TYPE: paragraph
HEADING: False
BOLD: False
NUMBERED: False
FONT SIZE: 9.0
TEXT: Cambridge International AS & A Level Biology 9700 syllabus for 2028, 2029 and 2030. Subject content
2026-08-21 17:24:44.335 | INFO     | app.worker:process_document:58 - 
BLOCK 1
TYPE: heading
HEADING: True
BOLD: False
NUMBERED: True
FONT SIZE: 10.0
TEXT: 6 Nucleic acids and protein synthesis
2026-08-21 17:24:44.335 | INFO     | app.worker:process_document:58 - 
BLOCK 2
TYPE: paragraph
HEADING: False
BOLD: False
NUMBERED: False
FONT SIZE: 10.0
TEXT: Nucleic acids have roles in the storage and retrieval of genetic information and in the use of this information
2026-08-21 17:24:44.336 | INFO     | app.worker:process_document:58 - 
BLOCK 3
TYPE: paragraph
HEADING: False
BOLD: False
NUMBERED: False
FONT SIZE: 10.0
TEXT: to synthesise polypeptides. DNA is the molecule of heredity and is an extremely stable molecule that cells
2026-08-21 17:24:44.380 | INFO     | app.worker:process_document:58 - 
BLOCK 4
TYPE: paragraph
HEADING: False
BOLD: False
NUMBERED: False
FONT SIZE: 10.0
TEXT: replicate with great accuracy. The genetic code explains how the sequence of nucleotides in DNA and
2026-08-21 17:24:44.492 | INFO     | app.worker:process_document:58 - 
BLOCK 5
TYPE: paragraph
HEADING: False
BOLD: False
NUMBERED: False
FONT SIZE: 10.0
TEXT: messenger RNA (mRNA) determines the sequence of amino acids that make up a polypeptide. In eukaryotes
2026-08-21 17:24:44.545 | INFO     | app.worker:process_document:58 - 
BLOCK 6
TYPE: paragraph
HEADING: False
BOLD: False
NUMBERED: False
FONT SIZE: 10.0
TEXT: this involves the processes of transcription in the nucleus to produce mRNA, followed by translation in the
2026-08-21 17:24:44.646 | INFO     | app.worker:process_document:58 - 
BLOCK 7
TYPE: paragraph
HEADING: False
BOLD: False
NUMBERED: False
FONT SIZE: 10.0
TEXT: cytoplasm to produce polypeptides.
2026-08-21 17:24:44.679 | INFO     | app.worker:process_document:58 - 
BLOCK 8
TYPE: heading
HEADING: True
BOLD: False
NUMBERED: True
FONT SIZE: 10.0
TEXT: 6.1 Structure of nucleic acids Learning outcomes
2026-08-21 17:24:44.680 | INFO     | app.worker:process_document:58 - 
BLOCK 9
TYPE: paragraph
HEADING: False
BOLD: False
NUMBERED: False
FONT SIZE: 10.0
TEXT: and replication of DNA Candidates should be able to:
2026-08-21 17:24:44.681 | INFO     | app.worker:process_document:58 - 
BLOCK 10
TYPE: heading
HEADING: True
BOLD: False
NUMBERED: True
FONT SIZE: 10.0
TEXT: 1 describe the structure of nucleotides, including the
2026-08-21 17:24:44.681 | INFO     | app.worker:process_document:58 - 
BLOCK 11
TYPE: paragraph
HEADING: False
BOLD: False
NUMBERED: False
FONT SIZE: 10.0
TEXT: phosphorylated nucleotide ATP (structural formulae are not
2026-08-21 17:24:44.682 | INFO     | app.worker:process_document:58 - 
BLOCK 12
TYPE: paragraph
HEADING: False
BOLD: False
NUMBERED: False
FONT SIZE: 10.0
TEXT: expected)
2026-08-21 17:24:44.683 | INFO     | app.worker:process_document:58 - 
BLOCK 13
TYPE: heading
HEADING: True
BOLD: False
NUMBERED: True
FONT SIZE: 10.0
TEXT: 2 state that the bases adenine and guanine are purines
2026-08-21 17:24:44.684 | INFO     | app.worker:process_document:58 - 
BLOCK 14
TYPE: paragraph
HEADING: False
BOLD: False
NUMBERED: False
FONT SIZE: 10.0
TEXT: with a double ring structure, and that the bases cytosine,
2026-08-21 17:24:44.685 | INFO     | app.worker:process_document:58 - 
BLOCK 15
TYPE: paragraph
HEADING: False
BOLD: False
NUMBERED: False
FONT SIZE: 10.0
TEXT: thymine and uracil are pyrimidines with a single ring structure
2026-08-21 17:24:44.686 | INFO     | app.worker:process_document:58 - 
BLOCK 16
TYPE: paragraph
HEADING: False
BOLD: False
NUMBERED: False
FONT SIZE: 10.0
TEXT: (structural formulae for bases are not expected)
2026-08-21 17:24:44.687 | INFO     | app.worker:process_document:58 - 
BLOCK 17
TYPE: heading
HEADING: True
BOLD: False
NUMBERED: True
FONT SIZE: 10.0
TEXT: 3 describe the structure of a DNA molecule as a double helix,
2026-08-21 17:24:44.688 | INFO     | app.worker:process_document:58 - 
BLOCK 18
TYPE: paragraph
HEADING: False
BOLD: False
NUMBERED: False
FONT SIZE: 10.0
TEXT: including:
2026-08-21 17:24:44.688 | INFO     | app.worker:process_document:58 - 
BLOCK 19
TYPE: paragraph
HEADING: False
BOLD: False
NUMBERED: False
FONT SIZE: 10.0
TEXT: • the importance of complementary base pairing between
2026-08-21 17:24:44.689 | INFO     | app.worker:process_document:58 - 
BLOCK 20
TYPE: paragraph
HEADING: False
BOLD: False
NUMBERED: False
FONT SIZE: 10.0
TEXT: the 5 ′ to 3 ′ strand and the 3 ′ to 5 ′ strand (antiparallel
2026-08-21 17:24:44.689 | INFO     | app.worker:process_document:58 - 
BLOCK 21
TYPE: paragraph
HEADING: False
BOLD: False
NUMBERED: False
FONT SIZE: 10.0
TEXT: strands)
2026-08-21 17:24:44.690 | INFO     | app.worker:process_document:58 - 
BLOCK 22
TYPE: paragraph
HEADING: False
BOLD: False
NUMBERED: False
FONT SIZE: 10.0
TEXT: • differences in hydrogen bonding between C–G and A–T
2026-08-21 17:24:44.690 | INFO     | app.worker:process_document:58 - 
BLOCK 23
TYPE: paragraph
HEADING: False
BOLD: False
NUMBERED: False
FONT SIZE: 10.0
TEXT: base pairs
2026-08-21 17:24:44.691 | INFO     | app.worker:process_document:58 - 
BLOCK 24
TYPE: paragraph
HEADING: False
BOLD: False
NUMBERED: False
FONT SIZE: 10.0
TEXT: • linking of nucleotides by phosphodiester bonds
2026-08-21 17:24:44.692 | INFO     | app.worker:process_document:58 - 
BLOCK 25
TYPE: heading
HEADING: True
BOLD: False
NUMBERED: True
FONT SIZE: 10.0
TEXT: 4 describe the semi-conservative replication of DNA during the
2026-08-21 17:24:44.719 | INFO     | app.worker:process_document:58 - 
BLOCK 26
TYPE: paragraph
HEADING: False
BOLD: False
NUMBERED: False
FONT SIZE: 10.0
TEXT: S phase of the cell cycle, including:
2026-08-21 17:24:44.720 | INFO     | app.worker:process_document:58 - 
BLOCK 27
TYPE: paragraph
HEADING: False
BOLD: False
NUMBERED: False
FONT SIZE: 10.0
TEXT: • the roles of DNA polymerase and DNA ligase (knowledge
2026-08-21 17:24:44.721 | INFO     | app.worker:process_document:58 - 
BLOCK 28
TYPE: paragraph
HEADING: False
BOLD: False
NUMBERED: False
FONT SIZE: 10.0
TEXT: of other enzymes in DNA replication in cells and different
2026-08-21 17:24:44.722 | INFO     | app.worker:process_document:58 - 
BLOCK 29
TYPE: paragraph
HEADING: False
BOLD: False
NUMBERED: False
FONT SIZE: 10.0
TEXT: types of DNA polymerase is not expected)
2026-08-21 17:24:44.722 | INFO     | app.worker:process_document:58 - 
BLOCK 30
TYPE: paragraph
HEADING: False
BOLD: False
NUMBERED: False
FONT SIZE: 10.0
TEXT: • the differences between leading strand and lagging strand
2026-08-21 17:24:44.723 | INFO     | app.worker:process_document:58 - 
BLOCK 31
TYPE: paragraph
HEADING: False
BOLD: False
NUMBERED: False
FONT SIZE: 10.0
TEXT: replication as a consequence of DNA polymerase adding
2026-08-21 17:24:44.725 | INFO     | app.worker:process_document:58 - 
BLOCK 32
TYPE: paragraph
HEADING: False
BOLD: False
NUMBERED: False
FONT SIZE: 10.0
TEXT: nucleotides only in a 5 ′ to 3 ′ direction
2026-08-21 17:24:44.742 | INFO     | app.worker:process_document:58 - 
BLOCK 33
TYPE: heading
HEADING: True
BOLD: False
NUMBERED: True
FONT SIZE: 10.0
TEXT: 5 describe the structure of an RNA molecule, using the example
2026-08-21 17:24:44.762 | INFO     | app.worker:process_document:58 - 
BLOCK 34
TYPE: paragraph
HEADING: False
BOLD: False
NUMBERED: False
FONT SIZE: 10.0
TEXT: of messenger RNA (mRNA)
2026-08-21 17:24:44.762 | INFO     | app.worker:process_document:58 - 
BLOCK 35
TYPE: heading
HEADING: True
BOLD: False
NUMBERED: True
FONT SIZE: 10.0
TEXT: 6.2 Protein synthesis Learning outcomes
2026-08-21 17:24:44.764 | INFO     | app.worker:process_document:58 - 
BLOCK 36
TYPE: paragraph
HEADING: False
BOLD: False
NUMBERED: False
FONT SIZE: 10.0
TEXT: Candidates should be able to:
2026-08-21 17:24:44.766 | INFO     | app.worker:process_document:58 - 
BLOCK 37
TYPE: heading
HEADING: True
BOLD: False
NUMBERED: True
FONT SIZE: 10.0
TEXT: 1 state that a polypeptide is coded for by a gene and that a
2026-08-21 17:24:44.766 | INFO     | app.worker:process_document:58 - 
BLOCK 38
TYPE: paragraph
HEADING: False
BOLD: False
NUMBERED: False
FONT SIZE: 10.0
TEXT: gene is a sequence of nucleotides that forms part of a DNA
2026-08-21 17:24:44.768 | INFO     | app.worker:process_document:58 - 
BLOCK 39
TYPE: paragraph
HEADING: False
BOLD: False
NUMBERED: False
FONT SIZE: 10.0
TEXT: molecule
2026-08-21 17:24:44.768 | INFO     | app.worker:process_document:58 - 
BLOCK 40
TYPE: heading
HEADING: True
BOLD: False
NUMBERED: True
FONT SIZE: 10.0
TEXT: 2 describe the principle of the universal genetic code in which
2026-08-21 17:24:44.768 | INFO     | app.worker:process_document:58 - 
BLOCK 41
TYPE: paragraph
HEADING: False
BOLD: False
NUMBERED: False
FONT SIZE: 10.0
TEXT: different triplets of DNA bases either code for specific amino
2026-08-21 17:24:44.769 | INFO     | app.worker:process_document:58 - 
BLOCK 42
TYPE: paragraph
HEADING: False
BOLD: False
NUMBERED: False
FONT SIZE: 10.0
TEXT: acids or correspond to start and stop codons
2026-08-21 17:24:44.769 | INFO     | app.worker:process_document:58 - 
BLOCK 43
TYPE: paragraph
HEADING: False
BOLD: False
NUMBERED: False
FONT SIZE: 10.0
TEXT: continued
2026-08-21 17:24:44.770 | INFO     | app.worker:process_document:58 - 
BLOCK 44
TYPE: paragraph
HEADING: False
BOLD: False
NUMBERED: False
FONT SIZE: 9.17
TEXT: Back to contents page www.cambridgeinternational.org/alevel 25
2026-08-21 17:24:44.771 | INFO     | app.worker:process_document:52 - 
PAGE 26 (27 blocks)
2026-08-21 17:24:44.771 | INFO     | app.worker:process_document:58 - 
BLOCK 0
TYPE: paragraph
HEADING: False
BOLD: False
NUMBERED: False
FONT SIZE: 9.0
TEXT: Cambridge International AS & A Level Biology 9700 syllabus for 2028, 2029 and 2030. Subject content
2026-08-21 17:24:44.771 | INFO     | app.worker:process_document:58 - 
BLOCK 1
TYPE: heading
HEADING: True
BOLD: False
NUMBERED: True
FONT SIZE: 10.0
TEXT: 6.2 Protein synthesis continued Learning outcomes
2026-08-21 17:24:44.772 | INFO     | app.worker:process_document:58 - 
BLOCK 2
TYPE: paragraph
HEADING: False
BOLD: False
NUMBERED: False
FONT SIZE: 10.0
TEXT: Candidates should be able to:
2026-08-21 17:24:44.773 | INFO     | app.worker:process_document:58 - 
BLOCK 3
TYPE: heading
HEADING: True
BOLD: False
NUMBERED: True
FONT SIZE: 10.0
TEXT: 3 describe how the information in DNA is used during
2026-08-21 17:24:44.773 | INFO     | app.worker:process_document:58 - 
BLOCK 4
TYPE: paragraph
HEADING: False
BOLD: False
NUMBERED: False
FONT SIZE: 10.0
TEXT: transcription and translation to construct polypeptides,
2026-08-21 17:24:44.773 | INFO     | app.worker:process_document:58 - 
BLOCK 5
TYPE: paragraph
HEADING: False
BOLD: False
NUMBERED: False
FONT SIZE: 10.0
TEXT: including the roles of:
2026-08-21 17:24:44.774 | INFO     | app.worker:process_document:58 - 
BLOCK 6
TYPE: paragraph
HEADING: False
BOLD: False
NUMBERED: False
FONT SIZE: 10.0
TEXT: • RNA polymerase
2026-08-21 17:24:44.774 | INFO     | app.worker:process_document:58 - 
BLOCK 7
TYPE: paragraph
HEADING: False
BOLD: False
NUMBERED: False
FONT SIZE: 10.0
TEXT: • messenger RNA (mRNA)
2026-08-21 17:24:44.775 | INFO     | app.worker:process_document:58 - 
BLOCK 8
TYPE: paragraph
HEADING: False
BOLD: False
NUMBERED: False
FONT SIZE: 10.0
TEXT: • codons
2026-08-21 17:24:44.775 | INFO     | app.worker:process_document:58 - 
BLOCK 9
TYPE: paragraph
HEADING: False
BOLD: False
NUMBERED: False
FONT SIZE: 10.0
TEXT: • transfer RNA (tRNA)
2026-08-21 17:24:44.775 | INFO     | app.worker:process_document:58 - 
BLOCK 10
TYPE: paragraph
HEADING: False
BOLD: False
NUMBERED: False
FONT SIZE: 10.0
TEXT: • anticodons
2026-08-21 17:24:44.776 | INFO     | app.worker:process_document:58 - 
BLOCK 11
TYPE: paragraph
HEADING: False
BOLD: False
NUMBERED: False
FONT SIZE: 10.0
TEXT: • ribosomes
2026-08-21 17:24:44.776 | INFO     | app.worker:process_document:58 - 
BLOCK 12
TYPE: heading
HEADING: True
BOLD: False
NUMBERED: True
FONT SIZE: 10.0
TEXT: 4 state that the strand of a DNA molecule that is used in
2026-08-21 17:24:44.776 | INFO     | app.worker:process_document:58 - 
BLOCK 13
TYPE: paragraph
HEADING: False
BOLD: False
NUMBERED: False
FONT SIZE: 10.0
TEXT: transcription is called the transcribed or template strand and
2026-08-21 17:24:44.777 | INFO     | app.worker:process_document:58 - 
BLOCK 14
TYPE: paragraph
HEADING: False
BOLD: False
NUMBERED: False
FONT SIZE: 10.0
TEXT: that the other strand is called the non-transcribed strand
2026-08-21 17:24:44.778 | INFO     | app.worker:process_document:58 - 
BLOCK 15
TYPE: heading
HEADING: True
BOLD: False
NUMBERED: True
FONT SIZE: 10.0
TEXT: 5 explain that, in eukaryotes, the RNA molecule formed
2026-08-21 17:24:44.778 | INFO     | app.worker:process_document:58 - 
BLOCK 16
TYPE: paragraph
HEADING: False
BOLD: False
NUMBERED: False
FONT SIZE: 10.0
TEXT: following transcription (primary transcript) is modified by the
2026-08-21 17:24:44.779 | INFO     | app.worker:process_document:58 - 
BLOCK 17
TYPE: paragraph
HEADING: False
BOLD: False
NUMBERED: False
FONT SIZE: 10.0
TEXT: removal of non-coding sequences (introns) and the joining
2026-08-21 17:24:44.779 | INFO     | app.worker:process_document:58 - 
BLOCK 18
TYPE: paragraph
HEADING: False
BOLD: False
NUMBERED: False
FONT SIZE: 10.0
TEXT: together of coding sequences (exons) to form mRNA
2026-08-21 17:24:44.779 | INFO     | app.worker:process_document:58 - 
BLOCK 19
TYPE: heading
HEADING: True
BOLD: False
NUMBERED: True
FONT SIZE: 10.0
TEXT: 6 state that a gene mutation is a change in the sequence of
2026-08-21 17:24:44.780 | INFO     | app.worker:process_document:58 - 
BLOCK 20
TYPE: paragraph
HEADING: False
BOLD: False
NUMBERED: False
FONT SIZE: 10.0
TEXT: base pairs in a DNA molecule that may result in an altered
2026-08-21 17:24:44.780 | INFO     | app.worker:process_document:58 - 
BLOCK 21
TYPE: paragraph
HEADING: False
BOLD: False
NUMBERED: False
FONT SIZE: 10.0
TEXT: polypeptide
2026-08-21 17:24:44.780 | INFO     | app.worker:process_document:58 - 
BLOCK 22
TYPE: heading
HEADING: True
BOLD: False
NUMBERED: True
FONT SIZE: 10.0
TEXT: 7 explain that a gene mutation is a result of substitution or
2026-08-21 17:24:44.781 | INFO     | app.worker:process_document:58 - 
BLOCK 23
TYPE: paragraph
HEADING: False
BOLD: False
NUMBERED: False
FONT SIZE: 10.0
TEXT: deletion or insertion of nucleotides in DNA and outline how
2026-08-21 17:24:44.781 | INFO     | app.worker:process_document:58 - 
BLOCK 24
TYPE: paragraph
HEADING: False
BOLD: False
NUMBERED: False
FONT SIZE: 10.0
TEXT: each of these types of mutation may affect the polypeptide
2026-08-21 17:24:44.782 | INFO     | app.worker:process_document:58 - 
BLOCK 25
TYPE: paragraph
HEADING: False
BOLD: False
NUMBERED: False
FONT SIZE: 10.0
TEXT: produced
2026-08-21 17:24:44.782 | INFO     | app.worker:process_document:58 - 
BLOCK 26
TYPE: paragraph
HEADING: False
BOLD: False
NUMBERED: False
FONT SIZE: 9.17
TEXT: Back to contents page www.cambridgeinternational.org/alevel 26
2026-08-21 17:24:44.783 | INFO     | app.worker:process_document:52 - 
PAGE 27 (47 blocks)
2026-08-21 17:24:44.784 | INFO     | app.worker:process_document:58 - 
BLOCK 0
TYPE: paragraph
HEADING: False
BOLD: False
NUMBERED: False
FONT SIZE: 9.0
TEXT: Cambridge International AS & A Level Biology 9700 syllabus for 2028, 2029 and 2030. Subject content
2026-08-21 17:24:44.787 | INFO     | app.worker:process_document:58 - 
BLOCK 1
TYPE: heading
HEADING: True
BOLD: False
NUMBERED: True
FONT SIZE: 10.0
TEXT: 7 Transport in plants
2026-08-21 17:24:44.788 | INFO     | app.worker:process_document:58 - 
BLOCK 2
TYPE: paragraph
HEADING: False
BOLD: False
NUMBERED: False
FONT SIZE: 10.0
TEXT: Flowering plants do not have compact bodies like those of many animals. Leaves and extensive root systems
2026-08-21 17:24:44.798 | INFO     | app.worker:process_document:58 - 
BLOCK 3
TYPE: paragraph
HEADING: False
BOLD: False
NUMBERED: False
FONT SIZE: 10.0
TEXT: spread out to obtain the light energy, carbon dioxide, mineral ions and water that plants gain from their
2026-08-21 17:24:44.802 | INFO     | app.worker:process_document:58 - 
BLOCK 4
TYPE: paragraph
HEADING: False
BOLD: False
NUMBERED: False
FONT SIZE: 10.0
TEXT: environment to make organic molecules, such as sugars and amino acids. Transport systems in plants move
2026-08-21 17:24:44.808 | INFO     | app.worker:process_document:58 - 
BLOCK 5
TYPE: paragraph
HEADING: False
BOLD: False
NUMBERED: False
FONT SIZE: 10.0
TEXT: substances from where they are absorbed or produced to where they are stored or used.
2026-08-21 17:24:44.810 | INFO     | app.worker:process_document:58 - 
BLOCK 6
TYPE: heading
HEADING: True
BOLD: False
NUMBERED: True
FONT SIZE: 10.0
TEXT: 7.1 Structure of transport tissues Learning outcomes
2026-08-21 17:24:44.810 | INFO     | app.worker:process_document:58 - 
BLOCK 7
TYPE: paragraph
HEADING: False
BOLD: False
NUMBERED: False
FONT SIZE: 10.0
TEXT: Candidates should be able to:
2026-08-21 17:24:44.811 | INFO     | app.worker:process_document:58 - 
BLOCK 8
TYPE: heading
HEADING: True
BOLD: False
NUMBERED: True
FONT SIZE: 10.0
TEXT: 1 draw plan diagrams of transverse sections of stems, roots
2026-08-21 17:24:44.811 | INFO     | app.worker:process_document:58 - 
BLOCK 9
TYPE: paragraph
HEADING: False
BOLD: False
NUMBERED: False
FONT SIZE: 10.0
TEXT: and leaves of herbaceous dicotyledonous plants from
2026-08-21 17:24:44.812 | INFO     | app.worker:process_document:58 - 
BLOCK 10
TYPE: paragraph
HEADING: False
BOLD: False
NUMBERED: False
FONT SIZE: 10.0
TEXT: microscope slides and photomicrographs
2026-08-21 17:24:44.812 | INFO     | app.worker:process_document:58 - 
BLOCK 11
TYPE: heading
HEADING: True
BOLD: False
NUMBERED: True
FONT SIZE: 10.0
TEXT: 2 describe the distribution of xylem and phloem in transverse
2026-08-21 17:24:44.813 | INFO     | app.worker:process_document:58 - 
BLOCK 12
TYPE: paragraph
HEADING: False
BOLD: False
NUMBERED: False
FONT SIZE: 10.0
TEXT: sections of stems, roots and leaves of herbaceous
2026-08-21 17:24:44.814 | INFO     | app.worker:process_document:58 - 
BLOCK 13
TYPE: paragraph
HEADING: False
BOLD: False
NUMBERED: False
FONT SIZE: 10.0
TEXT: dicotyledonous plants
2026-08-21 17:24:44.819 | INFO     | app.worker:process_document:58 - 
BLOCK 14
TYPE: heading
HEADING: True
BOLD: False
NUMBERED: True
FONT SIZE: 10.0
TEXT: 3 draw and label xylem vessel elements, phloem sieve tube
2026-08-21 17:24:44.822 | INFO     | app.worker:process_document:58 - 
BLOCK 15
TYPE: paragraph
HEADING: False
BOLD: False
NUMBERED: False
FONT SIZE: 10.0
TEXT: elements and companion cells from microscope slides,
2026-08-21 17:24:44.823 | INFO     | app.worker:process_document:58 - 
BLOCK 16
TYPE: paragraph
HEADING: False
BOLD: False
NUMBERED: False
FONT SIZE: 10.0
TEXT: photomicrographs and electron micrographs
2026-08-21 17:24:44.824 | INFO     | app.worker:process_document:58 - 
BLOCK 17
TYPE: heading
HEADING: True
BOLD: False
NUMBERED: True
FONT SIZE: 10.0
TEXT: 4 relate the structure of xylem vessel elements, phloem sieve
2026-08-21 17:24:44.825 | INFO     | app.worker:process_document:58 - 
BLOCK 18
TYPE: paragraph
HEADING: False
BOLD: False
NUMBERED: False
FONT SIZE: 10.0
TEXT: tube elements and companion cells to their functions
2026-08-21 17:24:44.825 | INFO     | app.worker:process_document:58 - 
BLOCK 19
TYPE: heading
HEADING: True
BOLD: False
NUMBERED: True
FONT SIZE: 10.0
TEXT: 7.2 Transport mechanisms Learning outcomes
2026-08-21 17:24:44.827 | INFO     | app.worker:process_document:58 - 
BLOCK 20
TYPE: paragraph
HEADING: False
BOLD: False
NUMBERED: False
FONT SIZE: 10.0
TEXT: Candidates should be able to:
2026-08-21 17:24:44.828 | INFO     | app.worker:process_document:58 - 
BLOCK 21
TYPE: heading
HEADING: True
BOLD: False
NUMBERED: True
FONT SIZE: 10.0
TEXT: 1 state that some mineral ions and organic compounds can be
2026-08-21 17:24:44.828 | INFO     | app.worker:process_document:58 - 
BLOCK 22
TYPE: paragraph
HEADING: False
BOLD: False
NUMBERED: False
FONT SIZE: 10.0
TEXT: transported within plants dissolved in water
2026-08-21 17:24:44.829 | INFO     | app.worker:process_document:58 - 
BLOCK 23
TYPE: heading
HEADING: True
BOLD: False
NUMBERED: True
FONT SIZE: 10.0
TEXT: 2 describe the transport of water from the soil to the xylem
2026-08-21 17:24:44.829 | INFO     | app.worker:process_document:58 - 
BLOCK 24
TYPE: paragraph
HEADING: False
BOLD: False
NUMBERED: False
FONT SIZE: 10.0
TEXT: through the:
2026-08-21 17:24:44.830 | INFO     | app.worker:process_document:58 - 
BLOCK 25
TYPE: paragraph
HEADING: False
BOLD: False
NUMBERED: False
FONT SIZE: 10.0
TEXT: • apoplast pathway, including reference to lignin and
2026-08-21 17:24:44.830 | INFO     | app.worker:process_document:58 - 
BLOCK 26
TYPE: paragraph
HEADING: False
BOLD: False
NUMBERED: False
FONT SIZE: 10.0
TEXT: cellulose
2026-08-21 17:24:44.831 | INFO     | app.worker:process_document:58 - 
BLOCK 27
TYPE: paragraph
HEADING: False
BOLD: False
NUMBERED: False
FONT SIZE: 10.0
TEXT: • symplast pathway, including reference to the endodermis,
2026-08-21 17:24:44.839 | INFO     | app.worker:process_document:58 - 
BLOCK 28
TYPE: paragraph
HEADING: False
BOLD: False
NUMBERED: False
FONT SIZE: 10.0
TEXT: Casparian strip and suberin
2026-08-21 17:24:44.840 | INFO     | app.worker:process_document:58 - 
BLOCK 29
TYPE: heading
HEADING: True
BOLD: False
NUMBERED: True
FONT SIZE: 10.0
TEXT: 3 explain that transpiration involves the evaporation of water
2026-08-21 17:24:44.840 | INFO     | app.worker:process_document:58 - 
BLOCK 30
TYPE: paragraph
HEADING: False
BOLD: False
NUMBERED: False
FONT SIZE: 10.0
TEXT: from the internal surfaces of leaves followed by diffusion of
2026-08-21 17:24:44.841 | INFO     | app.worker:process_document:58 - 
BLOCK 31
TYPE: paragraph
HEADING: False
BOLD: False
NUMBERED: False
FONT SIZE: 10.0
TEXT: water vapour to the atmosphere
2026-08-21 17:24:44.841 | INFO     | app.worker:process_document:58 - 
BLOCK 32
TYPE: heading
HEADING: True
BOLD: False
NUMBERED: True
FONT SIZE: 10.0
TEXT: 4 explain how hydrogen bonding of water molecules is involved
2026-08-21 17:24:44.842 | INFO     | app.worker:process_document:58 - 
BLOCK 33
TYPE: paragraph
HEADING: False
BOLD: False
NUMBERED: False
FONT SIZE: 10.0
TEXT: with movement of water in the xylem by cohesion-tension in
2026-08-21 17:24:44.844 | INFO     | app.worker:process_document:58 - 
BLOCK 34
TYPE: paragraph
HEADING: False
BOLD: False
NUMBERED: False
FONT SIZE: 10.0
TEXT: transpiration pull and by adhesion to cellulose in cell walls
2026-08-21 17:24:44.844 | INFO     | app.worker:process_document:58 - 
BLOCK 35
TYPE: heading
HEADING: True
BOLD: False
NUMBERED: True
FONT SIZE: 10.0
TEXT: 5 make annotated drawings of transverse sections of leaves
2026-08-21 17:24:44.845 | INFO     | app.worker:process_document:58 - 
BLOCK 36
TYPE: paragraph
HEADING: False
BOLD: False
NUMBERED: False
FONT SIZE: 10.0
TEXT: from xerophytic plants to explain how they are adapted to
2026-08-21 17:24:44.845 | INFO     | app.worker:process_document:58 - 
BLOCK 37
TYPE: paragraph
HEADING: False
BOLD: False
NUMBERED: False
FONT SIZE: 10.0
TEXT: reduce water loss by transpiration
2026-08-21 17:24:44.846 | INFO     | app.worker:process_document:58 - 
BLOCK 38
TYPE: heading
HEADING: True
BOLD: False
NUMBERED: True
FONT SIZE: 10.0
TEXT: 6 state that assimilates dissolved in water, such as sucrose and
2026-08-21 17:24:44.847 | INFO     | app.worker:process_document:58 - 
BLOCK 39
TYPE: paragraph
HEADING: False
BOLD: False
NUMBERED: False
FONT SIZE: 10.0
TEXT: amino acids, move from sources to sinks in phloem sieve
2026-08-21 17:24:44.847 | INFO     | app.worker:process_document:58 - 
BLOCK 40
TYPE: paragraph
HEADING: False
BOLD: False
NUMBERED: False
FONT SIZE: 10.0
TEXT: tubes
2026-08-21 17:24:44.848 | INFO     | app.worker:process_document:58 - 
BLOCK 41
TYPE: heading
HEADING: True
BOLD: False
NUMBERED: True
FONT SIZE: 10.0
TEXT: 7 explain how companion cells transfer assimilates to
2026-08-21 17:24:44.848 | INFO     | app.worker:process_document:58 - 
BLOCK 42
TYPE: paragraph
HEADING: False
BOLD: False
NUMBERED: False
FONT SIZE: 10.0
TEXT: phloem sieve tubes, with reference to proton pumps and
2026-08-21 17:24:44.851 | INFO     | app.worker:process_document:58 - 
BLOCK 43
TYPE: paragraph
HEADING: False
BOLD: False
NUMBERED: False
FONT SIZE: 10.0
TEXT: cotransporter proteins
2026-08-21 17:24:44.853 | INFO     | app.worker:process_document:58 - 
BLOCK 44
TYPE: heading
HEADING: True
BOLD: False
NUMBERED: True
FONT SIZE: 10.0
TEXT: 8 explain mass flow in phloem sieve tubes down a hydrostatic
2026-08-21 17:24:44.856 | INFO     | app.worker:process_document:58 - 
BLOCK 45
TYPE: paragraph
HEADING: False
BOLD: False
NUMBERED: False
FONT SIZE: 10.0
TEXT: pressure gradient from source to sink
2026-08-21 17:24:44.857 | INFO     | app.worker:process_document:58 - 
BLOCK 46
TYPE: paragraph
HEADING: False
BOLD: False
NUMBERED: False
FONT SIZE: 9.17
TEXT: Back to contents page www.cambridgeinternational.org/alevel 27
2026-08-21 17:24:44.858 | INFO     | app.worker:process_document:52 - 
PAGE 28 (30 blocks)
2026-08-21 17:24:44.859 | INFO     | app.worker:process_document:58 - 
BLOCK 0
TYPE: paragraph
HEADING: False
BOLD: False
NUMBERED: False
FONT SIZE: 9.0
TEXT: Cambridge International AS & A Level Biology 9700 syllabus for 2028, 2029 and 2030. Subject content
2026-08-21 17:24:44.859 | INFO     | app.worker:process_document:58 - 
BLOCK 1
TYPE: heading
HEADING: True
BOLD: False
NUMBERED: True
FONT SIZE: 10.0
TEXT: 8 Transport in mammals
2026-08-21 17:24:44.860 | INFO     | app.worker:process_document:58 - 
BLOCK 2
TYPE: paragraph
HEADING: False
BOLD: False
NUMBERED: False
FONT SIZE: 10.0
TEXT: As animals become larger, more complex and more active, transport systems become essential to supply
2026-08-21 17:24:44.861 | INFO     | app.worker:process_document:58 - 
BLOCK 3
TYPE: paragraph
HEADING: False
BOLD: False
NUMBERED: False
FONT SIZE: 10.0
TEXT: nutrients to, and remove waste from, individual cells. Mammals are far more active than plants and require
2026-08-21 17:24:44.861 | INFO     | app.worker:process_document:58 - 
BLOCK 4
TYPE: paragraph
HEADING: False
BOLD: False
NUMBERED: False
FONT SIZE: 10.0
TEXT: much greater supplies of oxygen. This is transported by haemoglobin inside red blood cells.
2026-08-21 17:24:44.862 | INFO     | app.worker:process_document:58 - 
BLOCK 5
TYPE: heading
HEADING: True
BOLD: False
NUMBERED: True
FONT SIZE: 10.0
TEXT: 8.1 The circulatory system Learning outcomes
2026-08-21 17:24:44.862 | INFO     | app.worker:process_document:58 - 
BLOCK 6
TYPE: paragraph
HEADING: False
BOLD: False
NUMBERED: False
FONT SIZE: 10.0
TEXT: Candidates should be able to:
2026-08-21 17:24:44.863 | INFO     | app.worker:process_document:58 - 
BLOCK 7
TYPE: heading
HEADING: True
BOLD: False
NUMBERED: True
FONT SIZE: 10.0
TEXT: 1 state that the mammalian circulatory system is a closed
2026-08-21 17:24:44.863 | INFO     | app.worker:process_document:58 - 
BLOCK 8
TYPE: paragraph
HEADING: False
BOLD: False
NUMBERED: False
FONT SIZE: 10.0
TEXT: double circulation consisting of a heart, blood and blood
2026-08-21 17:24:44.864 | INFO     | app.worker:process_document:58 - 
BLOCK 9
TYPE: paragraph
HEADING: False
BOLD: False
NUMBERED: False
FONT SIZE: 10.0
TEXT: vessels including arteries, arterioles, capillaries, venules and
2026-08-21 17:24:44.866 | INFO     | app.worker:process_document:58 - 
BLOCK 10
TYPE: paragraph
HEADING: False
BOLD: False
NUMBERED: False
FONT SIZE: 10.0
TEXT: veins
2026-08-21 17:24:44.869 | INFO     | app.worker:process_document:58 - 
BLOCK 11
TYPE: heading
HEADING: True
BOLD: False
NUMBERED: True
FONT SIZE: 10.0
TEXT: 2 describe the functions of the main blood vessels of the
2026-08-21 17:24:44.873 | INFO     | app.worker:process_document:58 - 
BLOCK 12
TYPE: paragraph
HEADING: False
BOLD: False
NUMBERED: False
FONT SIZE: 10.0
TEXT: pulmonary and systemic circulations, limited to pulmonary
2026-08-21 17:24:44.875 | INFO     | app.worker:process_document:58 - 
BLOCK 13
TYPE: paragraph
HEADING: False
BOLD: False
NUMBERED: False
FONT SIZE: 10.0
TEXT: artery, pulmonary vein, aorta and vena cava
2026-08-21 17:24:44.876 | INFO     | app.worker:process_document:58 - 
BLOCK 14
TYPE: heading
HEADING: True
BOLD: False
NUMBERED: True
FONT SIZE: 10.0
TEXT: 3 recognise arteries, veins and capillaries from microscope
2026-08-21 17:24:44.876 | INFO     | app.worker:process_document:58 - 
BLOCK 15
TYPE: paragraph
HEADING: False
BOLD: False
NUMBERED: False
FONT SIZE: 10.0
TEXT: slides, photomicrographs and electron micrographs and
2026-08-21 17:24:44.877 | INFO     | app.worker:process_document:58 - 
BLOCK 16
TYPE: paragraph
HEADING: False
BOLD: False
NUMBERED: False
FONT SIZE: 10.0
TEXT: make plan diagrams showing the structure of arteries and
2026-08-21 17:24:44.878 | INFO     | app.worker:process_document:58 - 
BLOCK 17
TYPE: paragraph
HEADING: False
BOLD: False
NUMBERED: False
FONT SIZE: 10.0
TEXT: veins in transverse section (TS) and longitudinal section (LS)
2026-08-21 17:24:44.878 | INFO     | app.worker:process_document:58 - 
BLOCK 18
TYPE: heading
HEADING: True
BOLD: False
NUMBERED: True
FONT SIZE: 10.0
TEXT: 4 explain how the structure of muscular arteries, elastic arteries,
2026-08-21 17:24:44.879 | INFO     | app.worker:process_document:58 - 
BLOCK 19
TYPE: paragraph
HEADING: False
BOLD: False
NUMBERED: False
FONT SIZE: 10.0
TEXT: veins and capillaries are each related to their functions
2026-08-21 17:24:44.881 | INFO     | app.worker:process_document:58 - 
BLOCK 20
TYPE: heading
HEADING: True
BOLD: False
NUMBERED: True
FONT SIZE: 10.0
TEXT: 5 recognise and draw red blood cells, monocytes, neutrophils
2026-08-21 17:24:44.890 | INFO     | app.worker:process_document:58 - 
BLOCK 21
TYPE: paragraph
HEADING: False
BOLD: False
NUMBERED: False
FONT SIZE: 10.0
TEXT: and lymphocytes from microscope slides, photomicrographs
2026-08-21 17:24:44.890 | INFO     | app.worker:process_document:58 - 
BLOCK 22
TYPE: paragraph
HEADING: False
BOLD: False
NUMBERED: False
FONT SIZE: 10.0
TEXT: and electron micrographs
2026-08-21 17:24:44.891 | INFO     | app.worker:process_document:58 - 
BLOCK 23
TYPE: heading
HEADING: True
BOLD: False
NUMBERED: True
FONT SIZE: 10.0
TEXT: 6 state that water is the main component of blood and tissue
2026-08-21 17:24:44.892 | INFO     | app.worker:process_document:58 - 
BLOCK 24
TYPE: paragraph
HEADING: False
BOLD: False
NUMBERED: False
FONT SIZE: 10.0
TEXT: fluid and relate the properties of water to its role in transport
2026-08-21 17:24:44.895 | INFO     | app.worker:process_document:58 - 
BLOCK 25
TYPE: paragraph
HEADING: False
BOLD: False
NUMBERED: False
FONT SIZE: 10.0
TEXT: in mammals, limited to solvent action and high specific heat
2026-08-21 17:24:44.902 | INFO     | app.worker:process_document:58 - 
BLOCK 26
TYPE: paragraph
HEADING: False
BOLD: False
NUMBERED: False
FONT SIZE: 10.0
TEXT: capacity
2026-08-21 17:24:44.903 | INFO     | app.worker:process_document:58 - 
BLOCK 27
TYPE: heading
HEADING: True
BOLD: False
NUMBERED: True
FONT SIZE: 10.0
TEXT: 7 state the functions of tissue fluid and describe the formation
2026-08-21 17:24:44.904 | INFO     | app.worker:process_document:58 - 
BLOCK 28
TYPE: paragraph
HEADING: False
BOLD: False
NUMBERED: False
FONT SIZE: 10.0
TEXT: of tissue fluid in a capillary network
2026-08-21 17:24:44.904 | INFO     | app.worker:process_document:58 - 
BLOCK 29
TYPE: paragraph
HEADING: False
BOLD: False
NUMBERED: False
FONT SIZE: 9.17
TEXT: Back to contents page www.cambridgeinternational.org/alevel 28
2026-08-21 17:24:44.905 | INFO     | app.worker:process_document:52 - 
PAGE 29 (33 blocks)
2026-08-21 17:24:44.906 | INFO     | app.worker:process_document:58 - 
BLOCK 0
TYPE: paragraph
HEADING: False
BOLD: False
NUMBERED: False
FONT SIZE: 9.0
TEXT: Cambridge International AS & A Level Biology 9700 syllabus for 2028, 2029 and 2030. Subject content
2026-08-21 17:24:44.907 | INFO     | app.worker:process_document:58 - 
BLOCK 1
TYPE: heading
HEADING: True
BOLD: False
NUMBERED: True
FONT SIZE: 10.0
TEXT: 8.2 Transport of oxygen and Learning outcomes
2026-08-21 17:24:44.907 | INFO     | app.worker:process_document:58 - 
BLOCK 2
TYPE: paragraph
HEADING: False
BOLD: False
NUMBERED: False
FONT SIZE: 10.0
TEXT: carbon dioxide Candidates should be able to:
2026-08-21 17:24:44.908 | INFO     | app.worker:process_document:58 - 
BLOCK 3
TYPE: heading
HEADING: True
BOLD: False
NUMBERED: True
FONT SIZE: 10.0
TEXT: 1 describe the role of red blood cells in transporting oxygen and
2026-08-21 17:24:44.910 | INFO     | app.worker:process_document:58 - 
BLOCK 4
TYPE: paragraph
HEADING: False
BOLD: False
NUMBERED: False
FONT SIZE: 10.0
TEXT: carbon dioxide with reference to the roles of:
2026-08-21 17:24:44.910 | INFO     | app.worker:process_document:58 - 
BLOCK 5
TYPE: paragraph
HEADING: False
BOLD: False
NUMBERED: False
FONT SIZE: 10.0
TEXT: • haemoglobin
2026-08-21 17:24:44.911 | INFO     | app.worker:process_document:58 - 
BLOCK 6
TYPE: paragraph
HEADING: False
BOLD: False
NUMBERED: False
FONT SIZE: 10.0
TEXT: • carbonic anhydrase
2026-08-21 17:24:44.912 | INFO     | app.worker:process_document:58 - 
BLOCK 7
TYPE: paragraph
HEADING: False
BOLD: False
NUMBERED: False
FONT SIZE: 10.0
TEXT: • the formation of haemoglobinic acid
2026-08-21 17:24:44.912 | INFO     | app.worker:process_document:58 - 
BLOCK 8
TYPE: paragraph
HEADING: False
BOLD: False
NUMBERED: False
FONT SIZE: 10.0
TEXT: • the formation of carbaminohaemoglobin
2026-08-21 17:24:44.913 | INFO     | app.worker:process_document:58 - 
BLOCK 9
TYPE: heading
HEADING: True
BOLD: False
NUMBERED: True
FONT SIZE: 10.0
TEXT: 2 describe the chloride shift and explain the importance of the
2026-08-21 17:24:44.913 | INFO     | app.worker:process_document:58 - 
BLOCK 10
TYPE: paragraph
HEADING: False
BOLD: False
NUMBERED: False
FONT SIZE: 10.0
TEXT: chloride shift
2026-08-21 17:24:44.914 | INFO     | app.worker:process_document:58 - 
BLOCK 11
TYPE: heading
HEADING: True
BOLD: False
NUMBERED: True
FONT SIZE: 10.0
TEXT: 3 describe the role of plasma in the transport of carbon dioxide
2026-08-21 17:24:44.915 | INFO     | app.worker:process_document:58 - 
BLOCK 12
TYPE: heading
HEADING: True
BOLD: False
NUMBERED: True
FONT SIZE: 10.0
TEXT: 4 describe and explain the oxygen dissociation curve of adult
2026-08-21 17:24:44.925 | INFO     | app.worker:process_document:58 - 
BLOCK 13
TYPE: paragraph
HEADING: False
BOLD: False
NUMBERED: False
FONT SIZE: 10.0
TEXT: haemoglobin
2026-08-21 17:24:44.926 | INFO     | app.worker:process_document:58 - 
BLOCK 14
TYPE: heading
HEADING: True
BOLD: False
NUMBERED: True
FONT SIZE: 10.0
TEXT: 5 explain the importance of the oxygen dissociation curve
2026-08-21 17:24:44.926 | INFO     | app.worker:process_document:58 - 
BLOCK 15
TYPE: paragraph
HEADING: False
BOLD: False
NUMBERED: False
FONT SIZE: 10.0
TEXT: at partial pressures of oxygen in the lungs and in respiring
2026-08-21 17:24:44.927 | INFO     | app.worker:process_document:58 - 
BLOCK 16
TYPE: paragraph
HEADING: False
BOLD: False
NUMBERED: False
FONT SIZE: 10.0
TEXT: tissues
2026-08-21 17:24:44.928 | INFO     | app.worker:process_document:58 - 
BLOCK 17
TYPE: heading
HEADING: True
BOLD: False
NUMBERED: True
FONT SIZE: 10.0
TEXT: 6 describe the Bohr shift and explain the importance of the
2026-08-21 17:24:44.929 | INFO     | app.worker:process_document:58 - 
BLOCK 18
TYPE: paragraph
HEADING: False
BOLD: False
NUMBERED: False
FONT SIZE: 10.0
TEXT: Bohr shift
2026-08-21 17:24:44.930 | INFO     | app.worker:process_document:58 - 
BLOCK 19
TYPE: heading
HEADING: True
BOLD: False
NUMBERED: True
FONT SIZE: 10.0
TEXT: 8.3 The heart Learning outcomes
2026-08-21 17:24:44.930 | INFO     | app.worker:process_document:58 - 
BLOCK 20
TYPE: paragraph
HEADING: False
BOLD: False
NUMBERED: False
FONT SIZE: 10.0
TEXT: Candidates should be able to:
2026-08-21 17:24:44.932 | INFO     | app.worker:process_document:58 - 
BLOCK 21
TYPE: heading
HEADING: True
BOLD: False
NUMBERED: True
FONT SIZE: 10.0
TEXT: 1 describe the external and internal structure of the mammalian
2026-08-21 17:24:44.937 | INFO     | app.worker:process_document:58 - 
BLOCK 22
TYPE: paragraph
HEADING: False
BOLD: False
NUMBERED: False
FONT SIZE: 10.0
TEXT: heart
2026-08-21 17:24:44.939 | INFO     | app.worker:process_document:58 - 
BLOCK 23
TYPE: heading
HEADING: True
BOLD: False
NUMBERED: True
FONT SIZE: 10.0
TEXT: 2 explain the differences in the thickness of the walls of the:
2026-08-21 17:24:44.940 | INFO     | app.worker:process_document:58 - 
BLOCK 24
TYPE: paragraph
HEADING: False
BOLD: False
NUMBERED: False
FONT SIZE: 10.0
TEXT: • atria and ventricles
2026-08-21 17:24:44.940 | INFO     | app.worker:process_document:58 - 
BLOCK 25
TYPE: paragraph
HEADING: False
BOLD: False
NUMBERED: False
FONT SIZE: 10.0
TEXT: • left ventricle and right ventricle
2026-08-21 17:24:44.942 | INFO     | app.worker:process_document:58 - 
BLOCK 26
TYPE: heading
HEADING: True
BOLD: False
NUMBERED: True
FONT SIZE: 10.0
TEXT: 3 describe the cardiac cycle, with reference to the relationship
2026-08-21 17:24:44.942 | INFO     | app.worker:process_document:58 - 
BLOCK 27
TYPE: paragraph
HEADING: False
BOLD: False
NUMBERED: False
FONT SIZE: 10.0
TEXT: between blood pressure changes during systole and diastole
2026-08-21 17:24:44.943 | INFO     | app.worker:process_document:58 - 
BLOCK 28
TYPE: paragraph
HEADING: False
BOLD: False
NUMBERED: False
FONT SIZE: 10.0
TEXT: and the opening and closing of valves
2026-08-21 17:24:44.945 | INFO     | app.worker:process_document:58 - 
BLOCK 29
TYPE: heading
HEADING: True
BOLD: False
NUMBERED: True
FONT SIZE: 10.0
TEXT: 4 explain the roles of the sinoatrial node, the atrioventricular
2026-08-21 17:24:44.946 | INFO     | app.worker:process_document:58 - 
BLOCK 30
TYPE: paragraph
HEADING: False
BOLD: False
NUMBERED: False
FONT SIZE: 10.0
TEXT: node and the Purkyne tissue in the cardiac cycle (knowledge
2026-08-21 17:24:44.947 | INFO     | app.worker:process_document:58 - 
BLOCK 31
TYPE: paragraph
HEADING: False
BOLD: False
NUMBERED: False
FONT SIZE: 10.0
TEXT: of nervous and hormonal control is not expected)
2026-08-21 17:24:44.947 | INFO     | app.worker:process_document:58 - 
BLOCK 32
TYPE: paragraph
HEADING: False
BOLD: False
NUMBERED: False
FONT SIZE: 9.17
TEXT: Back to contents page www.cambridgeinternational.org/alevel 29
2026-08-21 17:24:44.948 | INFO     | app.worker:process_document:52 - 
PAGE 30 (35 blocks)
2026-08-21 17:24:44.948 | INFO     | app.worker:process_document:58 - 
BLOCK 0
TYPE: paragraph
HEADING: False
BOLD: False
NUMBERED: False
FONT SIZE: 9.0
TEXT: Cambridge International AS & A Level Biology 9700 syllabus for 2028, 2029 and 2030. Subject content
2026-08-21 17:24:44.958 | INFO     | app.worker:process_document:58 - 
BLOCK 1
TYPE: heading
HEADING: True
BOLD: False
NUMBERED: True
FONT SIZE: 10.0
TEXT: 9 Gas exchange
2026-08-21 17:24:44.958 | INFO     | app.worker:process_document:58 - 
BLOCK 2
TYPE: paragraph
HEADING: False
BOLD: False
NUMBERED: False
FONT SIZE: 10.0
TEXT: The gas exchange system is responsible for the uptake of oxygen into the blood and the excretion of carbon
2026-08-21 17:24:44.958 | INFO     | app.worker:process_document:58 - 
BLOCK 3
TYPE: paragraph
HEADING: False
BOLD: False
NUMBERED: False
FONT SIZE: 10.0
TEXT: dioxide. An understanding of this system shows how cells, tissues and organs function together to exchange
2026-08-21 17:24:44.959 | INFO     | app.worker:process_document:58 - 
BLOCK 4
TYPE: paragraph
HEADING: False
BOLD: False
NUMBERED: False
FONT SIZE: 10.0
TEXT: these gases between the blood and the environment.
2026-08-21 17:24:44.959 | INFO     | app.worker:process_document:58 - 
BLOCK 5
TYPE: heading
HEADING: True
BOLD: False
NUMBERED: True
FONT SIZE: 10.0
TEXT: 9.1 The gas exchange system Learning outcomes
2026-08-21 17:24:44.960 | INFO     | app.worker:process_document:58 - 
BLOCK 6
TYPE: paragraph
HEADING: False
BOLD: False
NUMBERED: False
FONT SIZE: 10.0
TEXT: Candidates should be able to:
2026-08-21 17:24:44.960 | INFO     | app.worker:process_document:58 - 
BLOCK 7
TYPE: heading
HEADING: True
BOLD: False
NUMBERED: True
FONT SIZE: 10.0
TEXT: 1 describe the structure of the human gas exchange system,
2026-08-21 17:24:44.961 | INFO     | app.worker:process_document:58 - 
BLOCK 8
TYPE: paragraph
HEADING: False
BOLD: False
NUMBERED: False
FONT SIZE: 10.0
TEXT: limited to:
2026-08-21 17:24:44.961 | INFO     | app.worker:process_document:58 - 
BLOCK 9
TYPE: paragraph
HEADING: False
BOLD: False
NUMBERED: False
FONT SIZE: 10.0
TEXT: • lungs
2026-08-21 17:24:44.962 | INFO     | app.worker:process_document:58 - 
BLOCK 10
TYPE: paragraph
HEADING: False
BOLD: False
NUMBERED: False
FONT SIZE: 10.0
TEXT: • trachea
2026-08-21 17:24:44.963 | INFO     | app.worker:process_document:58 - 
BLOCK 11
TYPE: paragraph
HEADING: False
BOLD: False
NUMBERED: False
FONT SIZE: 10.0
TEXT: • bronchi
2026-08-21 17:24:44.964 | INFO     | app.worker:process_document:58 - 
BLOCK 12
TYPE: paragraph
HEADING: False
BOLD: False
NUMBERED: False
FONT SIZE: 10.0
TEXT: • bronchioles
2026-08-21 17:24:44.964 | INFO     | app.worker:process_document:58 - 
BLOCK 13
TYPE: paragraph
HEADING: False
BOLD: False
NUMBERED: False
FONT SIZE: 10.0
TEXT: • alveoli
2026-08-21 17:24:44.965 | INFO     | app.worker:process_document:58 - 
BLOCK 14
TYPE: paragraph
HEADING: False
BOLD: False
NUMBERED: False
FONT SIZE: 10.0
TEXT: • capillary network
2026-08-21 17:24:44.965 | INFO     | app.worker:process_document:58 - 
BLOCK 15
TYPE: heading
HEADING: True
BOLD: False
NUMBERED: True
FONT SIZE: 10.0
TEXT: 2 describe the distribution in the gas exchange system
2026-08-21 17:24:44.969 | INFO     | app.worker:process_document:58 - 
BLOCK 16
TYPE: paragraph
HEADING: False
BOLD: False
NUMBERED: False
FONT SIZE: 10.0
TEXT: of cartilage, ciliated epithelium, goblet cells, squamous
2026-08-21 17:24:44.970 | INFO     | app.worker:process_document:58 - 
BLOCK 17
TYPE: paragraph
HEADING: False
BOLD: False
NUMBERED: False
FONT SIZE: 10.0
TEXT: epithelium of alveoli, smooth muscle and capillaries
2026-08-21 17:24:44.970 | INFO     | app.worker:process_document:58 - 
BLOCK 18
TYPE: heading
HEADING: True
BOLD: False
NUMBERED: True
FONT SIZE: 10.0
TEXT: 3 recognise cartilage, ciliated epithelium, goblet cells,
2026-08-21 17:24:44.971 | INFO     | app.worker:process_document:58 - 
BLOCK 19
TYPE: paragraph
HEADING: False
BOLD: False
NUMBERED: False
FONT SIZE: 10.0
TEXT: squamous epithelium of alveoli, smooth muscle and
2026-08-21 17:24:44.971 | INFO     | app.worker:process_document:58 - 
BLOCK 20
TYPE: paragraph
HEADING: False
BOLD: False
NUMBERED: False
FONT SIZE: 10.0
TEXT: capillaries in microscope slides, photomicrographs and
2026-08-21 17:24:44.972 | INFO     | app.worker:process_document:58 - 
BLOCK 21
TYPE: paragraph
HEADING: False
BOLD: False
NUMBERED: False
FONT SIZE: 10.0
TEXT: electron micrographs
2026-08-21 17:24:44.972 | INFO     | app.worker:process_document:58 - 
BLOCK 22
TYPE: heading
HEADING: True
BOLD: False
NUMBERED: True
FONT SIZE: 10.0
TEXT: 4 recognise trachea, bronchi, bronchioles and alveoli in
2026-08-21 17:24:44.973 | INFO     | app.worker:process_document:58 - 
BLOCK 23
TYPE: paragraph
HEADING: False
BOLD: False
NUMBERED: False
FONT SIZE: 10.0
TEXT: microscope slides, photomicrographs and electron
2026-08-21 17:24:44.973 | INFO     | app.worker:process_document:58 - 
BLOCK 24
TYPE: paragraph
HEADING: False
BOLD: False
NUMBERED: False
FONT SIZE: 10.0
TEXT: micrographs and make plan diagrams of transverse sections
2026-08-21 17:24:44.974 | INFO     | app.worker:process_document:58 - 
BLOCK 25
TYPE: paragraph
HEADING: False
BOLD: False
NUMBERED: False
FONT SIZE: 10.0
TEXT: of the walls of the trachea and bronchus
2026-08-21 17:24:44.974 | INFO     | app.worker:process_document:58 - 
BLOCK 26
TYPE: heading
HEADING: True
BOLD: False
NUMBERED: True
FONT SIZE: 10.0
TEXT: 5 describe the functions of ciliated epithelial cells, goblet cells
2026-08-21 17:24:44.975 | INFO     | app.worker:process_document:58 - 
BLOCK 27
TYPE: paragraph
HEADING: False
BOLD: False
NUMBERED: False
FONT SIZE: 10.0
TEXT: and mucous glands in maintaining the health of the gas
2026-08-21 17:24:44.976 | INFO     | app.worker:process_document:58 - 
BLOCK 28
TYPE: paragraph
HEADING: False
BOLD: False
NUMBERED: False
FONT SIZE: 10.0
TEXT: exchange system
2026-08-21 17:24:44.977 | INFO     | app.worker:process_document:58 - 
BLOCK 29
TYPE: heading
HEADING: True
BOLD: False
NUMBERED: True
FONT SIZE: 10.0
TEXT: 6 describe the functions in the gas exchange system of
2026-08-21 17:24:44.977 | INFO     | app.worker:process_document:58 - 
BLOCK 30
TYPE: paragraph
HEADING: False
BOLD: False
NUMBERED: False
FONT SIZE: 10.0
TEXT: cartilage, smooth muscle, elastic fibres and squamous
2026-08-21 17:24:44.978 | INFO     | app.worker:process_document:58 - 
BLOCK 31
TYPE: paragraph
HEADING: False
BOLD: False
NUMBERED: False
FONT SIZE: 10.0
TEXT: epithelium
2026-08-21 17:24:44.978 | INFO     | app.worker:process_document:58 - 
BLOCK 32
TYPE: heading
HEADING: True
BOLD: False
NUMBERED: True
FONT SIZE: 10.0
TEXT: 7 describe gas exchange between air in the alveoli and blood in
2026-08-21 17:24:44.979 | INFO     | app.worker:process_document:58 - 
BLOCK 33
TYPE: paragraph
HEADING: False
BOLD: False
NUMBERED: False
FONT SIZE: 10.0
TEXT: the capillaries
2026-08-21 17:24:44.979 | INFO     | app.worker:process_document:58 - 
BLOCK 34
TYPE: paragraph
HEADING: False
BOLD: False
NUMBERED: False
FONT SIZE: 9.17
TEXT: Back to contents page www.cambridgeinternational.org/alevel 30
2026-08-21 17:24:44.980 | INFO     | app.worker:process_document:52 - 
PAGE 31 (33 blocks)
2026-08-21 17:24:44.980 | INFO     | app.worker:process_document:58 - 
BLOCK 0
TYPE: paragraph
HEADING: False
BOLD: False
NUMBERED: False
FONT SIZE: 9.0
TEXT: Cambridge International AS & A Level Biology 9700 syllabus for 2028, 2029 and 2030. Subject content
2026-08-21 17:24:44.981 | INFO     | app.worker:process_document:58 - 
BLOCK 1
TYPE: heading
HEADING: True
BOLD: False
NUMBERED: True
FONT SIZE: 10.0
TEXT: 10 Infectious diseases
2026-08-21 17:24:44.984 | INFO     | app.worker:process_document:58 - 
BLOCK 2
TYPE: paragraph
HEADING: False
BOLD: False
NUMBERED: False
FONT SIZE: 10.0
TEXT: The infectious diseases studied in this topic are caused by pathogens that are transmitted from one human
2026-08-21 17:24:44.986 | INFO     | app.worker:process_document:58 - 
BLOCK 3
TYPE: paragraph
HEADING: False
BOLD: False
NUMBERED: False
FONT SIZE: 10.0
TEXT: host to another. Some, like Plasmodium that causes malaria, are transmitted by vectors, but there are many
2026-08-21 17:24:44.987 | INFO     | app.worker:process_document:58 - 
BLOCK 4
TYPE: paragraph
HEADING: False
BOLD: False
NUMBERED: False
FONT SIZE: 10.0
TEXT: other methods of transmission, such as through water and food or during sexual activity. An understanding
2026-08-21 17:24:44.987 | INFO     | app.worker:process_document:58 - 
BLOCK 5
TYPE: paragraph
HEADING: False
BOLD: False
NUMBERED: False
FONT SIZE: 10.0
TEXT: of the biology of the pathogen and its mode of transmission is essential if the disease is to be controlled and
2026-08-21 17:24:44.989 | INFO     | app.worker:process_document:58 - 
BLOCK 6
TYPE: paragraph
HEADING: False
BOLD: False
NUMBERED: False
FONT SIZE: 10.0
TEXT: ultimately prevented.
2026-08-21 17:24:44.989 | INFO     | app.worker:process_document:58 - 
BLOCK 7
TYPE: heading
HEADING: True
BOLD: False
NUMBERED: True
FONT SIZE: 10.0
TEXT: 10.1 Infectious diseases Learning outcomes
2026-08-21 17:24:44.990 | INFO     | app.worker:process_document:58 - 
BLOCK 8
TYPE: paragraph
HEADING: False
BOLD: False
NUMBERED: False
FONT SIZE: 10.0
TEXT: Candidates should be able to:
2026-08-21 17:24:44.990 | INFO     | app.worker:process_document:58 - 
BLOCK 9
TYPE: heading
HEADING: True
BOLD: False
NUMBERED: True
FONT SIZE: 10.0
TEXT: 1 state that infectious diseases are caused by pathogens and
2026-08-21 17:24:44.991 | INFO     | app.worker:process_document:58 - 
BLOCK 10
TYPE: paragraph
HEADING: False
BOLD: False
NUMBERED: False
FONT SIZE: 10.0
TEXT: are transmissible
2026-08-21 17:24:44.991 | INFO     | app.worker:process_document:58 - 
BLOCK 11
TYPE: heading
HEADING: True
BOLD: False
NUMBERED: True
FONT SIZE: 10.0
TEXT: 2 state the name and type of pathogen that causes each of the
2026-08-21 17:24:44.992 | INFO     | app.worker:process_document:58 - 
BLOCK 12
TYPE: paragraph
HEADING: False
BOLD: False
NUMBERED: False
FONT SIZE: 10.0
TEXT: following diseases:
2026-08-21 17:24:44.992 | INFO     | app.worker:process_document:58 - 
BLOCK 13
TYPE: paragraph
HEADING: False
BOLD: False
NUMBERED: False
FONT SIZE: 10.0
TEXT: • cholera – caused by the bacterium Vibrio cholerae
2026-08-21 17:24:44.993 | INFO     | app.worker:process_document:58 - 
BLOCK 14
TYPE: paragraph
HEADING: False
BOLD: False
NUMBERED: False
FONT SIZE: 10.0
TEXT: • malaria – caused by the protoctists Plasmodium
2026-08-21 17:24:44.994 | INFO     | app.worker:process_document:58 - 
BLOCK 15
TYPE: paragraph
HEADING: False
BOLD: False
NUMBERED: False
FONT SIZE: 10.0
TEXT: falciparum , Plasmodium malariae , Plasmodium ovale and
2026-08-21 17:24:44.995 | INFO     | app.worker:process_document:58 - 
BLOCK 16
TYPE: paragraph
HEADING: False
BOLD: False
NUMBERED: False
FONT SIZE: 10.0
TEXT: Plasmodium vivax
2026-08-21 17:24:44.995 | INFO     | app.worker:process_document:58 - 
BLOCK 17
TYPE: paragraph
HEADING: False
BOLD: False
NUMBERED: False
FONT SIZE: 10.0
TEXT: • tuberculosis (TB) – caused by the bacteria Mycobacterium
2026-08-21 17:24:44.996 | INFO     | app.worker:process_document:58 - 
BLOCK 18
TYPE: paragraph
HEADING: False
BOLD: False
NUMBERED: False
FONT SIZE: 10.0
TEXT: tuberculosis and Mycobacterium bovis
2026-08-21 17:24:44.996 | INFO     | app.worker:process_document:58 - 
BLOCK 19
TYPE: paragraph
HEADING: False
BOLD: False
NUMBERED: False
FONT SIZE: 10.0
TEXT: • HIV/AIDS – caused by the human immunodeficiency virus
2026-08-21 17:24:44.997 | INFO     | app.worker:process_document:58 - 
BLOCK 20
TYPE: paragraph
HEADING: False
BOLD: False
NUMBERED: False
FONT SIZE: 10.0
TEXT: (HIV)
2026-08-21 17:24:44.998 | INFO     | app.worker:process_document:58 - 
BLOCK 21
TYPE: heading
HEADING: True
BOLD: False
NUMBERED: True
FONT SIZE: 10.0
TEXT: 3 explain how cholera, malaria, TB and HIV are transmitted
2026-08-21 17:24:44.998 | INFO     | app.worker:process_document:58 - 
BLOCK 22
TYPE: heading
HEADING: True
BOLD: False
NUMBERED: True
FONT SIZE: 10.0
TEXT: 4 discuss the biological, social and economic factors that need
2026-08-21 17:24:44.999 | INFO     | app.worker:process_document:58 - 
BLOCK 23
TYPE: paragraph
HEADING: False
BOLD: False
NUMBERED: False
FONT SIZE: 10.0
TEXT: to be considered in the prevention and control of cholera,
2026-08-21 17:24:45.000 | INFO     | app.worker:process_document:58 - 
BLOCK 24
TYPE: paragraph
HEADING: False
BOLD: False
NUMBERED: False
FONT SIZE: 10.0
TEXT: malaria, TB and HIV (details of the life cycle of the malarial
2026-08-21 17:24:45.001 | INFO     | app.worker:process_document:58 - 
BLOCK 25
TYPE: paragraph
HEADING: False
BOLD: False
NUMBERED: False
FONT SIZE: 10.0
TEXT: parasite are not expected)
2026-08-21 17:24:45.001 | INFO     | app.worker:process_document:58 - 
BLOCK 26
TYPE: heading
HEADING: True
BOLD: False
NUMBERED: True
FONT SIZE: 10.0
TEXT: 10.2 Antibiotics Learning outcomes
2026-08-21 17:24:45.002 | INFO     | app.worker:process_document:58 - 
BLOCK 27
TYPE: paragraph
HEADING: False
BOLD: False
NUMBERED: False
FONT SIZE: 10.0
TEXT: Candidates should be able to:
2026-08-21 17:24:45.002 | INFO     | app.worker:process_document:58 - 
BLOCK 28
TYPE: heading
HEADING: True
BOLD: False
NUMBERED: True
FONT SIZE: 10.0
TEXT: 1 outline how penicillin acts on bacteria and why antibiotics do
2026-08-21 17:24:45.003 | INFO     | app.worker:process_document:58 - 
BLOCK 29
TYPE: paragraph
HEADING: False
BOLD: False
NUMBERED: False
FONT SIZE: 10.0
TEXT: not affect viruses
2026-08-21 17:24:45.003 | INFO     | app.worker:process_document:58 - 
BLOCK 30
TYPE: heading
HEADING: True
BOLD: False
NUMBERED: True
FONT SIZE: 10.0
TEXT: 2 discuss the consequences of antibiotic resistance and the
2026-08-21 17:24:45.004 | INFO     | app.worker:process_document:58 - 
BLOCK 31
TYPE: paragraph
HEADING: False
BOLD: False
NUMBERED: False
FONT SIZE: 10.0
TEXT: steps that can be taken to reduce its impact
2026-08-21 17:24:45.004 | INFO     | app.worker:process_document:58 - 
BLOCK 32
TYPE: paragraph
HEADING: False
BOLD: False
NUMBERED: False
FONT SIZE: 9.17
TEXT: Back to contents page www.cambridgeinternational.org/alevel 31
2026-08-21 17:24:45.006 | INFO     | app.worker:process_document:52 - 
PAGE 32 (34 blocks)
2026-08-21 17:24:45.006 | INFO     | app.worker:process_document:58 - 
BLOCK 0
TYPE: paragraph
HEADING: False
BOLD: False
NUMBERED: False
FONT SIZE: 9.0
TEXT: Cambridge International AS & A Level Biology 9700 syllabus for 2028, 2029 and 2030. Subject content
2026-08-21 17:24:45.007 | INFO     | app.worker:process_document:58 - 
BLOCK 1
TYPE: heading
HEADING: True
BOLD: False
NUMBERED: True
FONT SIZE: 10.0
TEXT: 11 Immunity
2026-08-21 17:24:45.007 | INFO     | app.worker:process_document:58 - 
BLOCK 2
TYPE: paragraph
HEADING: False
BOLD: False
NUMBERED: False
FONT SIZE: 10.0
TEXT: An understanding of the immune system shows how cells and molecules function together to protect the
2026-08-21 17:24:45.008 | INFO     | app.worker:process_document:58 - 
BLOCK 3
TYPE: paragraph
HEADING: False
BOLD: False
NUMBERED: False
FONT SIZE: 10.0
TEXT: body against infectious diseases and how, after an initial infection, the body is protected from subsequent
2026-08-21 17:24:45.008 | INFO     | app.worker:process_document:58 - 
BLOCK 4
TYPE: paragraph
HEADING: False
BOLD: False
NUMBERED: False
FONT SIZE: 10.0
TEXT: infections by the same pathogen. Phagocytosis is an immediate non-specific part of the immune system,
2026-08-21 17:24:45.009 | INFO     | app.worker:process_document:58 - 
BLOCK 5
TYPE: paragraph
HEADING: False
BOLD: False
NUMBERED: False
FONT SIZE: 10.0
TEXT: while the actions of lymphocytes provide effective defence against specific pathogens.
2026-08-21 17:24:45.009 | INFO     | app.worker:process_document:58 - 
BLOCK 6
TYPE: heading
HEADING: True
BOLD: False
NUMBERED: True
FONT SIZE: 10.0
TEXT: 11.1 The immune system Learning outcomes
2026-08-21 17:24:45.010 | INFO     | app.worker:process_document:58 - 
BLOCK 7
TYPE: paragraph
HEADING: False
BOLD: False
NUMBERED: False
FONT SIZE: 10.0
TEXT: Candidates should be able to:
2026-08-21 17:24:45.011 | INFO     | app.worker:process_document:58 - 
BLOCK 8
TYPE: heading
HEADING: True
BOLD: False
NUMBERED: True
FONT SIZE: 10.0
TEXT: 1 describe the mode of action of phagocytes (macrophages
2026-08-21 17:24:45.011 | INFO     | app.worker:process_document:58 - 
BLOCK 9
TYPE: paragraph
HEADING: False
BOLD: False
NUMBERED: False
FONT SIZE: 10.0
TEXT: and neutrophils)
2026-08-21 17:24:45.012 | INFO     | app.worker:process_document:58 - 
BLOCK 10
TYPE: heading
HEADING: True
BOLD: False
NUMBERED: True
FONT SIZE: 10.0
TEXT: 2 explain what is meant by an antigen (see 4.1.3) and state the
2026-08-21 17:24:45.012 | INFO     | app.worker:process_document:58 - 
BLOCK 11
TYPE: paragraph
HEADING: False
BOLD: False
NUMBERED: False
FONT SIZE: 10.0
TEXT: difference between self antigens and non-self antigens
2026-08-21 17:24:45.013 | INFO     | app.worker:process_document:58 - 
BLOCK 12
TYPE: heading
HEADING: True
BOLD: False
NUMBERED: True
FONT SIZE: 10.0
TEXT: 3 describe the sequence of events that occurs during a primary
2026-08-21 17:24:45.013 | INFO     | app.worker:process_document:58 - 
BLOCK 13
TYPE: paragraph
HEADING: False
BOLD: False
NUMBERED: False
FONT SIZE: 10.0
TEXT: immune response with reference to the roles of:
2026-08-21 17:24:45.014 | INFO     | app.worker:process_document:58 - 
BLOCK 14
TYPE: paragraph
HEADING: False
BOLD: False
NUMBERED: False
FONT SIZE: 10.0
TEXT: • macrophages
2026-08-21 17:24:45.014 | INFO     | app.worker:process_document:58 - 
BLOCK 15
TYPE: paragraph
HEADING: False
BOLD: False
NUMBERED: False
FONT SIZE: 10.0
TEXT: • B-lymphocytes, including plasma cells
2026-08-21 17:24:45.015 | INFO     | app.worker:process_document:58 - 
BLOCK 16
TYPE: paragraph
HEADING: False
BOLD: False
NUMBERED: False
FONT SIZE: 10.0
TEXT: • T-lymphocytes, limited to T-helper cells and T-killer cells
2026-08-21 17:24:45.017 | INFO     | app.worker:process_document:58 - 
BLOCK 17
TYPE: heading
HEADING: True
BOLD: False
NUMBERED: True
FONT SIZE: 10.0
TEXT: 4 explain the role of memory cells in the secondary immune
2026-08-21 17:24:45.018 | INFO     | app.worker:process_document:58 - 
BLOCK 18
TYPE: paragraph
HEADING: False
BOLD: False
NUMBERED: False
FONT SIZE: 10.0
TEXT: response and in long-term immunity
2026-08-21 17:24:45.018 | INFO     | app.worker:process_document:58 - 
BLOCK 19
TYPE: heading
HEADING: True
BOLD: False
NUMBERED: True
FONT SIZE: 10.0
TEXT: 11.2 Antibodies and vaccination Learning outcomes
2026-08-21 17:24:45.019 | INFO     | app.worker:process_document:58 - 
BLOCK 20
TYPE: paragraph
HEADING: False
BOLD: False
NUMBERED: False
FONT SIZE: 10.0
TEXT: Candidates should be able to:
2026-08-21 17:24:45.019 | INFO     | app.worker:process_document:58 - 
BLOCK 21
TYPE: heading
HEADING: True
BOLD: False
NUMBERED: True
FONT SIZE: 10.0
TEXT: 1 relate the molecular structure of antibodies to their functions
2026-08-21 17:24:45.020 | INFO     | app.worker:process_document:58 - 
BLOCK 22
TYPE: heading
HEADING: True
BOLD: False
NUMBERED: True
FONT SIZE: 10.0
TEXT: 2 outline the hybridoma method for the production of
2026-08-21 17:24:45.020 | INFO     | app.worker:process_document:58 - 
BLOCK 23
TYPE: paragraph
HEADING: False
BOLD: False
NUMBERED: False
FONT SIZE: 10.0
TEXT: monoclonal antibodies
2026-08-21 17:24:45.021 | INFO     | app.worker:process_document:58 - 
BLOCK 24
TYPE: heading
HEADING: True
BOLD: False
NUMBERED: True
FONT SIZE: 10.0
TEXT: 3 outline the principles of using monoclonal antibodies in the
2026-08-21 17:24:45.021 | INFO     | app.worker:process_document:58 - 
BLOCK 25
TYPE: paragraph
HEADING: False
BOLD: False
NUMBERED: False
FONT SIZE: 10.0
TEXT: diagnosis of disease and in the treatment of disease
2026-08-21 17:24:45.022 | INFO     | app.worker:process_document:58 - 
BLOCK 26
TYPE: heading
HEADING: True
BOLD: False
NUMBERED: True
FONT SIZE: 10.0
TEXT: 4 describe the differences between active immunity and
2026-08-21 17:24:45.022 | INFO     | app.worker:process_document:58 - 
BLOCK 27
TYPE: paragraph
HEADING: False
BOLD: False
NUMBERED: False
FONT SIZE: 10.0
TEXT: passive immunity and between natural immunity and artificial
2026-08-21 17:24:45.023 | INFO     | app.worker:process_document:58 - 
BLOCK 28
TYPE: paragraph
HEADING: False
BOLD: False
NUMBERED: False
FONT SIZE: 10.0
TEXT: immunity
2026-08-21 17:24:45.024 | INFO     | app.worker:process_document:58 - 
BLOCK 29
TYPE: heading
HEADING: True
BOLD: False
NUMBERED: True
FONT SIZE: 10.0
TEXT: 5 explain that vaccines contain antigens that stimulate immune
2026-08-21 17:24:45.025 | INFO     | app.worker:process_document:58 - 
BLOCK 30
TYPE: paragraph
HEADING: False
BOLD: False
NUMBERED: False
FONT SIZE: 10.0
TEXT: responses to provide long-term immunity
2026-08-21 17:24:45.025 | INFO     | app.worker:process_document:58 - 
BLOCK 31
TYPE: heading
HEADING: True
BOLD: False
NUMBERED: True
FONT SIZE: 10.0
TEXT: 6 explain how vaccination programmes can help to control the
2026-08-21 17:24:45.025 | INFO     | app.worker:process_document:58 - 
BLOCK 32
TYPE: paragraph
HEADING: False
BOLD: False
NUMBERED: False
FONT SIZE: 10.0
TEXT: spread of infectious diseases
2026-08-21 17:24:45.026 | INFO     | app.worker:process_document:58 - 
BLOCK 33
TYPE: paragraph
HEADING: False
BOLD: False
NUMBERED: False
FONT SIZE: 9.17
TEXT: Back to contents page www.cambridgeinternational.org/alevel 32
2026-08-21 17:24:45.027 | INFO     | app.worker:process_document:52 - 
PAGE 33 (32 blocks)
2026-08-21 17:24:45.027 | INFO     | app.worker:process_document:58 - 
BLOCK 0
TYPE: paragraph
HEADING: False
BOLD: False
NUMBERED: False
FONT SIZE: 9.0
TEXT: Cambridge International AS & A Level Biology 9700 syllabus for 2028, 2029 and 2030. Subject content
2026-08-21 17:24:45.028 | INFO     | app.worker:process_document:58 - 
BLOCK 1
TYPE: paragraph
HEADING: False
BOLD: False
NUMBERED: False
FONT SIZE: 16.0
TEXT: A Level subject content
2026-08-21 17:24:45.028 | INFO     | app.worker:process_document:58 - 
BLOCK 2
TYPE: heading
HEADING: True
BOLD: False
NUMBERED: True
FONT SIZE: 10.0
TEXT: 12 Energy and respiration
2026-08-21 17:24:45.029 | INFO     | app.worker:process_document:58 - 
BLOCK 3
TYPE: paragraph
HEADING: False
BOLD: False
NUMBERED: False
FONT SIZE: 10.0
TEXT: Energy is a fundamental concept in biology. All living organisms require a source of cellular energy to drive
2026-08-21 17:24:45.030 | INFO     | app.worker:process_document:58 - 
BLOCK 4
TYPE: paragraph
HEADING: False
BOLD: False
NUMBERED: False
FONT SIZE: 10.0
TEXT: their various activities. All organisms respire by using enzyme-catalysed reactions to release energy from
2026-08-21 17:24:45.030 | INFO     | app.worker:process_document:58 - 
BLOCK 5
TYPE: paragraph
HEADING: False
BOLD: False
NUMBERED: False
FONT SIZE: 10.0
TEXT: energy-rich molecules such as glucose and fatty acids and transfer that energy to ATP. ATP is the universal
2026-08-21 17:24:45.031 | INFO     | app.worker:process_document:58 - 
BLOCK 6
TYPE: paragraph
HEADING: False
BOLD: False
NUMBERED: False
FONT SIZE: 10.0
TEXT: energy currency of cells. In eukaryotes, aerobic respiration occurs in mitochondria.
2026-08-21 17:24:45.031 | INFO     | app.worker:process_document:58 - 
BLOCK 7
TYPE: paragraph
HEADING: False
BOLD: False
NUMBERED: False
FONT SIZE: 10.0
TEXT: The practical activities in this topic give opportunities for candidates to plan investigations, analyse and
2026-08-21 17:24:45.032 | INFO     | app.worker:process_document:58 - 
BLOCK 8
TYPE: paragraph
HEADING: False
BOLD: False
NUMBERED: False
FONT SIZE: 10.0
TEXT: interpret data and evaluate experimental procedures and the quality of the data collected.
2026-08-21 17:24:45.033 | INFO     | app.worker:process_document:58 - 
BLOCK 9
TYPE: heading
HEADING: True
BOLD: False
NUMBERED: True
FONT SIZE: 10.0
TEXT: 12.1 Energy Learning outcomes
2026-08-21 17:24:45.034 | INFO     | app.worker:process_document:58 - 
BLOCK 10
TYPE: paragraph
HEADING: False
BOLD: False
NUMBERED: False
FONT SIZE: 10.0
TEXT: Candidates should be able to:
2026-08-21 17:24:45.035 | INFO     | app.worker:process_document:58 - 
BLOCK 11
TYPE: heading
HEADING: True
BOLD: False
NUMBERED: True
FONT SIZE: 10.0
TEXT: 1 outline the need for energy in living organisms, as illustrated
2026-08-21 17:24:45.036 | INFO     | app.worker:process_document:58 - 
BLOCK 12
TYPE: paragraph
HEADING: False
BOLD: False
NUMBERED: False
FONT SIZE: 10.0
TEXT: by active transport, movement and anabolic reactions, such
2026-08-21 17:24:45.036 | INFO     | app.worker:process_document:58 - 
BLOCK 13
TYPE: paragraph
HEADING: False
BOLD: False
NUMBERED: False
FONT SIZE: 10.0
TEXT: as those occurring in DNA replication and protein synthesis
2026-08-21 17:24:45.037 | INFO     | app.worker:process_document:58 - 
BLOCK 14
TYPE: heading
HEADING: True
BOLD: False
NUMBERED: True
FONT SIZE: 10.0
TEXT: 2 describe the features of ATP that make it suitable as the
2026-08-21 17:24:45.037 | INFO     | app.worker:process_document:58 - 
BLOCK 15
TYPE: paragraph
HEADING: False
BOLD: False
NUMBERED: False
FONT SIZE: 10.0
TEXT: universal energy currency
2026-08-21 17:24:45.038 | INFO     | app.worker:process_document:58 - 
BLOCK 16
TYPE: heading
HEADING: True
BOLD: False
NUMBERED: True
FONT SIZE: 10.0
TEXT: 3 state that ATP is synthesised by:
2026-08-21 17:24:45.038 | INFO     | app.worker:process_document:58 - 
BLOCK 17
TYPE: paragraph
HEADING: False
BOLD: False
NUMBERED: False
FONT SIZE: 10.0
TEXT: • transfer of phosphate in substrate-linked reactions
2026-08-21 17:24:45.039 | INFO     | app.worker:process_document:58 - 
BLOCK 18
TYPE: paragraph
HEADING: False
BOLD: False
NUMBERED: False
FONT SIZE: 10.0
TEXT: • chemiosmosis in membranes of mitochondria and
2026-08-21 17:24:45.039 | INFO     | app.worker:process_document:58 - 
BLOCK 19
TYPE: paragraph
HEADING: False
BOLD: False
NUMBERED: False
FONT SIZE: 10.0
TEXT: chloroplasts
2026-08-21 17:24:45.040 | INFO     | app.worker:process_document:58 - 
BLOCK 20
TYPE: heading
HEADING: True
BOLD: False
NUMBERED: True
FONT SIZE: 10.0
TEXT: 4 explain the relative energy values of carbohydrates, lipids and
2026-08-21 17:24:45.042 | INFO     | app.worker:process_document:58 - 
BLOCK 21
TYPE: paragraph
HEADING: False
BOLD: False
NUMBERED: False
FONT SIZE: 10.0
TEXT: proteins as respiratory substrates
2026-08-21 17:24:45.043 | INFO     | app.worker:process_document:58 - 
BLOCK 22
TYPE: heading
HEADING: True
BOLD: False
NUMBERED: True
FONT SIZE: 10.0
TEXT: 5 state that the respiratory quotient (RQ) is the ratio of the
2026-08-21 17:24:45.043 | INFO     | app.worker:process_document:58 - 
BLOCK 23
TYPE: paragraph
HEADING: False
BOLD: False
NUMBERED: False
FONT SIZE: 10.0
TEXT: number of molecules of carbon dioxide produced to the
2026-08-21 17:24:45.044 | INFO     | app.worker:process_document:58 - 
BLOCK 24
TYPE: paragraph
HEADING: False
BOLD: False
NUMBERED: False
FONT SIZE: 10.0
TEXT: number of molecules of oxygen taken in, as a result of
2026-08-21 17:24:45.045 | INFO     | app.worker:process_document:58 - 
BLOCK 25
TYPE: paragraph
HEADING: False
BOLD: False
NUMBERED: False
FONT SIZE: 10.0
TEXT: respiration
2026-08-21 17:24:45.046 | INFO     | app.worker:process_document:58 - 
BLOCK 26
TYPE: heading
HEADING: True
BOLD: False
NUMBERED: True
FONT SIZE: 10.0
TEXT: 6 calculate RQ values of different respiratory substrates from
2026-08-21 17:24:45.047 | INFO     | app.worker:process_document:58 - 
BLOCK 27
TYPE: paragraph
HEADING: False
BOLD: False
NUMBERED: False
FONT SIZE: 10.0
TEXT: equations for respiration
2026-08-21 17:24:45.048 | INFO     | app.worker:process_document:58 - 
BLOCK 28
TYPE: heading
HEADING: True
BOLD: False
NUMBERED: True
FONT SIZE: 10.0
TEXT: 7 describe and carry out investigations, using simple
2026-08-21 17:24:45.050 | INFO     | app.worker:process_document:58 - 
BLOCK 29
TYPE: paragraph
HEADING: False
BOLD: False
NUMBERED: False
FONT SIZE: 10.0
TEXT: respirometers, to determine the RQ of germinating seeds or
2026-08-21 17:24:45.050 | INFO     | app.worker:process_document:58 - 
BLOCK 30
TYPE: paragraph
HEADING: False
BOLD: False
NUMBERED: False
FONT SIZE: 10.0
TEXT: small invertebrates (e.g. blowfly larvae)
2026-08-21 17:24:45.051 | INFO     | app.worker:process_document:58 - 
BLOCK 31
TYPE: paragraph
HEADING: False
BOLD: False
NUMBERED: False
FONT SIZE: 9.17
TEXT: Back to contents page www.cambridgeinternational.org/alevel 33
2026-08-21 17:24:45.051 | INFO     | app.worker:process_document:52 - 
PAGE 34 (45 blocks)
2026-08-21 17:24:45.052 | INFO     | app.worker:process_document:58 - 
BLOCK 0
TYPE: paragraph
HEADING: False
BOLD: False
NUMBERED: False
FONT SIZE: 9.0
TEXT: Cambridge International AS & A Level Biology 9700 syllabus for 2028, 2029 and 2030. Subject content
2026-08-21 17:24:45.052 | INFO     | app.worker:process_document:58 - 
BLOCK 1
TYPE: heading
HEADING: True
BOLD: False
NUMBERED: True
FONT SIZE: 10.0
TEXT: 12.2 Respiration Learning outcomes
2026-08-21 17:24:45.052 | INFO     | app.worker:process_document:58 - 
BLOCK 2
TYPE: paragraph
HEADING: False
BOLD: False
NUMBERED: False
FONT SIZE: 10.0
TEXT: Candidates should be able to:
2026-08-21 17:24:45.053 | INFO     | app.worker:process_document:58 - 
BLOCK 3
TYPE: heading
HEADING: True
BOLD: False
NUMBERED: True
FONT SIZE: 10.0
TEXT: 1 State where each of the four stages in aerobic respiration
2026-08-21 17:24:45.053 | INFO     | app.worker:process_document:58 - 
BLOCK 4
TYPE: paragraph
HEADING: False
BOLD: False
NUMBERED: False
FONT SIZE: 10.0
TEXT: occurs in eukaryotic cells:
2026-08-21 17:24:45.054 | INFO     | app.worker:process_document:58 - 
BLOCK 5
TYPE: paragraph
HEADING: False
BOLD: False
NUMBERED: False
FONT SIZE: 10.0
TEXT: • glycolysis in the cytoplasm
2026-08-21 17:24:45.054 | INFO     | app.worker:process_document:58 - 
BLOCK 6
TYPE: paragraph
HEADING: False
BOLD: False
NUMBERED: False
FONT SIZE: 10.0
TEXT: • link reaction in the mitochondrial matrix
2026-08-21 17:24:45.055 | INFO     | app.worker:process_document:58 - 
BLOCK 7
TYPE: paragraph
HEADING: False
BOLD: False
NUMBERED: False
FONT SIZE: 10.0
TEXT: • Krebs cycle in the mitochondrial matrix
2026-08-21 17:24:45.056 | INFO     | app.worker:process_document:58 - 
BLOCK 8
TYPE: paragraph
HEADING: False
BOLD: False
NUMBERED: False
FONT SIZE: 10.0
TEXT: • oxidative phosphorylation on the inner membrane of
2026-08-21 17:24:45.057 | INFO     | app.worker:process_document:58 - 
BLOCK 9
TYPE: paragraph
HEADING: False
BOLD: False
NUMBERED: False
FONT SIZE: 10.0
TEXT: mitochondria
2026-08-21 17:24:45.058 | INFO     | app.worker:process_document:58 - 
BLOCK 10
TYPE: heading
HEADING: True
BOLD: False
NUMBERED: True
FONT SIZE: 10.0
TEXT: 2 outline glycolysis as phosphorylation of glucose and the
2026-08-21 17:24:45.058 | INFO     | app.worker:process_document:58 - 
BLOCK 11
TYPE: paragraph
HEADING: False
BOLD: False
NUMBERED: False
FONT SIZE: 10.0
TEXT: subsequent splitting of fructose 1,6-bisphosphate (6C) into
2026-08-21 17:24:45.058 | INFO     | app.worker:process_document:58 - 
BLOCK 12
TYPE: paragraph
HEADING: False
BOLD: False
NUMBERED: False
FONT SIZE: 10.0
TEXT: two triose phosphate molecules (3C), which are then further
2026-08-21 17:24:45.059 | INFO     | app.worker:process_document:58 - 
BLOCK 13
TYPE: paragraph
HEADING: False
BOLD: False
NUMBERED: False
FONT SIZE: 10.0
TEXT: oxidised to pyruvate (3C), with the production of ATP and
2026-08-21 17:24:45.059 | INFO     | app.worker:process_document:58 - 
BLOCK 14
TYPE: paragraph
HEADING: False
BOLD: False
NUMBERED: False
FONT SIZE: 10.0
TEXT: reduced NAD
2026-08-21 17:24:45.060 | INFO     | app.worker:process_document:58 - 
BLOCK 15
TYPE: heading
HEADING: True
BOLD: False
NUMBERED: True
FONT SIZE: 10.0
TEXT: 3 explain that, when oxygen is available, pyruvate enters
2026-08-21 17:24:45.060 | INFO     | app.worker:process_document:58 - 
BLOCK 16
TYPE: paragraph
HEADING: False
BOLD: False
NUMBERED: False
FONT SIZE: 10.0
TEXT: mitochondria to take part in the link reaction
2026-08-21 17:24:45.061 | INFO     | app.worker:process_document:58 - 
BLOCK 17
TYPE: heading
HEADING: True
BOLD: False
NUMBERED: True
FONT SIZE: 10.0
TEXT: 4 describe the link reaction, including the role of coenzyme A in
2026-08-21 17:24:45.062 | INFO     | app.worker:process_document:58 - 
BLOCK 18
TYPE: paragraph
HEADING: False
BOLD: False
NUMBERED: False
FONT SIZE: 10.0
TEXT: the transfer of acetyl (2C) groups
2026-08-21 17:24:45.063 | INFO     | app.worker:process_document:58 - 
BLOCK 19
TYPE: heading
HEADING: True
BOLD: False
NUMBERED: True
FONT SIZE: 10.0
TEXT: 5 outline the Krebs cycle, explaining that oxaloacetate (4C) acts
2026-08-21 17:24:45.063 | INFO     | app.worker:process_document:58 - 
BLOCK 20
TYPE: paragraph
HEADING: False
BOLD: False
NUMBERED: False
FONT SIZE: 10.0
TEXT: as an acceptor of the 2C fragment from acetyl coenzyme A to
2026-08-21 17:24:45.064 | INFO     | app.worker:process_document:58 - 
BLOCK 21
TYPE: paragraph
HEADING: False
BOLD: False
NUMBERED: False
FONT SIZE: 10.0
TEXT: form citrate (6C), which is converted back to oxaloacetate in a
2026-08-21 17:24:45.065 | INFO     | app.worker:process_document:58 - 
BLOCK 22
TYPE: paragraph
HEADING: False
BOLD: False
NUMBERED: False
FONT SIZE: 10.0
TEXT: series of small steps
2026-08-21 17:24:45.066 | INFO     | app.worker:process_document:58 - 
BLOCK 23
TYPE: heading
HEADING: True
BOLD: False
NUMBERED: True
FONT SIZE: 10.0
TEXT: 6 explain that reactions in the Krebs cycle involve
2026-08-21 17:24:45.067 | INFO     | app.worker:process_document:58 - 
BLOCK 24
TYPE: paragraph
HEADING: False
BOLD: False
NUMBERED: False
FONT SIZE: 10.0
TEXT: decarboxylation and dehydrogenation and the reduction of
2026-08-21 17:24:45.068 | INFO     | app.worker:process_document:58 - 
BLOCK 25
TYPE: paragraph
HEADING: False
BOLD: False
NUMBERED: False
FONT SIZE: 10.0
TEXT: the coenzymes NAD and FAD
2026-08-21 17:24:45.068 | INFO     | app.worker:process_document:58 - 
BLOCK 26
TYPE: heading
HEADING: True
BOLD: False
NUMBERED: True
FONT SIZE: 10.0
TEXT: 7 describe the role of NAD and FAD in transferring hydrogen to
2026-08-21 17:24:45.069 | INFO     | app.worker:process_document:58 - 
BLOCK 27
TYPE: paragraph
HEADING: False
BOLD: False
NUMBERED: False
FONT SIZE: 10.0
TEXT: carriers in the inner mitochondrial membrane
2026-08-21 17:24:45.069 | INFO     | app.worker:process_document:58 - 
BLOCK 28
TYPE: heading
HEADING: True
BOLD: False
NUMBERED: True
FONT SIZE: 10.0
TEXT: 8 explain that during oxidative phosphorylation:
2026-08-21 17:24:45.070 | INFO     | app.worker:process_document:58 - 
BLOCK 29
TYPE: paragraph
HEADING: False
BOLD: False
NUMBERED: False
FONT SIZE: 10.0
TEXT: • hydrogen atoms split into protons and energetic electrons
2026-08-21 17:24:45.070 | INFO     | app.worker:process_document:58 - 
BLOCK 30
TYPE: paragraph
HEADING: False
BOLD: False
NUMBERED: False
FONT SIZE: 10.0
TEXT: • energetic electrons release energy as they pass through
2026-08-21 17:24:45.071 | INFO     | app.worker:process_document:58 - 
BLOCK 31
TYPE: paragraph
HEADING: False
BOLD: False
NUMBERED: False
FONT SIZE: 10.0
TEXT: the electron transport chain (details of carriers are not
2026-08-21 17:24:45.071 | INFO     | app.worker:process_document:58 - 
BLOCK 32
TYPE: paragraph
HEADING: False
BOLD: False
NUMBERED: False
FONT SIZE: 10.0
TEXT: expected)
2026-08-21 17:24:45.072 | INFO     | app.worker:process_document:58 - 
BLOCK 33
TYPE: paragraph
HEADING: False
BOLD: False
NUMBERED: False
FONT SIZE: 10.0
TEXT: • the released energy is used to transfer protons across the
2026-08-21 17:24:45.075 | INFO     | app.worker:process_document:58 - 
BLOCK 34
TYPE: paragraph
HEADING: False
BOLD: False
NUMBERED: False
FONT SIZE: 10.0
TEXT: inner mitochondrial membrane
2026-08-21 17:24:45.076 | INFO     | app.worker:process_document:58 - 
BLOCK 35
TYPE: paragraph
HEADING: False
BOLD: False
NUMBERED: False
FONT SIZE: 10.0
TEXT: • protons return to the mitochondrial matrix by facilitated
2026-08-21 17:24:45.077 | INFO     | app.worker:process_document:58 - 
BLOCK 36
TYPE: paragraph
HEADING: False
BOLD: False
NUMBERED: False
FONT SIZE: 10.0
TEXT: diffusion through ATP synthase, providing energy for ATP
2026-08-21 17:24:45.078 | INFO     | app.worker:process_document:58 - 
BLOCK 37
TYPE: paragraph
HEADING: False
BOLD: False
NUMBERED: False
FONT SIZE: 10.0
TEXT: synthesis (details of ATP synthase are not expected)
2026-08-21 17:24:45.078 | INFO     | app.worker:process_document:58 - 
BLOCK 38
TYPE: paragraph
HEADING: False
BOLD: False
NUMBERED: False
FONT SIZE: 10.0
TEXT: • oxygen acts as the final electron acceptor to form water
2026-08-21 17:24:45.079 | INFO     | app.worker:process_document:58 - 
BLOCK 39
TYPE: heading
HEADING: True
BOLD: False
NUMBERED: True
FONT SIZE: 10.0
TEXT: 9 describe the relationship between the structure and function
2026-08-21 17:24:45.080 | INFO     | app.worker:process_document:58 - 
BLOCK 40
TYPE: paragraph
HEADING: False
BOLD: False
NUMBERED: False
FONT SIZE: 10.0
TEXT: of mitochondria using diagrams and electron micrographs
2026-08-21 17:24:45.081 | INFO     | app.worker:process_document:58 - 
BLOCK 41
TYPE: heading
HEADING: True
BOLD: False
NUMBERED: True
FONT SIZE: 10.0
TEXT: 10 outline respiration in anaerobic conditions in mammals (lactate
2026-08-21 17:24:45.083 | INFO     | app.worker:process_document:58 - 
BLOCK 42
TYPE: paragraph
HEADING: False
BOLD: False
NUMBERED: False
FONT SIZE: 10.0
TEXT: fermentation) and in yeast cells (ethanol fermentation)
2026-08-21 17:24:45.083 | INFO     | app.worker:process_document:58 - 
BLOCK 43
TYPE: paragraph
HEADING: False
BOLD: False
NUMBERED: False
FONT SIZE: 10.0
TEXT: continued
2026-08-21 17:24:45.084 | INFO     | app.worker:process_document:58 - 
BLOCK 44
TYPE: paragraph
HEADING: False
BOLD: False
NUMBERED: False
FONT SIZE: 9.17
TEXT: Back to contents page www.cambridgeinternational.org/alevel 34
2026-08-21 17:24:45.084 | INFO     | app.worker:process_document:52 - 
PAGE 35 (19 blocks)
2026-08-21 17:24:45.085 | INFO     | app.worker:process_document:58 - 
BLOCK 0
TYPE: paragraph
HEADING: False
BOLD: False
NUMBERED: False
FONT SIZE: 9.0
TEXT: Cambridge International AS & A Level Biology 9700 syllabus for 2028, 2029 and 2030. Subject content
2026-08-21 17:24:45.086 | INFO     | app.worker:process_document:58 - 
BLOCK 1
TYPE: heading
HEADING: True
BOLD: False
NUMBERED: True
FONT SIZE: 10.0
TEXT: 12.2 Respiration continued Learning outcomes
2026-08-21 17:24:45.087 | INFO     | app.worker:process_document:58 - 
BLOCK 2
TYPE: paragraph
HEADING: False
BOLD: False
NUMBERED: False
FONT SIZE: 10.0
TEXT: Candidates should be able to:
2026-08-21 17:24:45.087 | INFO     | app.worker:process_document:58 - 
BLOCK 3
TYPE: heading
HEADING: True
BOLD: False
NUMBERED: True
FONT SIZE: 10.0
TEXT: 11 explain why the energy yield from respiration in aerobic
2026-08-21 17:24:45.088 | INFO     | app.worker:process_document:58 - 
BLOCK 4
TYPE: paragraph
HEADING: False
BOLD: False
NUMBERED: False
FONT SIZE: 10.0
TEXT: conditions is much greater than the energy yield from
2026-08-21 17:24:45.089 | INFO     | app.worker:process_document:58 - 
BLOCK 5
TYPE: paragraph
HEADING: False
BOLD: False
NUMBERED: False
FONT SIZE: 10.0
TEXT: respiration in anaerobic conditions (a detailed account of the
2026-08-21 17:24:45.090 | INFO     | app.worker:process_document:58 - 
BLOCK 6
TYPE: paragraph
HEADING: False
BOLD: False
NUMBERED: False
FONT SIZE: 10.0
TEXT: total yield of ATP from the aerobic respiration of glucose is not
2026-08-21 17:24:45.090 | INFO     | app.worker:process_document:58 - 
BLOCK 7
TYPE: paragraph
HEADING: False
BOLD: False
NUMBERED: False
FONT SIZE: 10.0
TEXT: expected)
2026-08-21 17:24:45.091 | INFO     | app.worker:process_document:58 - 
BLOCK 8
TYPE: heading
HEADING: True
BOLD: False
NUMBERED: True
FONT SIZE: 10.0
TEXT: 12 explain how rice is adapted to grow with its roots submerged
2026-08-21 17:24:45.092 | INFO     | app.worker:process_document:58 - 
BLOCK 9
TYPE: paragraph
HEADING: False
BOLD: False
NUMBERED: False
FONT SIZE: 10.0
TEXT: in water, limited to the development of aerenchyma in roots,
2026-08-21 17:24:45.093 | INFO     | app.worker:process_document:58 - 
BLOCK 10
TYPE: paragraph
HEADING: False
BOLD: False
NUMBERED: False
FONT SIZE: 10.0
TEXT: ethanol fermentation in roots and faster growth of stems
2026-08-21 17:24:45.093 | INFO     | app.worker:process_document:58 - 
BLOCK 11
TYPE: heading
HEADING: True
BOLD: False
NUMBERED: True
FONT SIZE: 10.0
TEXT: 13 describe and carry out investigations using redox indicators,
2026-08-21 17:24:45.094 | INFO     | app.worker:process_document:58 - 
BLOCK 12
TYPE: paragraph
HEADING: False
BOLD: False
NUMBERED: False
FONT SIZE: 10.0
TEXT: including DCPIP and methylene blue, to determine the effects
2026-08-21 17:24:45.094 | INFO     | app.worker:process_document:58 - 
BLOCK 13
TYPE: paragraph
HEADING: False
BOLD: False
NUMBERED: False
FONT SIZE: 10.0
TEXT: of temperature and substrate concentration on the rate of
2026-08-21 17:24:45.095 | INFO     | app.worker:process_document:58 - 
BLOCK 14
TYPE: paragraph
HEADING: False
BOLD: False
NUMBERED: False
FONT SIZE: 10.0
TEXT: respiration of yeast
2026-08-21 17:24:45.095 | INFO     | app.worker:process_document:58 - 
BLOCK 15
TYPE: heading
HEADING: True
BOLD: False
NUMBERED: True
FONT SIZE: 10.0
TEXT: 14 describe and carry out investigations using simple
2026-08-21 17:24:45.096 | INFO     | app.worker:process_document:58 - 
BLOCK 16
TYPE: paragraph
HEADING: False
BOLD: False
NUMBERED: False
FONT SIZE: 10.0
TEXT: respirometers to determine the effect of temperature on the
2026-08-21 17:24:45.098 | INFO     | app.worker:process_document:58 - 
BLOCK 17
TYPE: paragraph
HEADING: False
BOLD: False
NUMBERED: False
FONT SIZE: 10.0
TEXT: rate of respiration
2026-08-21 17:24:45.099 | INFO     | app.worker:process_document:58 - 
BLOCK 18
TYPE: paragraph
HEADING: False
BOLD: False
NUMBERED: False
FONT SIZE: 9.17
TEXT: Back to contents page www.cambridgeinternational.org/alevel 35
2026-08-21 17:24:45.100 | INFO     | app.worker:process_document:52 - 
PAGE 36 (47 blocks)
2026-08-21 17:24:45.100 | INFO     | app.worker:process_document:58 - 
BLOCK 0
TYPE: paragraph
HEADING: False
BOLD: False
NUMBERED: False
FONT SIZE: 9.0
TEXT: Cambridge International AS & A Level Biology 9700 syllabus for 2028, 2029 and 2030. Subject content
2026-08-21 17:24:45.101 | INFO     | app.worker:process_document:58 - 
BLOCK 1
TYPE: heading
HEADING: True
BOLD: False
NUMBERED: True
FONT SIZE: 10.0
TEXT: 13 Photosynthesis
2026-08-21 17:24:45.101 | INFO     | app.worker:process_document:58 - 
BLOCK 2
TYPE: paragraph
HEADING: False
BOLD: False
NUMBERED: False
FONT SIZE: 10.0
TEXT: Photosynthesis is the energy transfer process that is the basis of nearly all life on Earth. It provides energy
2026-08-21 17:24:45.102 | INFO     | app.worker:process_document:58 - 
BLOCK 3
TYPE: paragraph
HEADING: False
BOLD: False
NUMBERED: False
FONT SIZE: 10.0
TEXT: directly or indirectly to all the organisms in most food chains. In eukaryotes, the process occurs within
2026-08-21 17:24:45.102 | INFO     | app.worker:process_document:58 - 
BLOCK 4
TYPE: paragraph
HEADING: False
BOLD: False
NUMBERED: False
FONT SIZE: 10.0
TEXT: chloroplasts. Candidates should apply their knowledge of plant cells from Cell structure (Topic 1) and leaf
2026-08-21 17:24:45.103 | INFO     | app.worker:process_document:58 - 
BLOCK 5
TYPE: paragraph
HEADING: False
BOLD: False
NUMBERED: False
FONT SIZE: 10.0
TEXT: structure from Transport in plants (Topic 7) while studying photosynthesis. Various environmental factors
2026-08-21 17:24:45.103 | INFO     | app.worker:process_document:58 - 
BLOCK 6
TYPE: paragraph
HEADING: False
BOLD: False
NUMBERED: False
FONT SIZE: 10.0
TEXT: influence the rate at which photosynthesis occurs.
2026-08-21 17:24:45.104 | INFO     | app.worker:process_document:58 - 
BLOCK 7
TYPE: paragraph
HEADING: False
BOLD: False
NUMBERED: False
FONT SIZE: 10.0
TEXT: The practical activities in this topic give opportunities for candidates to plan investigations, analyse and
2026-08-21 17:24:45.105 | INFO     | app.worker:process_document:58 - 
BLOCK 8
TYPE: paragraph
HEADING: False
BOLD: False
NUMBERED: False
FONT SIZE: 10.0
TEXT: interpret data and evaluate experimental procedures and the quality of the data that they collect.
2026-08-21 17:24:45.106 | INFO     | app.worker:process_document:58 - 
BLOCK 9
TYPE: heading
HEADING: True
BOLD: False
NUMBERED: True
FONT SIZE: 10.0
TEXT: 13.1 Photosynthesis as an Learning outcomes
2026-08-21 17:24:45.107 | INFO     | app.worker:process_document:58 - 
BLOCK 10
TYPE: paragraph
HEADING: False
BOLD: False
NUMBERED: False
FONT SIZE: 10.0
TEXT: energy transfer process Candidates should be able to:
2026-08-21 17:24:45.107 | INFO     | app.worker:process_document:58 - 
BLOCK 11
TYPE: heading
HEADING: True
BOLD: False
NUMBERED: True
FONT SIZE: 10.0
TEXT: 1 describe the relationship between the structure of
2026-08-21 17:24:45.108 | INFO     | app.worker:process_document:58 - 
BLOCK 12
TYPE: paragraph
HEADING: False
BOLD: False
NUMBERED: False
FONT SIZE: 10.0
TEXT: chloroplasts, as shown in diagrams and electron
2026-08-21 17:24:45.108 | INFO     | app.worker:process_document:58 - 
BLOCK 13
TYPE: paragraph
HEADING: False
BOLD: False
NUMBERED: False
FONT SIZE: 10.0
TEXT: micrographs, and their function
2026-08-21 17:24:45.109 | INFO     | app.worker:process_document:58 - 
BLOCK 14
TYPE: heading
HEADING: True
BOLD: False
NUMBERED: True
FONT SIZE: 10.0
TEXT: 2 explain that energy transferred as ATP and reduced NADP
2026-08-21 17:24:45.109 | INFO     | app.worker:process_document:58 - 
BLOCK 15
TYPE: paragraph
HEADING: False
BOLD: False
NUMBERED: False
FONT SIZE: 10.0
TEXT: from the light-dependent stage is used during the light-
2026-08-21 17:24:45.111 | INFO     | app.worker:process_document:58 - 
BLOCK 16
TYPE: paragraph
HEADING: False
BOLD: False
NUMBERED: False
FONT SIZE: 10.0
TEXT: independent stage (Calvin cycle) of photosynthesis to produce
2026-08-21 17:24:45.112 | INFO     | app.worker:process_document:58 - 
BLOCK 17
TYPE: paragraph
HEADING: False
BOLD: False
NUMBERED: False
FONT SIZE: 10.0
TEXT: complex organic molecules
2026-08-21 17:24:45.113 | INFO     | app.worker:process_document:58 - 
BLOCK 18
TYPE: heading
HEADING: True
BOLD: False
NUMBERED: True
FONT SIZE: 10.0
TEXT: 3 state that within a chloroplast, the thylakoids (thylakoid
2026-08-21 17:24:45.114 | INFO     | app.worker:process_document:58 - 
BLOCK 19
TYPE: paragraph
HEADING: False
BOLD: False
NUMBERED: False
FONT SIZE: 10.0
TEXT: membranes and thylakoid spaces), which occur in stacks
2026-08-21 17:24:45.116 | INFO     | app.worker:process_document:58 - 
BLOCK 20
TYPE: paragraph
HEADING: False
BOLD: False
NUMBERED: False
FONT SIZE: 10.0
TEXT: called grana, are the site of the light-dependent stage and the
2026-08-21 17:24:45.118 | INFO     | app.worker:process_document:58 - 
BLOCK 21
TYPE: paragraph
HEADING: False
BOLD: False
NUMBERED: False
FONT SIZE: 10.0
TEXT: stroma is the site of the light-independent stage
2026-08-21 17:24:45.119 | INFO     | app.worker:process_document:58 - 
BLOCK 22
TYPE: heading
HEADING: True
BOLD: False
NUMBERED: True
FONT SIZE: 10.0
TEXT: 4 describe the role of chloroplast pigments (chlorophyll a ,
2026-08-21 17:24:45.120 | INFO     | app.worker:process_document:58 - 
BLOCK 23
TYPE: paragraph
HEADING: False
BOLD: False
NUMBERED: False
FONT SIZE: 10.0
TEXT: chlorophyll b , carotene and xanthophyll) in light absorption in
2026-08-21 17:24:45.121 | INFO     | app.worker:process_document:58 - 
BLOCK 24
TYPE: paragraph
HEADING: False
BOLD: False
NUMBERED: False
FONT SIZE: 10.0
TEXT: thylakoids
2026-08-21 17:24:45.123 | INFO     | app.worker:process_document:58 - 
BLOCK 25
TYPE: heading
HEADING: True
BOLD: False
NUMBERED: True
FONT SIZE: 10.0
TEXT: 5 interpret absorption spectra of chloroplast pigments and
2026-08-21 17:24:45.124 | INFO     | app.worker:process_document:58 - 
BLOCK 26
TYPE: paragraph
HEADING: False
BOLD: False
NUMBERED: False
FONT SIZE: 10.0
TEXT: action spectra for photosynthesis
2026-08-21 17:24:45.124 | INFO     | app.worker:process_document:58 - 
BLOCK 27
TYPE: heading
HEADING: True
BOLD: False
NUMBERED: True
FONT SIZE: 10.0
TEXT: 6 describe and use chromatography to separate and identify
2026-08-21 17:24:45.125 | INFO     | app.worker:process_document:58 - 
BLOCK 28
TYPE: paragraph
HEADING: False
BOLD: False
NUMBERED: False
FONT SIZE: 10.0
TEXT: chloroplast pigments (reference should be made to R values
2026-08-21 17:24:45.126 | INFO     | app.worker:process_document:58 - 
BLOCK 29
TYPE: paragraph
HEADING: False
BOLD: False
NUMBERED: False
FONT SIZE: 7.0
TEXT: f
2026-08-21 17:24:45.126 | INFO     | app.worker:process_document:58 - 
BLOCK 30
TYPE: paragraph
HEADING: False
BOLD: False
NUMBERED: False
FONT SIZE: 10.0
TEXT: in identification of chloroplast pigments)
2026-08-21 17:24:45.127 | INFO     | app.worker:process_document:58 - 
BLOCK 31
TYPE: heading
HEADING: True
BOLD: False
NUMBERED: True
FONT SIZE: 10.0
TEXT: 7 state that cyclic photophosphorylation and non-cyclic
2026-08-21 17:24:45.127 | INFO     | app.worker:process_document:58 - 
BLOCK 32
TYPE: paragraph
HEADING: False
BOLD: False
NUMBERED: False
FONT SIZE: 10.0
TEXT: photophosphorylation occur during the light-dependent stage
2026-08-21 17:24:45.128 | INFO     | app.worker:process_document:58 - 
BLOCK 33
TYPE: paragraph
HEADING: False
BOLD: False
NUMBERED: False
FONT SIZE: 10.0
TEXT: of photosynthesis
2026-08-21 17:24:45.128 | INFO     | app.worker:process_document:58 - 
BLOCK 34
TYPE: heading
HEADING: True
BOLD: False
NUMBERED: True
FONT SIZE: 10.0
TEXT: 8 explain that in cyclic photophosphorylation:
2026-08-21 17:24:45.129 | INFO     | app.worker:process_document:58 - 
BLOCK 35
TYPE: paragraph
HEADING: False
BOLD: False
NUMBERED: False
FONT SIZE: 10.22
TEXT: • only photosystem I (PS I ) is involved
2026-08-21 17:24:45.130 | INFO     | app.worker:process_document:58 - 
BLOCK 36
TYPE: paragraph
HEADING: False
BOLD: False
NUMBERED: False
FONT SIZE: 10.0
TEXT: • photoactivation of chlorophyll occurs
2026-08-21 17:24:45.131 | INFO     | app.worker:process_document:58 - 
BLOCK 37
TYPE: paragraph
HEADING: False
BOLD: False
NUMBERED: False
FONT SIZE: 10.0
TEXT: • ATP is synthesised
2026-08-21 17:24:45.132 | INFO     | app.worker:process_document:58 - 
BLOCK 38
TYPE: heading
HEADING: True
BOLD: False
NUMBERED: True
FONT SIZE: 10.0
TEXT: 9 explain that in non-cyclic photophosphorylation:
2026-08-21 17:24:45.133 | INFO     | app.worker:process_document:58 - 
BLOCK 39
TYPE: paragraph
HEADING: False
BOLD: False
NUMBERED: False
FONT SIZE: 10.29
TEXT: • photosystem I (PS I ) and photosystem II (PS II ) are both
2026-08-21 17:24:45.133 | INFO     | app.worker:process_document:58 - 
BLOCK 40
TYPE: paragraph
HEADING: False
BOLD: False
NUMBERED: False
FONT SIZE: 10.0
TEXT: involved
2026-08-21 17:24:45.134 | INFO     | app.worker:process_document:58 - 
BLOCK 41
TYPE: paragraph
HEADING: False
BOLD: False
NUMBERED: False
FONT SIZE: 10.0
TEXT: • photoactivation of chlorophyll occurs
2026-08-21 17:24:45.134 | INFO     | app.worker:process_document:58 - 
BLOCK 42
TYPE: paragraph
HEADING: False
BOLD: False
NUMBERED: False
FONT SIZE: 10.0
TEXT: • the oxygen-evolving complex catalyses the photolysis of
2026-08-21 17:24:45.135 | INFO     | app.worker:process_document:58 - 
BLOCK 43
TYPE: paragraph
HEADING: False
BOLD: False
NUMBERED: False
FONT SIZE: 10.0
TEXT: water
2026-08-21 17:24:45.135 | INFO     | app.worker:process_document:58 - 
BLOCK 44
TYPE: paragraph
HEADING: False
BOLD: False
NUMBERED: False
FONT SIZE: 10.0
TEXT: • ATP and reduced NADP are synthesised
2026-08-21 17:24:45.142 | INFO     | app.worker:process_document:58 - 
BLOCK 45
TYPE: paragraph
HEADING: False
BOLD: False
NUMBERED: False
FONT SIZE: 10.0
TEXT: continued
2026-08-21 17:24:45.143 | INFO     | app.worker:process_document:58 - 
BLOCK 46
TYPE: paragraph
HEADING: False
BOLD: False
NUMBERED: False
FONT SIZE: 9.17
TEXT: Back to contents page www.cambridgeinternational.org/alevel 36
2026-08-21 17:24:45.146 | INFO     | app.worker:process_document:52 - 
PAGE 37 (41 blocks)
2026-08-21 17:24:45.147 | INFO     | app.worker:process_document:58 - 
BLOCK 0
TYPE: paragraph
HEADING: False
BOLD: False
NUMBERED: False
FONT SIZE: 9.0
TEXT: Cambridge International AS & A Level Biology 9700 syllabus for 2028, 2029 and 2030. Subject content
2026-08-21 17:24:45.151 | INFO     | app.worker:process_document:58 - 
BLOCK 1
TYPE: heading
HEADING: True
BOLD: False
NUMBERED: True
FONT SIZE: 10.0
TEXT: 13.1 Photosynthesis as an Learning outcomes
2026-08-21 17:24:45.154 | INFO     | app.worker:process_document:58 - 
BLOCK 2
TYPE: paragraph
HEADING: False
BOLD: False
NUMBERED: False
FONT SIZE: 10.0
TEXT: energy transfer process Candidates should be able to:
2026-08-21 17:24:45.156 | INFO     | app.worker:process_document:58 - 
BLOCK 3
TYPE: paragraph
HEADING: False
BOLD: False
NUMBERED: False
FONT SIZE: 10.0
TEXT: continued
2026-08-21 17:24:45.157 | INFO     | app.worker:process_document:58 - 
BLOCK 4
TYPE: heading
HEADING: True
BOLD: False
NUMBERED: True
FONT SIZE: 10.0
TEXT: 10 explain that during photophosphorylation:
2026-08-21 17:24:45.158 | INFO     | app.worker:process_document:58 - 
BLOCK 5
TYPE: paragraph
HEADING: False
BOLD: False
NUMBERED: False
FONT SIZE: 10.0
TEXT: • energetic electrons release energy as they pass through
2026-08-21 17:24:45.158 | INFO     | app.worker:process_document:58 - 
BLOCK 6
TYPE: paragraph
HEADING: False
BOLD: False
NUMBERED: False
FONT SIZE: 10.0
TEXT: the electron transport chain (details of carriers are not
2026-08-21 17:24:45.159 | INFO     | app.worker:process_document:58 - 
BLOCK 7
TYPE: paragraph
HEADING: False
BOLD: False
NUMBERED: False
FONT SIZE: 10.0
TEXT: expected)
2026-08-21 17:24:45.159 | INFO     | app.worker:process_document:58 - 
BLOCK 8
TYPE: paragraph
HEADING: False
BOLD: False
NUMBERED: False
FONT SIZE: 10.0
TEXT: • the released energy is used to transfer protons across the
2026-08-21 17:24:45.160 | INFO     | app.worker:process_document:58 - 
BLOCK 9
TYPE: paragraph
HEADING: False
BOLD: False
NUMBERED: False
FONT SIZE: 10.0
TEXT: thylakoid membrane
2026-08-21 17:24:45.161 | INFO     | app.worker:process_document:58 - 
BLOCK 10
TYPE: paragraph
HEADING: False
BOLD: False
NUMBERED: False
FONT SIZE: 10.0
TEXT: • protons return to the stroma from the thylakoid space
2026-08-21 17:24:45.162 | INFO     | app.worker:process_document:58 - 
BLOCK 11
TYPE: paragraph
HEADING: False
BOLD: False
NUMBERED: False
FONT SIZE: 10.0
TEXT: by facilitated diffusion through ATP synthase, providing
2026-08-21 17:24:45.163 | INFO     | app.worker:process_document:58 - 
BLOCK 12
TYPE: paragraph
HEADING: False
BOLD: False
NUMBERED: False
FONT SIZE: 10.0
TEXT: energy for ATP synthesis (details of ATP synthase are not
2026-08-21 17:24:45.163 | INFO     | app.worker:process_document:58 - 
BLOCK 13
TYPE: paragraph
HEADING: False
BOLD: False
NUMBERED: False
FONT SIZE: 10.0
TEXT: expected)
2026-08-21 17:24:45.164 | INFO     | app.worker:process_document:58 - 
BLOCK 14
TYPE: heading
HEADING: True
BOLD: False
NUMBERED: True
FONT SIZE: 10.0
TEXT: 11 outline the three main stages of the Calvin cycle:
2026-08-21 17:24:45.164 | INFO     | app.worker:process_document:58 - 
BLOCK 15
TYPE: paragraph
HEADING: False
BOLD: False
NUMBERED: False
FONT SIZE: 10.0
TEXT: • rubisco catalyses the fixation of carbon dioxide
2026-08-21 17:24:45.165 | INFO     | app.worker:process_document:58 - 
BLOCK 16
TYPE: paragraph
HEADING: False
BOLD: False
NUMBERED: False
FONT SIZE: 10.0
TEXT: by combination with a molecule of
2026-08-21 17:24:45.168 | INFO     | app.worker:process_document:58 - 
BLOCK 17
TYPE: paragraph
HEADING: False
BOLD: False
NUMBERED: False
FONT SIZE: 10.0
TEXT: ribulose bisphosphate (RuBP), a 5C compound, to yield
2026-08-21 17:24:45.170 | INFO     | app.worker:process_document:58 - 
BLOCK 18
TYPE: paragraph
HEADING: False
BOLD: False
NUMBERED: False
FONT SIZE: 10.0
TEXT: two molecules of glycerate 3-phosphate (GP), a 3C
2026-08-21 17:24:45.175 | INFO     | app.worker:process_document:58 - 
BLOCK 19
TYPE: paragraph
HEADING: False
BOLD: False
NUMBERED: False
FONT SIZE: 10.0
TEXT: compound
2026-08-21 17:24:45.189 | INFO     | app.worker:process_document:58 - 
BLOCK 20
TYPE: paragraph
HEADING: False
BOLD: False
NUMBERED: False
FONT SIZE: 10.0
TEXT: • GP is reduced to triose phosphate (TP) in reactions
2026-08-21 17:24:45.190 | INFO     | app.worker:process_document:58 - 
BLOCK 21
TYPE: paragraph
HEADING: False
BOLD: False
NUMBERED: False
FONT SIZE: 10.0
TEXT: involving reduced NADP and ATP
2026-08-21 17:24:45.191 | INFO     | app.worker:process_document:58 - 
BLOCK 22
TYPE: paragraph
HEADING: False
BOLD: False
NUMBERED: False
FONT SIZE: 10.0
TEXT: • RuBP is regenerated from TP in reactions that use ATP
2026-08-21 17:24:45.191 | INFO     | app.worker:process_document:58 - 
BLOCK 23
TYPE: heading
HEADING: True
BOLD: False
NUMBERED: True
FONT SIZE: 10.0
TEXT: 12 state that Calvin cycle intermediates are used to produce
2026-08-21 17:24:45.192 | INFO     | app.worker:process_document:58 - 
BLOCK 24
TYPE: paragraph
HEADING: False
BOLD: False
NUMBERED: False
FONT SIZE: 10.0
TEXT: other molecules, limited to GP to produce some amino acids
2026-08-21 17:24:45.193 | INFO     | app.worker:process_document:58 - 
BLOCK 25
TYPE: paragraph
HEADING: False
BOLD: False
NUMBERED: False
FONT SIZE: 10.0
TEXT: and TP to produce carbohydrates, lipids and amino acids
2026-08-21 17:24:45.194 | INFO     | app.worker:process_document:58 - 
BLOCK 26
TYPE: heading
HEADING: True
BOLD: False
NUMBERED: True
FONT SIZE: 10.0
TEXT: 13.2 Investigation of limiting Learning outcomes
2026-08-21 17:24:45.195 | INFO     | app.worker:process_document:58 - 
BLOCK 27
TYPE: paragraph
HEADING: False
BOLD: False
NUMBERED: False
FONT SIZE: 10.0
TEXT: factors Candidates should be able to:
2026-08-21 17:24:45.195 | INFO     | app.worker:process_document:58 - 
BLOCK 28
TYPE: heading
HEADING: True
BOLD: False
NUMBERED: True
FONT SIZE: 10.0
TEXT: 1 state that light intensity, carbon dioxide concentration and
2026-08-21 17:24:45.196 | INFO     | app.worker:process_document:58 - 
BLOCK 29
TYPE: paragraph
HEADING: False
BOLD: False
NUMBERED: False
FONT SIZE: 10.0
TEXT: temperature are examples of limiting factors of photosynthesis
2026-08-21 17:24:45.196 | INFO     | app.worker:process_document:58 - 
BLOCK 30
TYPE: heading
HEADING: True
BOLD: False
NUMBERED: True
FONT SIZE: 10.0
TEXT: 2 explain the effects of changes in light intensity, carbon dioxide
2026-08-21 17:24:45.196 | INFO     | app.worker:process_document:58 - 
BLOCK 31
TYPE: paragraph
HEADING: False
BOLD: False
NUMBERED: False
FONT SIZE: 10.0
TEXT: concentration and temperature on the rate of photosynthesis
2026-08-21 17:24:45.197 | INFO     | app.worker:process_document:58 - 
BLOCK 32
TYPE: heading
HEADING: True
BOLD: False
NUMBERED: True
FONT SIZE: 10.0
TEXT: 3 describe and carry out investigations using redox indicators,
2026-08-21 17:24:45.197 | INFO     | app.worker:process_document:58 - 
BLOCK 33
TYPE: paragraph
HEADING: False
BOLD: False
NUMBERED: False
FONT SIZE: 10.0
TEXT: including DCPIP and methylene blue, and a suspension of
2026-08-21 17:24:45.198 | INFO     | app.worker:process_document:58 - 
BLOCK 34
TYPE: paragraph
HEADING: False
BOLD: False
NUMBERED: False
FONT SIZE: 10.0
TEXT: chloroplasts to determine the effects of light intensity and light
2026-08-21 17:24:45.207 | INFO     | app.worker:process_document:58 - 
BLOCK 35
TYPE: paragraph
HEADING: False
BOLD: False
NUMBERED: False
FONT SIZE: 10.0
TEXT: wavelength on the rate of photosynthesis
2026-08-21 17:24:45.208 | INFO     | app.worker:process_document:58 - 
BLOCK 36
TYPE: heading
HEADING: True
BOLD: False
NUMBERED: True
FONT SIZE: 10.0
TEXT: 4 describe and carry out investigations using whole plants,
2026-08-21 17:24:45.210 | INFO     | app.worker:process_document:58 - 
BLOCK 37
TYPE: paragraph
HEADING: False
BOLD: False
NUMBERED: False
FONT SIZE: 10.0
TEXT: including aquatic plants, to determine the effects of light
2026-08-21 17:24:45.212 | INFO     | app.worker:process_document:58 - 
BLOCK 38
TYPE: paragraph
HEADING: False
BOLD: False
NUMBERED: False
FONT SIZE: 10.0
TEXT: intensity, carbon dioxide concentration and temperature on
2026-08-21 17:24:45.212 | INFO     | app.worker:process_document:58 - 
BLOCK 39
TYPE: paragraph
HEADING: False
BOLD: False
NUMBERED: False
FONT SIZE: 10.0
TEXT: the rate of photosynthesis
2026-08-21 17:24:45.213 | INFO     | app.worker:process_document:58 - 
BLOCK 40
TYPE: paragraph
HEADING: False
BOLD: False
NUMBERED: False
FONT SIZE: 9.17
TEXT: Back to contents page www.cambridgeinternational.org/alevel 37
2026-08-21 17:24:45.214 | INFO     | app.worker:process_document:52 - 
PAGE 38 (49 blocks)
2026-08-21 17:24:45.215 | INFO     | app.worker:process_document:58 - 
BLOCK 0
TYPE: paragraph
HEADING: False
BOLD: False
NUMBERED: False
FONT SIZE: 9.0
TEXT: Cambridge International AS & A Level Biology 9700 syllabus for 2028, 2029 and 2030. Subject content
2026-08-21 17:24:45.221 | INFO     | app.worker:process_document:58 - 
BLOCK 1
TYPE: heading
HEADING: True
BOLD: False
NUMBERED: True
FONT SIZE: 10.0
TEXT: 14 Homeostasis
2026-08-21 17:24:45.222 | INFO     | app.worker:process_document:58 - 
BLOCK 2
TYPE: paragraph
HEADING: False
BOLD: False
NUMBERED: False
FONT SIZE: 10.0
TEXT: Cells function most efficiently if they are kept in near optimum conditions. Cells in multicellular animals are
2026-08-21 17:24:45.223 | INFO     | app.worker:process_document:58 - 
BLOCK 3
TYPE: paragraph
HEADING: False
BOLD: False
NUMBERED: False
FONT SIZE: 10.0
TEXT: surrounded by tissue fluid. The composition of tissue fluid is kept constant by exchanges with the blood as
2026-08-21 17:24:45.223 | INFO     | app.worker:process_document:58 - 
BLOCK 4
TYPE: paragraph
HEADING: False
BOLD: False
NUMBERED: False
FONT SIZE: 10.0
TEXT: discussed in the topic on Transport in mammals (Topic 8). In mammals, core temperature, blood glucose
2026-08-21 17:24:45.224 | INFO     | app.worker:process_document:58 - 
BLOCK 5
TYPE: paragraph
HEADING: False
BOLD: False
NUMBERED: False
FONT SIZE: 10.0
TEXT: concentration and blood water potential are maintained within narrow limits to ensure the efficient operation
2026-08-21 17:24:45.225 | INFO     | app.worker:process_document:58 - 
BLOCK 6
TYPE: paragraph
HEADING: False
BOLD: False
NUMBERED: False
FONT SIZE: 10.0
TEXT: of cells. Prior knowledge for this topic includes an understanding that waste products are excreted from the
2026-08-21 17:24:45.226 | INFO     | app.worker:process_document:58 - 
BLOCK 7
TYPE: paragraph
HEADING: False
BOLD: False
NUMBERED: False
FONT SIZE: 10.0
TEXT: body and an outline of the structure and function of the nervous and endocrine systems. In plants, guard
2026-08-21 17:24:45.226 | INFO     | app.worker:process_document:58 - 
BLOCK 8
TYPE: paragraph
HEADING: False
BOLD: False
NUMBERED: False
FONT SIZE: 10.0
TEXT: cells respond to fluctuations in environmental conditions and open and close stomata as appropriate for
2026-08-21 17:24:45.227 | INFO     | app.worker:process_document:58 - 
BLOCK 9
TYPE: paragraph
HEADING: False
BOLD: False
NUMBERED: False
FONT SIZE: 10.0
TEXT: photosynthesis and conserving water.
2026-08-21 17:24:45.228 | INFO     | app.worker:process_document:58 - 
BLOCK 10
TYPE: heading
HEADING: True
BOLD: False
NUMBERED: True
FONT SIZE: 10.0
TEXT: 14.1 Homeostasis in mammals Learning outcomes
2026-08-21 17:24:45.229 | INFO     | app.worker:process_document:58 - 
BLOCK 11
TYPE: paragraph
HEADING: False
BOLD: False
NUMBERED: False
FONT SIZE: 10.0
TEXT: Candidates should be able to:
2026-08-21 17:24:45.229 | INFO     | app.worker:process_document:58 - 
BLOCK 12
TYPE: heading
HEADING: True
BOLD: False
NUMBERED: True
FONT SIZE: 10.0
TEXT: 1 explain what is meant by homeostasis and the importance of
2026-08-21 17:24:45.230 | INFO     | app.worker:process_document:58 - 
BLOCK 13
TYPE: paragraph
HEADING: False
BOLD: False
NUMBERED: False
FONT SIZE: 10.0
TEXT: homeostasis in mammals
2026-08-21 17:24:45.231 | INFO     | app.worker:process_document:58 - 
BLOCK 14
TYPE: heading
HEADING: True
BOLD: False
NUMBERED: True
FONT SIZE: 10.0
TEXT: 2 explain the principles of homeostasis in terms of internal and
2026-08-21 17:24:45.240 | INFO     | app.worker:process_document:58 - 
BLOCK 15
TYPE: paragraph
HEADING: False
BOLD: False
NUMBERED: False
FONT SIZE: 10.0
TEXT: external stimuli, receptors, coordination systems (nervous
2026-08-21 17:24:45.242 | INFO     | app.worker:process_document:58 - 
BLOCK 16
TYPE: paragraph
HEADING: False
BOLD: False
NUMBERED: False
FONT SIZE: 10.0
TEXT: system and endocrine system), effectors (muscles and glands)
2026-08-21 17:24:45.242 | INFO     | app.worker:process_document:58 - 
BLOCK 17
TYPE: paragraph
HEADING: False
BOLD: False
NUMBERED: False
FONT SIZE: 10.0
TEXT: and negative feedback
2026-08-21 17:24:45.243 | INFO     | app.worker:process_document:58 - 
BLOCK 18
TYPE: heading
HEADING: True
BOLD: False
NUMBERED: True
FONT SIZE: 10.0
TEXT: 3 state that urea is produced in the liver from the deamination of
2026-08-21 17:24:45.243 | INFO     | app.worker:process_document:58 - 
BLOCK 19
TYPE: paragraph
HEADING: False
BOLD: False
NUMBERED: False
FONT SIZE: 10.0
TEXT: excess amino acids
2026-08-21 17:24:45.244 | INFO     | app.worker:process_document:58 - 
BLOCK 20
TYPE: heading
HEADING: True
BOLD: False
NUMBERED: True
FONT SIZE: 10.0
TEXT: 4 describe the structure of the human kidney, limited to:
2026-08-21 17:24:45.244 | INFO     | app.worker:process_document:58 - 
BLOCK 21
TYPE: paragraph
HEADING: False
BOLD: False
NUMBERED: False
FONT SIZE: 10.0
TEXT: • fibrous capsule
2026-08-21 17:24:45.244 | INFO     | app.worker:process_document:58 - 
BLOCK 22
TYPE: paragraph
HEADING: False
BOLD: False
NUMBERED: False
FONT SIZE: 10.0
TEXT: • cortex
2026-08-21 17:24:45.245 | INFO     | app.worker:process_document:58 - 
BLOCK 23
TYPE: paragraph
HEADING: False
BOLD: False
NUMBERED: False
FONT SIZE: 10.0
TEXT: • medulla
2026-08-21 17:24:45.245 | INFO     | app.worker:process_document:58 - 
BLOCK 24
TYPE: paragraph
HEADING: False
BOLD: False
NUMBERED: False
FONT SIZE: 10.0
TEXT: • renal pelvis
2026-08-21 17:24:45.246 | INFO     | app.worker:process_document:58 - 
BLOCK 25
TYPE: paragraph
HEADING: False
BOLD: False
NUMBERED: False
FONT SIZE: 10.0
TEXT: • ureter
2026-08-21 17:24:45.246 | INFO     | app.worker:process_document:58 - 
BLOCK 26
TYPE: paragraph
HEADING: False
BOLD: False
NUMBERED: False
FONT SIZE: 10.0
TEXT: • branches of the renal artery and renal vein
2026-08-21 17:24:45.247 | INFO     | app.worker:process_document:58 - 
BLOCK 27
TYPE: heading
HEADING: True
BOLD: False
NUMBERED: True
FONT SIZE: 10.0
TEXT: 5 Identify, in diagrams, photomicrographs and electron
2026-08-21 17:24:45.248 | INFO     | app.worker:process_document:58 - 
BLOCK 28
TYPE: paragraph
HEADING: False
BOLD: False
NUMBERED: False
FONT SIZE: 10.0
TEXT: micrographs, the parts of a nephron and its associated blood
2026-08-21 17:24:45.251 | INFO     | app.worker:process_document:58 - 
BLOCK 29
TYPE: paragraph
HEADING: False
BOLD: False
NUMBERED: False
FONT SIZE: 10.0
TEXT: vessels and structures, limited to:
2026-08-21 17:24:45.252 | INFO     | app.worker:process_document:58 - 
BLOCK 30
TYPE: paragraph
HEADING: False
BOLD: False
NUMBERED: False
FONT SIZE: 10.0
TEXT: • glomerulus
2026-08-21 17:24:45.253 | INFO     | app.worker:process_document:58 - 
BLOCK 31
TYPE: paragraph
HEADING: False
BOLD: False
NUMBERED: False
FONT SIZE: 10.0
TEXT: • Bowman’s capsule
2026-08-21 17:24:45.254 | INFO     | app.worker:process_document:58 - 
BLOCK 32
TYPE: paragraph
HEADING: False
BOLD: False
NUMBERED: False
FONT SIZE: 10.0
TEXT: • proximal convoluted tubule
2026-08-21 17:24:45.254 | INFO     | app.worker:process_document:58 - 
BLOCK 33
TYPE: paragraph
HEADING: False
BOLD: False
NUMBERED: False
FONT SIZE: 10.0
TEXT: • loop of Henle
2026-08-21 17:24:45.255 | INFO     | app.worker:process_document:58 - 
BLOCK 34
TYPE: paragraph
HEADING: False
BOLD: False
NUMBERED: False
FONT SIZE: 10.0
TEXT: • distal convoluted tubule
2026-08-21 17:24:45.255 | INFO     | app.worker:process_document:58 - 
BLOCK 35
TYPE: paragraph
HEADING: False
BOLD: False
NUMBERED: False
FONT SIZE: 10.0
TEXT: • collecting duct
2026-08-21 17:24:45.256 | INFO     | app.worker:process_document:58 - 
BLOCK 36
TYPE: heading
HEADING: True
BOLD: False
NUMBERED: True
FONT SIZE: 10.0
TEXT: 6 describe and explain the formation of urine in the nephron,
2026-08-21 17:24:45.256 | INFO     | app.worker:process_document:58 - 
BLOCK 37
TYPE: paragraph
HEADING: False
BOLD: False
NUMBERED: False
FONT SIZE: 10.0
TEXT: limited to:
2026-08-21 17:24:45.257 | INFO     | app.worker:process_document:58 - 
BLOCK 38
TYPE: paragraph
HEADING: False
BOLD: False
NUMBERED: False
FONT SIZE: 10.0
TEXT: • the formation of glomerular filtrate by ultrafiltration in the
2026-08-21 17:24:45.257 | INFO     | app.worker:process_document:58 - 
BLOCK 39
TYPE: paragraph
HEADING: False
BOLD: False
NUMBERED: False
FONT SIZE: 10.0
TEXT: Bowman’s capsule
2026-08-21 17:24:45.258 | INFO     | app.worker:process_document:58 - 
BLOCK 40
TYPE: paragraph
HEADING: False
BOLD: False
NUMBERED: False
FONT SIZE: 10.0
TEXT: • selective reabsorption in the proximal convoluted tubule
2026-08-21 17:24:45.258 | INFO     | app.worker:process_document:58 - 
BLOCK 41
TYPE: heading
HEADING: True
BOLD: False
NUMBERED: True
FONT SIZE: 10.0
TEXT: 7 relate the detailed structure of the Bowman’s capsule and
2026-08-21 17:24:45.259 | INFO     | app.worker:process_document:58 - 
BLOCK 42
TYPE: paragraph
HEADING: False
BOLD: False
NUMBERED: False
FONT SIZE: 10.0
TEXT: proximal convoluted tubule to their functions in the formation
2026-08-21 17:24:45.259 | INFO     | app.worker:process_document:58 - 
BLOCK 43
TYPE: paragraph
HEADING: False
BOLD: False
NUMBERED: False
FONT SIZE: 10.0
TEXT: of urine
2026-08-21 17:24:45.260 | INFO     | app.worker:process_document:58 - 
BLOCK 44
TYPE: heading
HEADING: True
BOLD: False
NUMBERED: True
FONT SIZE: 10.0
TEXT: 8 describe the roles of the hypothalamus, posterior pituitary
2026-08-21 17:24:45.260 | INFO     | app.worker:process_document:58 - 
BLOCK 45
TYPE: paragraph
HEADING: False
BOLD: False
NUMBERED: False
FONT SIZE: 10.0
TEXT: gland, antidiuretic hormone (ADH), aquaporins and collecting
2026-08-21 17:24:45.261 | INFO     | app.worker:process_document:58 - 
BLOCK 46
TYPE: paragraph
HEADING: False
BOLD: False
NUMBERED: False
FONT SIZE: 10.0
TEXT: ducts in osmoregulation
2026-08-21 17:24:45.261 | INFO     | app.worker:process_document:58 - 
BLOCK 47
TYPE: paragraph
HEADING: False
BOLD: False
NUMBERED: False
FONT SIZE: 10.0
TEXT: continued
2026-08-21 17:24:45.261 | INFO     | app.worker:process_document:58 - 
BLOCK 48
TYPE: paragraph
HEADING: False
BOLD: False
NUMBERED: False
FONT SIZE: 9.17
TEXT: Back to contents page www.cambridgeinternational.org/alevel 38
2026-08-21 17:24:45.262 | INFO     | app.worker:process_document:52 - 
PAGE 39 (41 blocks)
2026-08-21 17:24:45.262 | INFO     | app.worker:process_document:58 - 
BLOCK 0
TYPE: paragraph
HEADING: False
BOLD: False
NUMBERED: False
FONT SIZE: 9.0
TEXT: Cambridge International AS & A Level Biology 9700 syllabus for 2028, 2029 and 2030. Subject content
2026-08-21 17:24:45.262 | INFO     | app.worker:process_document:58 - 
BLOCK 1
TYPE: heading
HEADING: True
BOLD: False
NUMBERED: True
FONT SIZE: 10.0
TEXT: 14.1 Homeostasis in mammals Learning outcomes
2026-08-21 17:24:45.263 | INFO     | app.worker:process_document:58 - 
BLOCK 2
TYPE: paragraph
HEADING: False
BOLD: False
NUMBERED: False
FONT SIZE: 10.0
TEXT: continued Candidates should be able to:
2026-08-21 17:24:45.263 | INFO     | app.worker:process_document:58 - 
BLOCK 3
TYPE: heading
HEADING: True
BOLD: False
NUMBERED: True
FONT SIZE: 10.0
TEXT: 9 describe the principles of cell signalling using the example
2026-08-21 17:24:45.263 | INFO     | app.worker:process_document:58 - 
BLOCK 4
TYPE: paragraph
HEADING: False
BOLD: False
NUMBERED: False
FONT SIZE: 10.0
TEXT: of the control of blood glucose concentration by glucagon,
2026-08-21 17:24:45.264 | INFO     | app.worker:process_document:58 - 
BLOCK 5
TYPE: paragraph
HEADING: False
BOLD: False
NUMBERED: False
FONT SIZE: 10.0
TEXT: limited to:
2026-08-21 17:24:45.264 | INFO     | app.worker:process_document:58 - 
BLOCK 6
TYPE: paragraph
HEADING: False
BOLD: False
NUMBERED: False
FONT SIZE: 10.0
TEXT: • binding of hormone to cell surface receptor causing
2026-08-21 17:24:45.265 | INFO     | app.worker:process_document:58 - 
BLOCK 7
TYPE: paragraph
HEADING: False
BOLD: False
NUMBERED: False
FONT SIZE: 10.0
TEXT: conformational change
2026-08-21 17:24:45.271 | INFO     | app.worker:process_document:58 - 
BLOCK 8
TYPE: paragraph
HEADING: False
BOLD: False
NUMBERED: False
FONT SIZE: 10.0
TEXT: • activation of G-protein leading to stimulation of adenylyl
2026-08-21 17:24:45.272 | INFO     | app.worker:process_document:58 - 
BLOCK 9
TYPE: paragraph
HEADING: False
BOLD: False
NUMBERED: False
FONT SIZE: 10.0
TEXT: cyclase
2026-08-21 17:24:45.273 | INFO     | app.worker:process_document:58 - 
BLOCK 10
TYPE: paragraph
HEADING: False
BOLD: False
NUMBERED: False
FONT SIZE: 10.0
TEXT: • formation of the second messenger, cyclic AMP (cAMP)
2026-08-21 17:24:45.273 | INFO     | app.worker:process_document:58 - 
BLOCK 11
TYPE: paragraph
HEADING: False
BOLD: False
NUMBERED: False
FONT SIZE: 10.0
TEXT: • activation of protein kinase A by cAMP leading to initiation
2026-08-21 17:24:45.274 | INFO     | app.worker:process_document:58 - 
BLOCK 12
TYPE: paragraph
HEADING: False
BOLD: False
NUMBERED: False
FONT SIZE: 10.0
TEXT: of an enzyme cascade
2026-08-21 17:24:45.274 | INFO     | app.worker:process_document:58 - 
BLOCK 13
TYPE: paragraph
HEADING: False
BOLD: False
NUMBERED: False
FONT SIZE: 10.0
TEXT: • amplification of the signal through the enzyme cascade
2026-08-21 17:24:45.274 | INFO     | app.worker:process_document:58 - 
BLOCK 14
TYPE: paragraph
HEADING: False
BOLD: False
NUMBERED: False
FONT SIZE: 10.0
TEXT: as a result of activation of more and more enzymes by
2026-08-21 17:24:45.275 | INFO     | app.worker:process_document:58 - 
BLOCK 15
TYPE: paragraph
HEADING: False
BOLD: False
NUMBERED: False
FONT SIZE: 10.0
TEXT: phosphorylation
2026-08-21 17:24:45.276 | INFO     | app.worker:process_document:58 - 
BLOCK 16
TYPE: paragraph
HEADING: False
BOLD: False
NUMBERED: False
FONT SIZE: 10.0
TEXT: • cellular response in which the final enzyme in the pathway
2026-08-21 17:24:45.276 | INFO     | app.worker:process_document:58 - 
BLOCK 17
TYPE: paragraph
HEADING: False
BOLD: False
NUMBERED: False
FONT SIZE: 10.0
TEXT: is activated, catalysing the breakdown of glycogen
2026-08-21 17:24:45.276 | INFO     | app.worker:process_document:58 - 
BLOCK 18
TYPE: heading
HEADING: True
BOLD: False
NUMBERED: True
FONT SIZE: 10.0
TEXT: 10 explain how negative feedback control mechanisms regulate
2026-08-21 17:24:45.277 | INFO     | app.worker:process_document:58 - 
BLOCK 19
TYPE: paragraph
HEADING: False
BOLD: False
NUMBERED: False
FONT SIZE: 10.0
TEXT: blood glucose concentration, with reference to the effects
2026-08-21 17:24:45.277 | INFO     | app.worker:process_document:58 - 
BLOCK 20
TYPE: paragraph
HEADING: False
BOLD: False
NUMBERED: False
FONT SIZE: 10.0
TEXT: of insulin on muscle cells and liver cells and the effect of
2026-08-21 17:24:45.277 | INFO     | app.worker:process_document:58 - 
BLOCK 21
TYPE: paragraph
HEADING: False
BOLD: False
NUMBERED: False
FONT SIZE: 10.0
TEXT: glucagon on liver cells
2026-08-21 17:24:45.278 | INFO     | app.worker:process_document:58 - 
BLOCK 22
TYPE: heading
HEADING: True
BOLD: False
NUMBERED: True
FONT SIZE: 10.0
TEXT: 11 explain the principles of operation of test strips and
2026-08-21 17:24:45.278 | INFO     | app.worker:process_document:58 - 
BLOCK 23
TYPE: paragraph
HEADING: False
BOLD: False
NUMBERED: False
FONT SIZE: 10.0
TEXT: biosensors for measuring the concentration of glucose in
2026-08-21 17:24:45.278 | INFO     | app.worker:process_document:58 - 
BLOCK 24
TYPE: paragraph
HEADING: False
BOLD: False
NUMBERED: False
FONT SIZE: 10.0
TEXT: blood and urine, with reference to glucose oxidase and
2026-08-21 17:24:45.279 | INFO     | app.worker:process_document:58 - 
BLOCK 25
TYPE: paragraph
HEADING: False
BOLD: False
NUMBERED: False
FONT SIZE: 10.0
TEXT: peroxidase enzymes
2026-08-21 17:24:45.279 | INFO     | app.worker:process_document:58 - 
BLOCK 26
TYPE: heading
HEADING: True
BOLD: False
NUMBERED: True
FONT SIZE: 10.0
TEXT: 14.2 Homeostasis in plants Learning outcomes
2026-08-21 17:24:45.279 | INFO     | app.worker:process_document:58 - 
BLOCK 27
TYPE: paragraph
HEADING: False
BOLD: False
NUMBERED: False
FONT SIZE: 10.0
TEXT: Candidates should be able to:
2026-08-21 17:24:45.280 | INFO     | app.worker:process_document:58 - 
BLOCK 28
TYPE: heading
HEADING: True
BOLD: False
NUMBERED: True
FONT SIZE: 10.0
TEXT: 1 explain that stomata respond to changes in environmental
2026-08-21 17:24:45.280 | INFO     | app.worker:process_document:58 - 
BLOCK 29
TYPE: paragraph
HEADING: False
BOLD: False
NUMBERED: False
FONT SIZE: 10.0
TEXT: conditions by opening and closing and that regulation of
2026-08-21 17:24:45.282 | INFO     | app.worker:process_document:58 - 
BLOCK 30
TYPE: paragraph
HEADING: False
BOLD: False
NUMBERED: False
FONT SIZE: 10.0
TEXT: stomatal aperture balances the need for carbon dioxide
2026-08-21 17:24:45.286 | INFO     | app.worker:process_document:58 - 
BLOCK 31
TYPE: paragraph
HEADING: False
BOLD: False
NUMBERED: False
FONT SIZE: 10.0
TEXT: uptake by diffusion with the need to minimise water loss by
2026-08-21 17:24:45.287 | INFO     | app.worker:process_document:58 - 
BLOCK 32
TYPE: paragraph
HEADING: False
BOLD: False
NUMBERED: False
FONT SIZE: 10.0
TEXT: transpiration
2026-08-21 17:24:45.288 | INFO     | app.worker:process_document:58 - 
BLOCK 33
TYPE: heading
HEADING: True
BOLD: False
NUMBERED: True
FONT SIZE: 10.0
TEXT: 2 explain that stomata have daily rhythms of opening and
2026-08-21 17:24:45.289 | INFO     | app.worker:process_document:58 - 
BLOCK 34
TYPE: paragraph
HEADING: False
BOLD: False
NUMBERED: False
FONT SIZE: 10.0
TEXT: closing
2026-08-21 17:24:45.290 | INFO     | app.worker:process_document:58 - 
BLOCK 35
TYPE: heading
HEADING: True
BOLD: False
NUMBERED: True
FONT SIZE: 10.0
TEXT: 3 describe the structure and function of guard cells and explain
2026-08-21 17:24:45.290 | INFO     | app.worker:process_document:58 - 
BLOCK 36
TYPE: paragraph
HEADING: False
BOLD: False
NUMBERED: False
FONT SIZE: 10.0
TEXT: the mechanism by which they open and close stomata
2026-08-21 17:24:45.290 | INFO     | app.worker:process_document:58 - 
BLOCK 37
TYPE: heading
HEADING: True
BOLD: False
NUMBERED: True
FONT SIZE: 10.0
TEXT: 4 describe the role of abscisic acid in the closure of stomata
2026-08-21 17:24:45.291 | INFO     | app.worker:process_document:58 - 
BLOCK 38
TYPE: paragraph
HEADING: False
BOLD: False
NUMBERED: False
FONT SIZE: 10.0
TEXT: during times of water stress, including the role of calcium ions
2026-08-21 17:24:45.292 | INFO     | app.worker:process_document:58 - 
BLOCK 39
TYPE: paragraph
HEADING: False
BOLD: False
NUMBERED: False
FONT SIZE: 10.0
TEXT: as a second messenger
2026-08-21 17:24:45.292 | INFO     | app.worker:process_document:58 - 
BLOCK 40
TYPE: paragraph
HEADING: False
BOLD: False
NUMBERED: False
FONT SIZE: 9.17
TEXT: Back to contents page www.cambridgeinternational.org/alevel 39
2026-08-21 17:24:45.292 | INFO     | app.worker:process_document:52 - 
PAGE 40 (43 blocks)
2026-08-21 17:24:45.294 | INFO     | app.worker:process_document:58 - 
BLOCK 0
TYPE: paragraph
HEADING: False
BOLD: False
NUMBERED: False
FONT SIZE: 9.0
TEXT: Cambridge International AS & A Level Biology 9700 syllabus for 2028, 2029 and 2030. Subject content
2026-08-21 17:24:45.294 | INFO     | app.worker:process_document:58 - 
BLOCK 1
TYPE: heading
HEADING: True
BOLD: False
NUMBERED: True
FONT SIZE: 10.0
TEXT: 15 Control and coordination
2026-08-21 17:24:45.295 | INFO     | app.worker:process_document:58 - 
BLOCK 2
TYPE: paragraph
HEADING: False
BOLD: False
NUMBERED: False
FONT SIZE: 10.0
TEXT: All the activities of multicellular organisms require coordinating, some very rapidly and some more slowly.
2026-08-21 17:24:45.295 | INFO     | app.worker:process_document:58 - 
BLOCK 3
TYPE: paragraph
HEADING: False
BOLD: False
NUMBERED: False
FONT SIZE: 10.0
TEXT: The nervous system and the endocrine system provide coordination in mammals. Coordination systems also
2026-08-21 17:24:45.295 | INFO     | app.worker:process_document:58 - 
BLOCK 4
TYPE: paragraph
HEADING: False
BOLD: False
NUMBERED: False
FONT SIZE: 10.0
TEXT: exist in plants.
2026-08-21 17:24:45.296 | INFO     | app.worker:process_document:58 - 
BLOCK 5
TYPE: heading
HEADING: True
BOLD: False
NUMBERED: True
FONT SIZE: 10.0
TEXT: 15.1 Control and coordination in Learning outcomes
2026-08-21 17:24:45.297 | INFO     | app.worker:process_document:58 - 
BLOCK 6
TYPE: paragraph
HEADING: False
BOLD: False
NUMBERED: False
FONT SIZE: 10.0
TEXT: mammals Candidates should be able to:
2026-08-21 17:24:45.297 | INFO     | app.worker:process_document:58 - 
BLOCK 7
TYPE: heading
HEADING: True
BOLD: False
NUMBERED: True
FONT SIZE: 10.0
TEXT: 1 describe the features of the endocrine system with reference
2026-08-21 17:24:45.298 | INFO     | app.worker:process_document:58 - 
BLOCK 8
TYPE: paragraph
HEADING: False
BOLD: False
NUMBERED: False
FONT SIZE: 10.0
TEXT: to the hormones ADH, glucagon and insulin (see 14.1.8, 14.1.9
2026-08-21 17:24:45.303 | INFO     | app.worker:process_document:58 - 
BLOCK 9
TYPE: paragraph
HEADING: False
BOLD: False
NUMBERED: False
FONT SIZE: 10.0
TEXT: and 14.1.10)
2026-08-21 17:24:45.306 | INFO     | app.worker:process_document:58 - 
BLOCK 10
TYPE: heading
HEADING: True
BOLD: False
NUMBERED: True
FONT SIZE: 10.0
TEXT: 2 compare the features of the nervous system and the
2026-08-21 17:24:45.308 | INFO     | app.worker:process_document:58 - 
BLOCK 11
TYPE: paragraph
HEADING: False
BOLD: False
NUMBERED: False
FONT SIZE: 10.0
TEXT: endocrine system
2026-08-21 17:24:45.309 | INFO     | app.worker:process_document:58 - 
BLOCK 12
TYPE: heading
HEADING: True
BOLD: False
NUMBERED: True
FONT SIZE: 10.0
TEXT: 3 describe the structure and function of a sensory neurone
2026-08-21 17:24:45.309 | INFO     | app.worker:process_document:58 - 
BLOCK 13
TYPE: paragraph
HEADING: False
BOLD: False
NUMBERED: False
FONT SIZE: 10.0
TEXT: and a motor neurone and state that intermediate neurones
2026-08-21 17:24:45.310 | INFO     | app.worker:process_document:58 - 
BLOCK 14
TYPE: paragraph
HEADING: False
BOLD: False
NUMBERED: False
FONT SIZE: 10.0
TEXT: connect sensory neurones and motor neurones
2026-08-21 17:24:45.310 | INFO     | app.worker:process_document:58 - 
BLOCK 15
TYPE: heading
HEADING: True
BOLD: False
NUMBERED: True
FONT SIZE: 10.0
TEXT: 4 outline the role of sensory receptor cells in detecting stimuli
2026-08-21 17:24:45.311 | INFO     | app.worker:process_document:58 - 
BLOCK 16
TYPE: paragraph
HEADING: False
BOLD: False
NUMBERED: False
FONT SIZE: 10.0
TEXT: and stimulating the transmission of impulses in sensory
2026-08-21 17:24:45.311 | INFO     | app.worker:process_document:58 - 
BLOCK 17
TYPE: paragraph
HEADING: False
BOLD: False
NUMBERED: False
FONT SIZE: 10.0
TEXT: neurones
2026-08-21 17:24:45.312 | INFO     | app.worker:process_document:58 - 
BLOCK 18
TYPE: heading
HEADING: True
BOLD: False
NUMBERED: True
FONT SIZE: 10.0
TEXT: 5 describe the sequence of events that results in an action
2026-08-21 17:24:45.313 | INFO     | app.worker:process_document:58 - 
BLOCK 19
TYPE: paragraph
HEADING: False
BOLD: False
NUMBERED: False
FONT SIZE: 10.0
TEXT: potential in a sensory neurone, using a chemoreceptor cell in
2026-08-21 17:24:45.314 | INFO     | app.worker:process_document:58 - 
BLOCK 20
TYPE: paragraph
HEADING: False
BOLD: False
NUMBERED: False
FONT SIZE: 10.0
TEXT: a human taste bud as an example
2026-08-21 17:24:45.317 | INFO     | app.worker:process_document:58 - 
BLOCK 21
TYPE: heading
HEADING: True
BOLD: False
NUMBERED: True
FONT SIZE: 10.0
TEXT: 6 describe and explain changes to the membrane potential of
2026-08-21 17:24:45.319 | INFO     | app.worker:process_document:58 - 
BLOCK 22
TYPE: paragraph
HEADING: False
BOLD: False
NUMBERED: False
FONT SIZE: 10.0
TEXT: neurones, including:
2026-08-21 17:24:45.320 | INFO     | app.worker:process_document:58 - 
BLOCK 23
TYPE: paragraph
HEADING: False
BOLD: False
NUMBERED: False
FONT SIZE: 10.0
TEXT: • how the resting potential is maintained
2026-08-21 17:24:45.323 | INFO     | app.worker:process_document:58 - 
BLOCK 24
TYPE: paragraph
HEADING: False
BOLD: False
NUMBERED: False
FONT SIZE: 10.0
TEXT: • the events that occur during an action potential
2026-08-21 17:24:45.323 | INFO     | app.worker:process_document:58 - 
BLOCK 25
TYPE: paragraph
HEADING: False
BOLD: False
NUMBERED: False
FONT SIZE: 10.0
TEXT: • how the resting potential is restored during the refractory
2026-08-21 17:24:45.324 | INFO     | app.worker:process_document:58 - 
BLOCK 26
TYPE: paragraph
HEADING: False
BOLD: False
NUMBERED: False
FONT SIZE: 10.0
TEXT: period
2026-08-21 17:24:45.325 | INFO     | app.worker:process_document:58 - 
BLOCK 27
TYPE: heading
HEADING: True
BOLD: False
NUMBERED: True
FONT SIZE: 10.0
TEXT: 7 describe and explain the rapid transmission of an impulse in a
2026-08-21 17:24:45.325 | INFO     | app.worker:process_document:58 - 
BLOCK 28
TYPE: paragraph
HEADING: False
BOLD: False
NUMBERED: False
FONT SIZE: 10.0
TEXT: myelinated neurone with reference to saltatory conduction
2026-08-21 17:24:45.327 | INFO     | app.worker:process_document:58 - 
BLOCK 29
TYPE: heading
HEADING: True
BOLD: False
NUMBERED: True
FONT SIZE: 10.0
TEXT: 8 explain the importance of the refractory period in determining
2026-08-21 17:24:45.327 | INFO     | app.worker:process_document:58 - 
BLOCK 30
TYPE: paragraph
HEADING: False
BOLD: False
NUMBERED: False
FONT SIZE: 10.0
TEXT: the frequency of impulses
2026-08-21 17:24:45.329 | INFO     | app.worker:process_document:58 - 
BLOCK 31
TYPE: heading
HEADING: True
BOLD: False
NUMBERED: True
FONT SIZE: 10.0
TEXT: 9 describe the structure of a cholinergic synapse and explain
2026-08-21 17:24:45.330 | INFO     | app.worker:process_document:58 - 
BLOCK 32
TYPE: paragraph
HEADING: False
BOLD: False
NUMBERED: False
FONT SIZE: 10.0
TEXT: how it functions, including the role of calcium ions
2026-08-21 17:24:45.330 | INFO     | app.worker:process_document:58 - 
BLOCK 33
TYPE: heading
HEADING: True
BOLD: False
NUMBERED: True
FONT SIZE: 10.0
TEXT: 10 describe the roles of neuromuscular junctions, the T-tubule
2026-08-21 17:24:45.331 | INFO     | app.worker:process_document:58 - 
BLOCK 34
TYPE: paragraph
HEADING: False
BOLD: False
NUMBERED: False
FONT SIZE: 10.0
TEXT: system and sarcoplasmic reticulum in stimulating contraction
2026-08-21 17:24:45.331 | INFO     | app.worker:process_document:58 - 
BLOCK 35
TYPE: paragraph
HEADING: False
BOLD: False
NUMBERED: False
FONT SIZE: 10.0
TEXT: in striated muscle
2026-08-21 17:24:45.335 | INFO     | app.worker:process_document:58 - 
BLOCK 36
TYPE: heading
HEADING: True
BOLD: False
NUMBERED: True
FONT SIZE: 10.0
TEXT: 11 describe the ultrastructure of striated muscle with reference
2026-08-21 17:24:45.340 | INFO     | app.worker:process_document:58 - 
BLOCK 37
TYPE: paragraph
HEADING: False
BOLD: False
NUMBERED: False
FONT SIZE: 10.0
TEXT: to sarcomere structure using electron micrographs and
2026-08-21 17:24:45.341 | INFO     | app.worker:process_document:58 - 
BLOCK 38
TYPE: paragraph
HEADING: False
BOLD: False
NUMBERED: False
FONT SIZE: 10.0
TEXT: diagrams
2026-08-21 17:24:45.342 | INFO     | app.worker:process_document:58 - 
BLOCK 39
TYPE: heading
HEADING: True
BOLD: False
NUMBERED: True
FONT SIZE: 10.0
TEXT: 12 explain the sliding filament model of muscular contraction
2026-08-21 17:24:45.342 | INFO     | app.worker:process_document:58 - 
BLOCK 40
TYPE: paragraph
HEADING: False
BOLD: False
NUMBERED: False
FONT SIZE: 10.0
TEXT: including the roles of troponin, tropomyosin, calcium ions and
2026-08-21 17:24:45.343 | INFO     | app.worker:process_document:58 - 
BLOCK 41
TYPE: paragraph
HEADING: False
BOLD: False
NUMBERED: False
FONT SIZE: 10.0
TEXT: ATP
2026-08-21 17:24:45.343 | INFO     | app.worker:process_document:58 - 
BLOCK 42
TYPE: paragraph
HEADING: False
BOLD: False
NUMBERED: False
FONT SIZE: 9.17
TEXT: Back to contents page www.cambridgeinternational.org/alevel 40
2026-08-21 17:24:45.344 | INFO     | app.worker:process_document:52 - 
PAGE 41 (11 blocks)
2026-08-21 17:24:45.344 | INFO     | app.worker:process_document:58 - 
BLOCK 0
TYPE: paragraph
HEADING: False
BOLD: False
NUMBERED: False
FONT SIZE: 9.0
TEXT: Cambridge International AS & A Level Biology 9700 syllabus for 2028, 2029 and 2030. Subject content
2026-08-21 17:24:45.345 | INFO     | app.worker:process_document:58 - 
BLOCK 1
TYPE: heading
HEADING: True
BOLD: False
NUMBERED: True
FONT SIZE: 10.0
TEXT: 15.2 Control and coordination in Learning outcomes
2026-08-21 17:24:45.346 | INFO     | app.worker:process_document:58 - 
BLOCK 2
TYPE: paragraph
HEADING: False
BOLD: False
NUMBERED: False
FONT SIZE: 10.0
TEXT: plants Candidates should be able to:
2026-08-21 17:24:45.347 | INFO     | app.worker:process_document:58 - 
BLOCK 3
TYPE: heading
HEADING: True
BOLD: False
NUMBERED: True
FONT SIZE: 10.0
TEXT: 1 describe the rapid response of the Venus fly trap to
2026-08-21 17:24:45.362 | INFO     | app.worker:process_document:58 - 
BLOCK 4
TYPE: paragraph
HEADING: False
BOLD: False
NUMBERED: False
FONT SIZE: 10.0
TEXT: stimulation of hairs on the lobes of modified leaves and
2026-08-21 17:24:45.363 | INFO     | app.worker:process_document:58 - 
BLOCK 5
TYPE: paragraph
HEADING: False
BOLD: False
NUMBERED: False
FONT SIZE: 10.0
TEXT: explain how the closure of the trap is achieved
2026-08-21 17:24:45.365 | INFO     | app.worker:process_document:58 - 
BLOCK 6
TYPE: heading
HEADING: True
BOLD: False
NUMBERED: True
FONT SIZE: 10.0
TEXT: 2 explain the role of auxin in elongation growth by stimulating
2026-08-21 17:24:45.371 | INFO     | app.worker:process_document:58 - 
BLOCK 7
TYPE: paragraph
HEADING: False
BOLD: False
NUMBERED: False
FONT SIZE: 10.0
TEXT: proton pumping to acidify cell walls
2026-08-21 17:24:45.373 | INFO     | app.worker:process_document:58 - 
BLOCK 8
TYPE: heading
HEADING: True
BOLD: False
NUMBERED: True
FONT SIZE: 10.0
TEXT: 3 describe the role of gibberellin in the germination of barley
2026-08-21 17:24:45.373 | INFO     | app.worker:process_document:58 - 
BLOCK 9
TYPE: paragraph
HEADING: False
BOLD: False
NUMBERED: False
FONT SIZE: 10.0
TEXT: (see 16.3.4)
2026-08-21 17:24:45.374 | INFO     | app.worker:process_document:58 - 
BLOCK 10
TYPE: paragraph
HEADING: False
BOLD: False
NUMBERED: False
FONT SIZE: 9.17
TEXT: Back to contents page www.cambridgeinternational.org/alevel 41
2026-08-21 17:24:45.375 | INFO     | app.worker:process_document:52 - 
PAGE 42 (50 blocks)
2026-08-21 17:24:45.376 | INFO     | app.worker:process_document:58 - 
BLOCK 0
TYPE: paragraph
HEADING: False
BOLD: False
NUMBERED: False
FONT SIZE: 9.0
TEXT: Cambridge International AS & A Level Biology 9700 syllabus for 2028, 2029 and 2030. Subject content
2026-08-21 17:24:45.377 | INFO     | app.worker:process_document:58 - 
BLOCK 1
TYPE: heading
HEADING: True
BOLD: False
NUMBERED: True
FONT SIZE: 10.0
TEXT: 16 Inheritance
2026-08-21 17:24:45.378 | INFO     | app.worker:process_document:58 - 
BLOCK 2
TYPE: paragraph
HEADING: False
BOLD: False
NUMBERED: False
FONT SIZE: 10.0
TEXT: Genetic information is transmitted from generation to generation to maintain the continuity of life. In sexual
2026-08-21 17:24:45.379 | INFO     | app.worker:process_document:58 - 
BLOCK 3
TYPE: paragraph
HEADING: False
BOLD: False
NUMBERED: False
FONT SIZE: 10.0
TEXT: reproduction, meiosis introduces genetic variation so that offspring resemble their parents but are not
2026-08-21 17:24:45.379 | INFO     | app.worker:process_document:58 - 
BLOCK 4
TYPE: paragraph
HEADING: False
BOLD: False
NUMBERED: False
FONT SIZE: 10.0
TEXT: identical to them. Genetic crosses reveal how some features are inherited. The phenotype of organisms is
2026-08-21 17:24:45.380 | INFO     | app.worker:process_document:58 - 
BLOCK 5
TYPE: paragraph
HEADING: False
BOLD: False
NUMBERED: False
FONT SIZE: 10.0
TEXT: determined partly by the genes that they have inherited and partly by the effect of the environment. Genes
2026-08-21 17:24:45.380 | INFO     | app.worker:process_document:58 - 
BLOCK 6
TYPE: paragraph
HEADING: False
BOLD: False
NUMBERED: False
FONT SIZE: 10.0
TEXT: determine how organisms develop; gene control in bacteria gives us a glimpse of this process in action.
2026-08-21 17:24:45.381 | INFO     | app.worker:process_document:58 - 
BLOCK 7
TYPE: heading
HEADING: True
BOLD: False
NUMBERED: True
FONT SIZE: 10.0
TEXT: 16.1 Passage of information Learning outcomes
2026-08-21 17:24:45.392 | INFO     | app.worker:process_document:58 - 
BLOCK 8
TYPE: paragraph
HEADING: False
BOLD: False
NUMBERED: False
FONT SIZE: 10.0
TEXT: from parents to offspring Candidates should be able to:
2026-08-21 17:24:45.392 | INFO     | app.worker:process_document:58 - 
BLOCK 9
TYPE: heading
HEADING: True
BOLD: False
NUMBERED: True
FONT SIZE: 10.0
TEXT: 1 explain the meanings of the terms haploid (n) and diploid (2n)
2026-08-21 17:24:45.394 | INFO     | app.worker:process_document:58 - 
BLOCK 10
TYPE: heading
HEADING: True
BOLD: False
NUMBERED: True
FONT SIZE: 10.0
TEXT: 2 explain what is meant by homologous pairs of chromosomes
2026-08-21 17:24:45.394 | INFO     | app.worker:process_document:58 - 
BLOCK 11
TYPE: heading
HEADING: True
BOLD: False
NUMBERED: True
FONT SIZE: 10.0
TEXT: 3 explain the need for a reduction division during meiosis in the
2026-08-21 17:24:45.395 | INFO     | app.worker:process_document:58 - 
BLOCK 12
TYPE: paragraph
HEADING: False
BOLD: False
NUMBERED: False
FONT SIZE: 10.0
TEXT: production of gametes
2026-08-21 17:24:45.396 | INFO     | app.worker:process_document:58 - 
BLOCK 13
TYPE: heading
HEADING: True
BOLD: False
NUMBERED: True
FONT SIZE: 10.0
TEXT: 4 describe the behaviour of chromosomes in plant and animal
2026-08-21 17:24:45.396 | INFO     | app.worker:process_document:58 - 
BLOCK 14
TYPE: paragraph
HEADING: False
BOLD: False
NUMBERED: False
FONT SIZE: 10.0
TEXT: cells during meiosis and the associated behaviour of the
2026-08-21 17:24:45.397 | INFO     | app.worker:process_document:58 - 
BLOCK 15
TYPE: paragraph
HEADING: False
BOLD: False
NUMBERED: False
FONT SIZE: 10.0
TEXT: nuclear envelope, the cell surface membrane and the
2026-08-21 17:24:45.397 | INFO     | app.worker:process_document:58 - 
BLOCK 16
TYPE: paragraph
HEADING: False
BOLD: False
NUMBERED: False
FONT SIZE: 10.0
TEXT: spindle (names of the main stages of meiosis, but not the
2026-08-21 17:24:45.398 | INFO     | app.worker:process_document:58 - 
BLOCK 17
TYPE: paragraph
HEADING: False
BOLD: False
NUMBERED: False
FONT SIZE: 10.15
TEXT: sub-divisions of prophase I , are expected: prophase I ,
2026-08-21 17:24:45.403 | INFO     | app.worker:process_document:58 - 
BLOCK 18
TYPE: paragraph
HEADING: False
BOLD: False
NUMBERED: False
FONT SIZE: 10.17
TEXT: metaphase I , anaphase I , telophase I , prophase II ,
2026-08-21 17:24:45.405 | INFO     | app.worker:process_document:58 - 
BLOCK 19
TYPE: paragraph
HEADING: False
BOLD: False
NUMBERED: False
FONT SIZE: 10.17
TEXT: metaphase II , anaphase II and telophase II )
2026-08-21 17:24:45.405 | INFO     | app.worker:process_document:58 - 
BLOCK 20
TYPE: heading
HEADING: True
BOLD: False
NUMBERED: True
FONT SIZE: 10.0
TEXT: 5 interpret photomicrographs and diagrams of cells in different
2026-08-21 17:24:45.406 | INFO     | app.worker:process_document:58 - 
BLOCK 21
TYPE: paragraph
HEADING: False
BOLD: False
NUMBERED: False
FONT SIZE: 10.0
TEXT: stages of meiosis and identify the main stages of meiosis
2026-08-21 17:24:45.406 | INFO     | app.worker:process_document:58 - 
BLOCK 22
TYPE: heading
HEADING: True
BOLD: False
NUMBERED: True
FONT SIZE: 10.0
TEXT: 6 explain that crossing over and random orientation
2026-08-21 17:24:45.407 | INFO     | app.worker:process_document:58 - 
BLOCK 23
TYPE: paragraph
HEADING: False
BOLD: False
NUMBERED: False
FONT SIZE: 10.0
TEXT: (independent assortment) of pairs of homologous
2026-08-21 17:24:45.408 | INFO     | app.worker:process_document:58 - 
BLOCK 24
TYPE: paragraph
HEADING: False
BOLD: False
NUMBERED: False
FONT SIZE: 10.0
TEXT: chromosomes and sister chromatids during meiosis produces
2026-08-21 17:24:45.410 | INFO     | app.worker:process_document:58 - 
BLOCK 25
TYPE: paragraph
HEADING: False
BOLD: False
NUMBERED: False
FONT SIZE: 10.0
TEXT: genetically different gametes
2026-08-21 17:24:45.410 | INFO     | app.worker:process_document:58 - 
BLOCK 26
TYPE: heading
HEADING: True
BOLD: False
NUMBERED: True
FONT SIZE: 10.0
TEXT: 7 explain that the random fusion of gametes at fertilisation
2026-08-21 17:24:45.411 | INFO     | app.worker:process_document:58 - 
BLOCK 27
TYPE: paragraph
HEADING: False
BOLD: False
NUMBERED: False
FONT SIZE: 10.0
TEXT: produces genetically different individuals
2026-08-21 17:24:45.412 | INFO     | app.worker:process_document:58 - 
BLOCK 28
TYPE: heading
HEADING: True
BOLD: False
NUMBERED: True
FONT SIZE: 10.0
TEXT: 16.2 The roles of genes in Learning outcomes
2026-08-21 17:24:45.413 | INFO     | app.worker:process_document:58 - 
BLOCK 29
TYPE: paragraph
HEADING: False
BOLD: False
NUMBERED: False
FONT SIZE: 10.0
TEXT: determining the phenotype Candidates should be able to:
2026-08-21 17:24:45.413 | INFO     | app.worker:process_document:58 - 
BLOCK 30
TYPE: heading
HEADING: True
BOLD: False
NUMBERED: True
FONT SIZE: 10.0
TEXT: 1 explain the terms gene, locus, allele, dominant, recessive,
2026-08-21 17:24:45.413 | INFO     | app.worker:process_document:58 - 
BLOCK 31
TYPE: paragraph
HEADING: False
BOLD: False
NUMBERED: False
FONT SIZE: 10.0
TEXT: codominant, linkage, test cross, F1, F2, phenotype, genotype,
2026-08-21 17:24:45.414 | INFO     | app.worker:process_document:58 - 
BLOCK 32
TYPE: paragraph
HEADING: False
BOLD: False
NUMBERED: False
FONT SIZE: 10.0
TEXT: homozygous and heterozygous
2026-08-21 17:24:45.414 | INFO     | app.worker:process_document:58 - 
BLOCK 33
TYPE: heading
HEADING: True
BOLD: False
NUMBERED: True
FONT SIZE: 10.0
TEXT: 2 interpret and construct genetic diagrams, including Punnett
2026-08-21 17:24:45.415 | INFO     | app.worker:process_document:58 - 
BLOCK 34
TYPE: paragraph
HEADING: False
BOLD: False
NUMBERED: False
FONT SIZE: 10.0
TEXT: squares, to explain and predict the results of monohybrid
2026-08-21 17:24:45.426 | INFO     | app.worker:process_document:58 - 
BLOCK 35
TYPE: paragraph
HEADING: False
BOLD: False
NUMBERED: False
FONT SIZE: 10.0
TEXT: crosses and dihybrid crosses that involve dominance,
2026-08-21 17:24:45.427 | INFO     | app.worker:process_document:58 - 
BLOCK 36
TYPE: paragraph
HEADING: False
BOLD: False
NUMBERED: False
FONT SIZE: 10.0
TEXT: codominance, multiple alleles and sex linkage
2026-08-21 17:24:45.430 | INFO     | app.worker:process_document:58 - 
BLOCK 37
TYPE: heading
HEADING: True
BOLD: False
NUMBERED: True
FONT SIZE: 10.0
TEXT: 3 interpret and construct genetic diagrams, including Punnett
2026-08-21 17:24:45.431 | INFO     | app.worker:process_document:58 - 
BLOCK 38
TYPE: paragraph
HEADING: False
BOLD: False
NUMBERED: False
FONT SIZE: 10.0
TEXT: squares, to explain and predict the results of dihybrid crosses
2026-08-21 17:24:45.437 | INFO     | app.worker:process_document:58 - 
BLOCK 39
TYPE: paragraph
HEADING: False
BOLD: False
NUMBERED: False
FONT SIZE: 10.0
TEXT: that involve autosomal linkage and epistasis (knowledge
2026-08-21 17:24:45.439 | INFO     | app.worker:process_document:58 - 
BLOCK 40
TYPE: paragraph
HEADING: False
BOLD: False
NUMBERED: False
FONT SIZE: 10.0
TEXT: of the expected ratios for different types of epistasis is not
2026-08-21 17:24:45.441 | INFO     | app.worker:process_document:58 - 
BLOCK 41
TYPE: paragraph
HEADING: False
BOLD: False
NUMBERED: False
FONT SIZE: 10.0
TEXT: expected)
2026-08-21 17:24:45.444 | INFO     | app.worker:process_document:58 - 
BLOCK 42
TYPE: heading
HEADING: True
BOLD: False
NUMBERED: True
FONT SIZE: 10.0
TEXT: 4 interpret and construct genetic diagrams, including Punnett
2026-08-21 17:24:45.447 | INFO     | app.worker:process_document:58 - 
BLOCK 43
TYPE: paragraph
HEADING: False
BOLD: False
NUMBERED: False
FONT SIZE: 10.0
TEXT: squares, to explain and predict the results of test crosses
2026-08-21 17:24:45.454 | INFO     | app.worker:process_document:58 - 
BLOCK 44
TYPE: heading
HEADING: True
BOLD: False
NUMBERED: True
FONT SIZE: 10.0
TEXT: 5 use the chi-squared test to test the significance of differences
2026-08-21 17:24:45.456 | INFO     | app.worker:process_document:58 - 
BLOCK 45
TYPE: paragraph
HEADING: False
BOLD: False
NUMBERED: False
FONT SIZE: 10.0
TEXT: between observed and expected results (the formula for
2026-08-21 17:24:45.457 | INFO     | app.worker:process_document:58 - 
BLOCK 46
TYPE: paragraph
HEADING: False
BOLD: False
NUMBERED: False
FONT SIZE: 10.0
TEXT: the chi-squared test will be provided, as shown in the
2026-08-21 17:24:45.458 | INFO     | app.worker:process_document:58 - 
BLOCK 47
TYPE: paragraph
HEADING: False
BOLD: False
NUMBERED: False
FONT SIZE: 10.0
TEXT: Mathematical requirements)
2026-08-21 17:24:45.459 | INFO     | app.worker:process_document:58 - 
BLOCK 48
TYPE: paragraph
HEADING: False
BOLD: False
NUMBERED: False
FONT SIZE: 10.0
TEXT: continued
2026-08-21 17:24:45.459 | INFO     | app.worker:process_document:58 - 
BLOCK 49
TYPE: paragraph
HEADING: False
BOLD: False
NUMBERED: False
FONT SIZE: 9.17
TEXT: Back to contents page www.cambridgeinternational.org/alevel 42
2026-08-21 17:24:45.460 | INFO     | app.worker:process_document:52 - 
PAGE 43 (30 blocks)
2026-08-21 17:24:45.461 | INFO     | app.worker:process_document:58 - 
BLOCK 0
TYPE: paragraph
HEADING: False
BOLD: False
NUMBERED: False
FONT SIZE: 9.0
TEXT: Cambridge International AS & A Level Biology 9700 syllabus for 2028, 2029 and 2030. Subject content
2026-08-21 17:24:45.461 | INFO     | app.worker:process_document:58 - 
BLOCK 1
TYPE: heading
HEADING: True
BOLD: False
NUMBERED: True
FONT SIZE: 10.0
TEXT: 16.2 The roles of genes in Learning outcomes
2026-08-21 17:24:45.462 | INFO     | app.worker:process_document:58 - 
BLOCK 2
TYPE: paragraph
HEADING: False
BOLD: False
NUMBERED: False
FONT SIZE: 10.0
TEXT: determining the phenotype Candidates should be able to:
2026-08-21 17:24:45.462 | INFO     | app.worker:process_document:58 - 
BLOCK 3
TYPE: paragraph
HEADING: False
BOLD: False
NUMBERED: False
FONT SIZE: 10.0
TEXT: continued
2026-08-21 17:24:45.463 | INFO     | app.worker:process_document:58 - 
BLOCK 4
TYPE: heading
HEADING: True
BOLD: False
NUMBERED: True
FONT SIZE: 10.0
TEXT: 6 explain the relationship between genes, proteins and
2026-08-21 17:24:45.463 | INFO     | app.worker:process_document:58 - 
BLOCK 5
TYPE: paragraph
HEADING: False
BOLD: False
NUMBERED: False
FONT SIZE: 10.0
TEXT: phenotype with respect to the:
2026-08-21 17:24:45.464 | INFO     | app.worker:process_document:58 - 
BLOCK 6
TYPE: paragraph
HEADING: False
BOLD: False
NUMBERED: False
FONT SIZE: 10.0
TEXT: • TYR gene, tyrosinase and albinism
2026-08-21 17:24:45.474 | INFO     | app.worker:process_document:58 - 
BLOCK 7
TYPE: paragraph
HEADING: False
BOLD: False
NUMBERED: False
FONT SIZE: 10.0
TEXT: • HBB gene, haemoglobin and sickle cell anaemia
2026-08-21 17:24:45.475 | INFO     | app.worker:process_document:58 - 
BLOCK 8
TYPE: paragraph
HEADING: False
BOLD: False
NUMBERED: False
FONT SIZE: 10.07
TEXT: • F8 gene, factor VIII and haemophilia
2026-08-21 17:24:45.476 | INFO     | app.worker:process_document:58 - 
BLOCK 9
TYPE: paragraph
HEADING: False
BOLD: False
NUMBERED: False
FONT SIZE: 10.0
TEXT: • HTT gene, huntingtin and Huntington’s disease
2026-08-21 17:24:45.477 | INFO     | app.worker:process_document:58 - 
BLOCK 10
TYPE: heading
HEADING: True
BOLD: False
NUMBERED: True
FONT SIZE: 10.0
TEXT: 7 explain the role of gibberellin in stem elongation including
2026-08-21 17:24:45.477 | INFO     | app.worker:process_document:58 - 
BLOCK 11
TYPE: paragraph
HEADING: False
BOLD: False
NUMBERED: False
FONT SIZE: 10.0
TEXT: the role of the dominant allele, Le , that codes for a functional
2026-08-21 17:24:45.478 | INFO     | app.worker:process_document:58 - 
BLOCK 12
TYPE: paragraph
HEADING: False
BOLD: False
NUMBERED: False
FONT SIZE: 10.0
TEXT: enzyme in the gibberellin synthesis pathway, and the
2026-08-21 17:24:45.479 | INFO     | app.worker:process_document:58 - 
BLOCK 13
TYPE: paragraph
HEADING: False
BOLD: False
NUMBERED: False
FONT SIZE: 10.0
TEXT: recessive allele, le , that codes for a non-functional enzyme
2026-08-21 17:24:45.480 | INFO     | app.worker:process_document:58 - 
BLOCK 14
TYPE: heading
HEADING: True
BOLD: False
NUMBERED: True
FONT SIZE: 10.0
TEXT: 16.3 Gene control Learning outcomes
2026-08-21 17:24:45.481 | INFO     | app.worker:process_document:58 - 
BLOCK 15
TYPE: paragraph
HEADING: False
BOLD: False
NUMBERED: False
FONT SIZE: 10.0
TEXT: Candidates should be able to:
2026-08-21 17:24:45.481 | INFO     | app.worker:process_document:58 - 
BLOCK 16
TYPE: heading
HEADING: True
BOLD: False
NUMBERED: True
FONT SIZE: 10.0
TEXT: 1 describe the differences between structural genes and
2026-08-21 17:24:45.492 | INFO     | app.worker:process_document:58 - 
BLOCK 17
TYPE: paragraph
HEADING: False
BOLD: False
NUMBERED: False
FONT SIZE: 10.0
TEXT: regulatory genes and the differences between repressible
2026-08-21 17:24:45.493 | INFO     | app.worker:process_document:58 - 
BLOCK 18
TYPE: paragraph
HEADING: False
BOLD: False
NUMBERED: False
FONT SIZE: 10.0
TEXT: enzymes and inducible enzymes
2026-08-21 17:24:45.493 | INFO     | app.worker:process_document:58 - 
BLOCK 19
TYPE: heading
HEADING: True
BOLD: False
NUMBERED: True
FONT SIZE: 10.0
TEXT: 2 explain genetic control of protein production in a prokaryote
2026-08-21 17:24:45.494 | INFO     | app.worker:process_document:58 - 
BLOCK 20
TYPE: paragraph
HEADING: False
BOLD: False
NUMBERED: False
FONT SIZE: 10.0
TEXT: using the lac operon (knowledge of the role of cAMP is not
2026-08-21 17:24:45.494 | INFO     | app.worker:process_document:58 - 
BLOCK 21
TYPE: paragraph
HEADING: False
BOLD: False
NUMBERED: False
FONT SIZE: 10.0
TEXT: expected)
2026-08-21 17:24:45.495 | INFO     | app.worker:process_document:58 - 
BLOCK 22
TYPE: heading
HEADING: True
BOLD: False
NUMBERED: True
FONT SIZE: 10.0
TEXT: 3 state that transcription factors are proteins that bind to
2026-08-21 17:24:45.495 | INFO     | app.worker:process_document:58 - 
BLOCK 23
TYPE: paragraph
HEADING: False
BOLD: False
NUMBERED: False
FONT SIZE: 10.0
TEXT: DNA and are involved in the control of gene expression
2026-08-21 17:24:45.496 | INFO     | app.worker:process_document:58 - 
BLOCK 24
TYPE: paragraph
HEADING: False
BOLD: False
NUMBERED: False
FONT SIZE: 10.0
TEXT: in eukaryotes by decreasing or increasing the rate of
2026-08-21 17:24:45.497 | INFO     | app.worker:process_document:58 - 
BLOCK 25
TYPE: paragraph
HEADING: False
BOLD: False
NUMBERED: False
FONT SIZE: 10.0
TEXT: transcription
2026-08-21 17:24:45.502 | INFO     | app.worker:process_document:58 - 
BLOCK 26
TYPE: heading
HEADING: True
BOLD: False
NUMBERED: True
FONT SIZE: 10.0
TEXT: 4 explain how gibberellin activates genes by causing the
2026-08-21 17:24:45.503 | INFO     | app.worker:process_document:58 - 
BLOCK 27
TYPE: paragraph
HEADING: False
BOLD: False
NUMBERED: False
FONT SIZE: 10.0
TEXT: breakdown of DELLA protein repressors, which normally
2026-08-21 17:24:45.504 | INFO     | app.worker:process_document:58 - 
BLOCK 28
TYPE: paragraph
HEADING: False
BOLD: False
NUMBERED: False
FONT SIZE: 10.0
TEXT: inhibit factors that promote transcription
2026-08-21 17:24:45.506 | INFO     | app.worker:process_document:58 - 
BLOCK 29
TYPE: paragraph
HEADING: False
BOLD: False
NUMBERED: False
FONT SIZE: 9.17
TEXT: Back to contents page www.cambridgeinternational.org/alevel 43
2026-08-21 17:24:45.507 | INFO     | app.worker:process_document:52 - 
PAGE 44 (47 blocks)
2026-08-21 17:24:45.507 | INFO     | app.worker:process_document:58 - 
BLOCK 0
TYPE: paragraph
HEADING: False
BOLD: False
NUMBERED: False
FONT SIZE: 9.0
TEXT: Cambridge International AS & A Level Biology 9700 syllabus for 2028, 2029 and 2030. Subject content
2026-08-21 17:24:45.509 | INFO     | app.worker:process_document:58 - 
BLOCK 1
TYPE: heading
HEADING: True
BOLD: False
NUMBERED: True
FONT SIZE: 10.0
TEXT: 17 Selection and evolution
2026-08-21 17:24:45.509 | INFO     | app.worker:process_document:58 - 
BLOCK 2
TYPE: paragraph
HEADING: False
BOLD: False
NUMBERED: False
FONT SIZE: 10.0
TEXT: In 1858, Charles Darwin and Alfred Russel Wallace proposed a theory of natural selection to account for
2026-08-21 17:24:45.510 | INFO     | app.worker:process_document:58 - 
BLOCK 3
TYPE: paragraph
HEADING: False
BOLD: False
NUMBERED: False
FONT SIZE: 10.0
TEXT: the evolution of species. A year later, Darwin published On the Origin of Species , providing evidence for
2026-08-21 17:24:45.510 | INFO     | app.worker:process_document:58 - 
BLOCK 4
TYPE: paragraph
HEADING: False
BOLD: False
NUMBERED: False
FONT SIZE: 10.0
TEXT: the way in which aspects of the environment act as agents of selection and determine which phenotypic
2026-08-21 17:24:45.510 | INFO     | app.worker:process_document:58 - 
BLOCK 5
TYPE: paragraph
HEADING: False
BOLD: False
NUMBERED: False
FONT SIZE: 10.0
TEXT: forms survive and which do not. The individuals best adapted to the prevailing conditions are most likely to
2026-08-21 17:24:45.511 | INFO     | app.worker:process_document:58 - 
BLOCK 6
TYPE: paragraph
HEADING: False
BOLD: False
NUMBERED: False
FONT SIZE: 10.0
TEXT: succeed in the ‘struggle for existence’.
2026-08-21 17:24:45.511 | INFO     | app.worker:process_document:58 - 
BLOCK 7
TYPE: heading
HEADING: True
BOLD: False
NUMBERED: True
FONT SIZE: 10.0
TEXT: 17.1 Variation Learning outcomes
2026-08-21 17:24:45.512 | INFO     | app.worker:process_document:58 - 
BLOCK 8
TYPE: paragraph
HEADING: False
BOLD: False
NUMBERED: False
FONT SIZE: 10.0
TEXT: Candidates should be able to:
2026-08-21 17:24:45.512 | INFO     | app.worker:process_document:58 - 
BLOCK 9
TYPE: heading
HEADING: True
BOLD: False
NUMBERED: True
FONT SIZE: 10.0
TEXT: 1 explain, with examples, that phenotypic variation is due to
2026-08-21 17:24:45.513 | INFO     | app.worker:process_document:58 - 
BLOCK 10
TYPE: paragraph
HEADING: False
BOLD: False
NUMBERED: False
FONT SIZE: 10.0
TEXT: genetic factors or environmental factors or a combination of
2026-08-21 17:24:45.515 | INFO     | app.worker:process_document:58 - 
BLOCK 11
TYPE: paragraph
HEADING: False
BOLD: False
NUMBERED: False
FONT SIZE: 10.0
TEXT: genetic and environmental factors
2026-08-21 17:24:45.522 | INFO     | app.worker:process_document:58 - 
BLOCK 12
TYPE: heading
HEADING: True
BOLD: False
NUMBERED: True
FONT SIZE: 10.0
TEXT: 2 explain what is meant by discontinuous variation and
2026-08-21 17:24:45.523 | INFO     | app.worker:process_document:58 - 
BLOCK 13
TYPE: paragraph
HEADING: False
BOLD: False
NUMBERED: False
FONT SIZE: 10.0
TEXT: continuous variation
2026-08-21 17:24:45.525 | INFO     | app.worker:process_document:58 - 
BLOCK 14
TYPE: heading
HEADING: True
BOLD: False
NUMBERED: True
FONT SIZE: 10.0
TEXT: 3 explain the genetic basis of discontinuous variation and
2026-08-21 17:24:45.526 | INFO     | app.worker:process_document:58 - 
BLOCK 15
TYPE: paragraph
HEADING: False
BOLD: False
NUMBERED: False
FONT SIZE: 10.0
TEXT: continuous variation
2026-08-21 17:24:45.526 | INFO     | app.worker:process_document:58 - 
BLOCK 16
TYPE: heading
HEADING: True
BOLD: False
NUMBERED: True
FONT SIZE: 10.0
TEXT: 4 use the t -test to compare the means of two different samples
2026-08-21 17:24:45.527 | INFO     | app.worker:process_document:58 - 
BLOCK 17
TYPE: paragraph
HEADING: False
BOLD: False
NUMBERED: False
FONT SIZE: 10.0
TEXT: (the formula for the t -test will be provided, as shown in the
2026-08-21 17:24:45.527 | INFO     | app.worker:process_document:58 - 
BLOCK 18
TYPE: paragraph
HEADING: False
BOLD: False
NUMBERED: False
FONT SIZE: 10.0
TEXT: Mathematical requirements)
2026-08-21 17:24:45.528 | INFO     | app.worker:process_document:58 - 
BLOCK 19
TYPE: heading
HEADING: True
BOLD: False
NUMBERED: True
FONT SIZE: 10.0
TEXT: 17.2 Natural and artificial Learning outcomes
2026-08-21 17:24:45.529 | INFO     | app.worker:process_document:58 - 
BLOCK 20
TYPE: paragraph
HEADING: False
BOLD: False
NUMBERED: False
FONT SIZE: 10.0
TEXT: selection Candidates should be able to:
2026-08-21 17:24:45.529 | INFO     | app.worker:process_document:58 - 
BLOCK 21
TYPE: heading
HEADING: True
BOLD: False
NUMBERED: True
FONT SIZE: 10.0
TEXT: 1 explain that natural selection occurs because populations
2026-08-21 17:24:45.530 | INFO     | app.worker:process_document:58 - 
BLOCK 22
TYPE: paragraph
HEADING: False
BOLD: False
NUMBERED: False
FONT SIZE: 10.0
TEXT: have the capacity to produce many offspring that compete for
2026-08-21 17:24:45.530 | INFO     | app.worker:process_document:58 - 
BLOCK 23
TYPE: paragraph
HEADING: False
BOLD: False
NUMBERED: False
FONT SIZE: 10.0
TEXT: resources; in the ‘struggle for existence’, individuals that are
2026-08-21 17:24:45.531 | INFO     | app.worker:process_document:58 - 
BLOCK 24
TYPE: paragraph
HEADING: False
BOLD: False
NUMBERED: False
FONT SIZE: 10.0
TEXT: best adapted are most likely to survive to reproduce and pass
2026-08-21 17:24:45.531 | INFO     | app.worker:process_document:58 - 
BLOCK 25
TYPE: paragraph
HEADING: False
BOLD: False
NUMBERED: False
FONT SIZE: 10.0
TEXT: on their alleles to the next generation
2026-08-21 17:24:45.545 | INFO     | app.worker:process_document:58 - 
BLOCK 26
TYPE: heading
HEADING: True
BOLD: False
NUMBERED: True
FONT SIZE: 10.0
TEXT: 2 explain how environmental factors can act as stabilising,
2026-08-21 17:24:45.557 | INFO     | app.worker:process_document:58 - 
BLOCK 27
TYPE: paragraph
HEADING: False
BOLD: False
NUMBERED: False
FONT SIZE: 10.0
TEXT: disruptive and directional forces of natural selection
2026-08-21 17:24:45.559 | INFO     | app.worker:process_document:58 - 
BLOCK 28
TYPE: heading
HEADING: True
BOLD: False
NUMBERED: True
FONT SIZE: 10.0
TEXT: 3 explain how selection, the founder effect and genetic drift,
2026-08-21 17:24:45.561 | INFO     | app.worker:process_document:58 - 
BLOCK 29
TYPE: paragraph
HEADING: False
BOLD: False
NUMBERED: False
FONT SIZE: 10.0
TEXT: including the bottleneck effect, may affect allele frequencies in
2026-08-21 17:24:45.564 | INFO     | app.worker:process_document:58 - 
BLOCK 30
TYPE: paragraph
HEADING: False
BOLD: False
NUMBERED: False
FONT SIZE: 10.0
TEXT: populations
2026-08-21 17:24:45.565 | INFO     | app.worker:process_document:58 - 
BLOCK 31
TYPE: heading
HEADING: True
BOLD: False
NUMBERED: True
FONT SIZE: 10.0
TEXT: 4 outline how bacteria become resistant to antibiotics as an
2026-08-21 17:24:45.574 | INFO     | app.worker:process_document:58 - 
BLOCK 32
TYPE: paragraph
HEADING: False
BOLD: False
NUMBERED: False
FONT SIZE: 10.0
TEXT: example of natural selection
2026-08-21 17:24:45.575 | INFO     | app.worker:process_document:58 - 
BLOCK 33
TYPE: heading
HEADING: True
BOLD: False
NUMBERED: True
FONT SIZE: 10.0
TEXT: 5 use the Hardy–Weinberg principle to calculate allele and
2026-08-21 17:24:45.576 | INFO     | app.worker:process_document:58 - 
BLOCK 34
TYPE: paragraph
HEADING: False
BOLD: False
NUMBERED: False
FONT SIZE: 10.0
TEXT: genotype frequencies in populations and state the conditions
2026-08-21 17:24:45.577 | INFO     | app.worker:process_document:58 - 
BLOCK 35
TYPE: paragraph
HEADING: False
BOLD: False
NUMBERED: False
FONT SIZE: 10.0
TEXT: when this principle can be applied (the two equations for the
2026-08-21 17:24:45.577 | INFO     | app.worker:process_document:58 - 
BLOCK 36
TYPE: paragraph
HEADING: False
BOLD: False
NUMBERED: False
FONT SIZE: 10.0
TEXT: Hardy–Weinberg principle will be provided, as shown in the
2026-08-21 17:24:45.578 | INFO     | app.worker:process_document:58 - 
BLOCK 37
TYPE: paragraph
HEADING: False
BOLD: False
NUMBERED: False
FONT SIZE: 10.0
TEXT: Mathematical requirements)
2026-08-21 17:24:45.578 | INFO     | app.worker:process_document:58 - 
BLOCK 38
TYPE: heading
HEADING: True
BOLD: False
NUMBERED: True
FONT SIZE: 10.0
TEXT: 6 describe the principles of selective breeding (artificial
2026-08-21 17:24:45.579 | INFO     | app.worker:process_document:58 - 
BLOCK 39
TYPE: paragraph
HEADING: False
BOLD: False
NUMBERED: False
FONT SIZE: 10.0
TEXT: selection)
2026-08-21 17:24:45.580 | INFO     | app.worker:process_document:58 - 
BLOCK 40
TYPE: heading
HEADING: True
BOLD: False
NUMBERED: True
FONT SIZE: 10.0
TEXT: 7 outline the following examples of selective breeding:
2026-08-21 17:24:45.593 | INFO     | app.worker:process_document:58 - 
BLOCK 41
TYPE: paragraph
HEADING: False
BOLD: False
NUMBERED: False
FONT SIZE: 10.0
TEXT: • the introduction of disease resistance to varieties of wheat
2026-08-21 17:24:45.595 | INFO     | app.worker:process_document:58 - 
BLOCK 42
TYPE: paragraph
HEADING: False
BOLD: False
NUMBERED: False
FONT SIZE: 10.0
TEXT: and rice
2026-08-21 17:24:45.596 | INFO     | app.worker:process_document:58 - 
BLOCK 43
TYPE: paragraph
HEADING: False
BOLD: False
NUMBERED: False
FONT SIZE: 10.0
TEXT: • inbreeding and hybridisation to produce vigorous, uniform
2026-08-21 17:24:45.597 | INFO     | app.worker:process_document:58 - 
BLOCK 44
TYPE: paragraph
HEADING: False
BOLD: False
NUMBERED: False
FONT SIZE: 10.0
TEXT: varieties of maize
2026-08-21 17:24:45.598 | INFO     | app.worker:process_document:58 - 
BLOCK 45
TYPE: paragraph
HEADING: False
BOLD: False
NUMBERED: False
FONT SIZE: 10.0
TEXT: • improving the milk yield of dairy cattle
2026-08-21 17:24:45.625 | INFO     | app.worker:process_document:58 - 
BLOCK 46
TYPE: paragraph
HEADING: False
BOLD: False
NUMBERED: False
FONT SIZE: 9.17
TEXT: Back to contents page www.cambridgeinternational.org/alevel 44
2026-08-21 17:24:45.626 | INFO     | app.worker:process_document:52 - 
PAGE 45 (15 blocks)
2026-08-21 17:24:45.627 | INFO     | app.worker:process_document:58 - 
BLOCK 0
TYPE: paragraph
HEADING: False
BOLD: False
NUMBERED: False
FONT SIZE: 9.0
TEXT: Cambridge International AS & A Level Biology 9700 syllabus for 2028, 2029 and 2030. Subject content
2026-08-21 17:24:45.627 | INFO     | app.worker:process_document:58 - 
BLOCK 1
TYPE: heading
HEADING: True
BOLD: False
NUMBERED: True
FONT SIZE: 10.0
TEXT: 17.3 Evolution Learning outcomes
2026-08-21 17:24:45.628 | INFO     | app.worker:process_document:58 - 
BLOCK 2
TYPE: paragraph
HEADING: False
BOLD: False
NUMBERED: False
FONT SIZE: 10.0
TEXT: Candidates should be able to:
2026-08-21 17:24:45.629 | INFO     | app.worker:process_document:58 - 
BLOCK 3
TYPE: heading
HEADING: True
BOLD: False
NUMBERED: True
FONT SIZE: 10.0
TEXT: 1 outline the theory of evolution as a process leading to the
2026-08-21 17:24:45.630 | INFO     | app.worker:process_document:58 - 
BLOCK 4
TYPE: paragraph
HEADING: False
BOLD: False
NUMBERED: False
FONT SIZE: 10.0
TEXT: formation of new species from pre-existing species over
2026-08-21 17:24:45.631 | INFO     | app.worker:process_document:58 - 
BLOCK 5
TYPE: paragraph
HEADING: False
BOLD: False
NUMBERED: False
FONT SIZE: 10.0
TEXT: time, as a result of changes to gene pools from generation to
2026-08-21 17:24:45.631 | INFO     | app.worker:process_document:58 - 
BLOCK 6
TYPE: paragraph
HEADING: False
BOLD: False
NUMBERED: False
FONT SIZE: 10.0
TEXT: generation
2026-08-21 17:24:45.639 | INFO     | app.worker:process_document:58 - 
BLOCK 7
TYPE: heading
HEADING: True
BOLD: False
NUMBERED: True
FONT SIZE: 10.0
TEXT: 2 discuss how DNA sequence data can show evolutionary
2026-08-21 17:24:45.640 | INFO     | app.worker:process_document:58 - 
BLOCK 8
TYPE: paragraph
HEADING: False
BOLD: False
NUMBERED: False
FONT SIZE: 10.0
TEXT: relationships between species
2026-08-21 17:24:45.641 | INFO     | app.worker:process_document:58 - 
BLOCK 9
TYPE: heading
HEADING: True
BOLD: False
NUMBERED: True
FONT SIZE: 10.0
TEXT: 3 explain how speciation may occur as a result of genetic
2026-08-21 17:24:45.642 | INFO     | app.worker:process_document:58 - 
BLOCK 10
TYPE: paragraph
HEADING: False
BOLD: False
NUMBERED: False
FONT SIZE: 10.0
TEXT: isolation by:
2026-08-21 17:24:45.643 | INFO     | app.worker:process_document:58 - 
BLOCK 11
TYPE: paragraph
HEADING: False
BOLD: False
NUMBERED: False
FONT SIZE: 10.0
TEXT: • geographical separation (allopatric speciation)
2026-08-21 17:24:45.644 | INFO     | app.worker:process_document:58 - 
BLOCK 12
TYPE: paragraph
HEADING: False
BOLD: False
NUMBERED: False
FONT SIZE: 10.0
TEXT: • ecological and behavioural separation (sympatric
2026-08-21 17:24:45.645 | INFO     | app.worker:process_document:58 - 
BLOCK 13
TYPE: paragraph
HEADING: False
BOLD: False
NUMBERED: False
FONT SIZE: 10.0
TEXT: speciation)
2026-08-21 17:24:45.646 | INFO     | app.worker:process_document:58 - 
BLOCK 14
TYPE: paragraph
HEADING: False
BOLD: False
NUMBERED: False
FONT SIZE: 9.17
TEXT: Back to contents page www.cambridgeinternational.org/alevel 45
2026-08-21 17:24:45.647 | INFO     | app.worker:process_document:52 - 
PAGE 46 (49 blocks)
2026-08-21 17:24:45.648 | INFO     | app.worker:process_document:58 - 
BLOCK 0
TYPE: paragraph
HEADING: False
BOLD: False
NUMBERED: False
FONT SIZE: 9.0
TEXT: Cambridge International AS & A Level Biology 9700 syllabus for 2028, 2029 and 2030. Subject content
2026-08-21 17:24:45.658 | INFO     | app.worker:process_document:58 - 
BLOCK 1
TYPE: heading
HEADING: True
BOLD: False
NUMBERED: True
FONT SIZE: 10.0
TEXT: 18 Classification, biodiversity and conservation
2026-08-21 17:24:45.660 | INFO     | app.worker:process_document:58 - 
BLOCK 2
TYPE: paragraph
HEADING: False
BOLD: False
NUMBERED: False
FONT SIZE: 10.0
TEXT: Classification systems attempt to order all the organisms that exist on Earth according to their characteristics
2026-08-21 17:24:45.660 | INFO     | app.worker:process_document:58 - 
BLOCK 3
TYPE: paragraph
HEADING: False
BOLD: False
NUMBERED: False
FONT SIZE: 10.0
TEXT: and evolutionary relationships with one another. There are opportunities in this topic for candidates to
2026-08-21 17:24:45.661 | INFO     | app.worker:process_document:58 - 
BLOCK 4
TYPE: paragraph
HEADING: False
BOLD: False
NUMBERED: False
FONT SIZE: 10.0
TEXT: observe different species in their locality and assess species distribution and abundance. Fieldwork is
2026-08-21 17:24:45.662 | INFO     | app.worker:process_document:58 - 
BLOCK 5
TYPE: paragraph
HEADING: False
BOLD: False
NUMBERED: False
FONT SIZE: 10.0
TEXT: an important part of a biological education because it provides opportunities to appreciate and analyse
2026-08-21 17:24:45.662 | INFO     | app.worker:process_document:58 - 
BLOCK 6
TYPE: paragraph
HEADING: False
BOLD: False
NUMBERED: False
FONT SIZE: 10.0
TEXT: biodiversity, and to study the interactions between organisms and their environment. The biodiversity of
2026-08-21 17:24:45.663 | INFO     | app.worker:process_document:58 - 
BLOCK 7
TYPE: paragraph
HEADING: False
BOLD: False
NUMBERED: False
FONT SIZE: 10.0
TEXT: the Earth is threatened by human activities and climate change. Conserving biodiversity is a difficult task;
2026-08-21 17:24:45.663 | INFO     | app.worker:process_document:58 - 
BLOCK 8
TYPE: paragraph
HEADING: False
BOLD: False
NUMBERED: False
FONT SIZE: 10.0
TEXT: individuals, local groups, national and international organisations can all make significant contributions.
2026-08-21 17:24:45.664 | INFO     | app.worker:process_document:58 - 
BLOCK 9
TYPE: paragraph
HEADING: False
BOLD: False
NUMBERED: False
FONT SIZE: 10.0
TEXT: Candidates should appreciate the threats to biodiversity and consider some of the steps taken in
2026-08-21 17:24:45.670 | INFO     | app.worker:process_document:58 - 
BLOCK 10
TYPE: paragraph
HEADING: False
BOLD: False
NUMBERED: False
FONT SIZE: 10.0
TEXT: conservation, both locally and globally.
2026-08-21 17:24:45.673 | INFO     | app.worker:process_document:58 - 
BLOCK 11
TYPE: heading
HEADING: True
BOLD: False
NUMBERED: True
FONT SIZE: 10.0
TEXT: 18.1 Classification Learning outcomes
2026-08-21 17:24:45.675 | INFO     | app.worker:process_document:58 - 
BLOCK 12
TYPE: paragraph
HEADING: False
BOLD: False
NUMBERED: False
FONT SIZE: 10.0
TEXT: Candidates should be able to:
2026-08-21 17:24:45.675 | INFO     | app.worker:process_document:58 - 
BLOCK 13
TYPE: heading
HEADING: True
BOLD: False
NUMBERED: True
FONT SIZE: 10.0
TEXT: 1 discuss the meaning of the term species, limited to the
2026-08-21 17:24:45.676 | INFO     | app.worker:process_document:58 - 
BLOCK 14
TYPE: paragraph
HEADING: False
BOLD: False
NUMBERED: False
FONT SIZE: 10.0
TEXT: biological species concept, morphological species concept
2026-08-21 17:24:45.677 | INFO     | app.worker:process_document:58 - 
BLOCK 15
TYPE: paragraph
HEADING: False
BOLD: False
NUMBERED: False
FONT SIZE: 10.0
TEXT: and ecological species concept
2026-08-21 17:24:45.677 | INFO     | app.worker:process_document:58 - 
BLOCK 16
TYPE: heading
HEADING: True
BOLD: False
NUMBERED: True
FONT SIZE: 10.0
TEXT: 2 describe the classification of organisms into three domains:
2026-08-21 17:24:45.678 | INFO     | app.worker:process_document:58 - 
BLOCK 17
TYPE: paragraph
HEADING: False
BOLD: False
NUMBERED: False
FONT SIZE: 10.0
TEXT: Archaea, Bacteria and Eukarya
2026-08-21 17:24:45.679 | INFO     | app.worker:process_document:58 - 
BLOCK 18
TYPE: heading
HEADING: True
BOLD: False
NUMBERED: True
FONT SIZE: 10.0
TEXT: 3 state that Archaea and Bacteria are prokaryotes and that
2026-08-21 17:24:45.680 | INFO     | app.worker:process_document:58 - 
BLOCK 19
TYPE: paragraph
HEADING: False
BOLD: False
NUMBERED: False
FONT SIZE: 10.0
TEXT: there are differences between them, limited to differences
2026-08-21 17:24:45.681 | INFO     | app.worker:process_document:58 - 
BLOCK 20
TYPE: paragraph
HEADING: False
BOLD: False
NUMBERED: False
FONT SIZE: 10.0
TEXT: in membrane lipids, ribosomal RNA and composition of cell
2026-08-21 17:24:45.690 | INFO     | app.worker:process_document:58 - 
BLOCK 21
TYPE: paragraph
HEADING: False
BOLD: False
NUMBERED: False
FONT SIZE: 10.0
TEXT: walls
2026-08-21 17:24:45.691 | INFO     | app.worker:process_document:58 - 
BLOCK 22
TYPE: heading
HEADING: True
BOLD: False
NUMBERED: True
FONT SIZE: 10.0
TEXT: 4 describe the classification of organisms in the Eukarya
2026-08-21 17:24:45.691 | INFO     | app.worker:process_document:58 - 
BLOCK 23
TYPE: paragraph
HEADING: False
BOLD: False
NUMBERED: False
FONT SIZE: 10.0
TEXT: domain into the taxonomic hierarchy of kingdom, phylum,
2026-08-21 17:24:45.692 | INFO     | app.worker:process_document:58 - 
BLOCK 24
TYPE: paragraph
HEADING: False
BOLD: False
NUMBERED: False
FONT SIZE: 10.0
TEXT: class, order, family, genus and species
2026-08-21 17:24:45.692 | INFO     | app.worker:process_document:58 - 
BLOCK 25
TYPE: heading
HEADING: True
BOLD: False
NUMBERED: True
FONT SIZE: 10.0
TEXT: 5 outline the characteristic features of the kingdoms Protoctista,
2026-08-21 17:24:45.693 | INFO     | app.worker:process_document:58 - 
BLOCK 26
TYPE: paragraph
HEADING: False
BOLD: False
NUMBERED: False
FONT SIZE: 10.0
TEXT: Fungi, Plantae and Animalia
2026-08-21 17:24:45.693 | INFO     | app.worker:process_document:58 - 
BLOCK 27
TYPE: heading
HEADING: True
BOLD: False
NUMBERED: True
FONT SIZE: 10.0
TEXT: 6 outline how viruses are classified, limited to the type of nucleic
2026-08-21 17:24:45.694 | INFO     | app.worker:process_document:58 - 
BLOCK 28
TYPE: paragraph
HEADING: False
BOLD: False
NUMBERED: False
FONT SIZE: 10.0
TEXT: acid (RNA or DNA) and whether this is single stranded or
2026-08-21 17:24:45.694 | INFO     | app.worker:process_document:58 - 
BLOCK 29
TYPE: paragraph
HEADING: False
BOLD: False
NUMBERED: False
FONT SIZE: 10.0
TEXT: double stranded
2026-08-21 17:24:45.695 | INFO     | app.worker:process_document:58 - 
BLOCK 30
TYPE: heading
HEADING: True
BOLD: False
NUMBERED: True
FONT SIZE: 10.0
TEXT: 18.2 Biodiversity Learning outcomes
2026-08-21 17:24:45.695 | INFO     | app.worker:process_document:58 - 
BLOCK 31
TYPE: paragraph
HEADING: False
BOLD: False
NUMBERED: False
FONT SIZE: 10.0
TEXT: Candidates should be able to:
2026-08-21 17:24:45.696 | INFO     | app.worker:process_document:58 - 
BLOCK 32
TYPE: heading
HEADING: True
BOLD: False
NUMBERED: True
FONT SIZE: 10.0
TEXT: 1 define the terms ecosystem and niche
2026-08-21 17:24:45.697 | INFO     | app.worker:process_document:58 - 
BLOCK 33
TYPE: heading
HEADING: True
BOLD: False
NUMBERED: True
FONT SIZE: 10.0
TEXT: 2 explain that biodiversity can be assessed at different levels,
2026-08-21 17:24:45.697 | INFO     | app.worker:process_document:58 - 
BLOCK 34
TYPE: paragraph
HEADING: False
BOLD: False
NUMBERED: False
FONT SIZE: 10.0
TEXT: including:
2026-08-21 17:24:45.698 | INFO     | app.worker:process_document:58 - 
BLOCK 35
TYPE: paragraph
HEADING: False
BOLD: False
NUMBERED: False
FONT SIZE: 10.0
TEXT: • the number and range of different ecosystems and
2026-08-21 17:24:45.704 | INFO     | app.worker:process_document:58 - 
BLOCK 36
TYPE: paragraph
HEADING: False
BOLD: False
NUMBERED: False
FONT SIZE: 10.0
TEXT: habitats
2026-08-21 17:24:45.705 | INFO     | app.worker:process_document:58 - 
BLOCK 37
TYPE: paragraph
HEADING: False
BOLD: False
NUMBERED: False
FONT SIZE: 10.0
TEXT: • the number of species and their relative abundance
2026-08-21 17:24:45.708 | INFO     | app.worker:process_document:58 - 
BLOCK 38
TYPE: paragraph
HEADING: False
BOLD: False
NUMBERED: False
FONT SIZE: 10.0
TEXT: • the genetic variation within each species
2026-08-21 17:24:45.708 | INFO     | app.worker:process_document:58 - 
BLOCK 39
TYPE: heading
HEADING: True
BOLD: False
NUMBERED: True
FONT SIZE: 10.0
TEXT: 3 explain the importance of random sampling in determining the
2026-08-21 17:24:45.709 | INFO     | app.worker:process_document:58 - 
BLOCK 40
TYPE: paragraph
HEADING: False
BOLD: False
NUMBERED: False
FONT SIZE: 10.0
TEXT: biodiversity of an area
2026-08-21 17:24:45.711 | INFO     | app.worker:process_document:58 - 
BLOCK 41
TYPE: heading
HEADING: True
BOLD: False
NUMBERED: True
FONT SIZE: 10.0
TEXT: 4 describe and use suitable methods to assess the distribution
2026-08-21 17:24:45.712 | INFO     | app.worker:process_document:58 - 
BLOCK 42
TYPE: paragraph
HEADING: False
BOLD: False
NUMBERED: False
FONT SIZE: 10.0
TEXT: and abundance of organisms in an area, limited to frame
2026-08-21 17:24:45.713 | INFO     | app.worker:process_document:58 - 
BLOCK 43
TYPE: paragraph
HEADING: False
BOLD: False
NUMBERED: False
FONT SIZE: 10.0
TEXT: quadrats, line transects, belt transects and mark-release-
2026-08-21 17:24:45.713 | INFO     | app.worker:process_document:58 - 
BLOCK 44
TYPE: paragraph
HEADING: False
BOLD: False
NUMBERED: False
FONT SIZE: 10.0
TEXT: recapture using the Lincoln index (the formula for the Lincoln
2026-08-21 17:24:45.714 | INFO     | app.worker:process_document:58 - 
BLOCK 45
TYPE: paragraph
HEADING: False
BOLD: False
NUMBERED: False
FONT SIZE: 10.0
TEXT: index will be provided, as shown in the Mathematical
2026-08-21 17:24:45.714 | INFO     | app.worker:process_document:58 - 
BLOCK 46
TYPE: paragraph
HEADING: False
BOLD: False
NUMBERED: False
FONT SIZE: 10.0
TEXT: requirements)
2026-08-21 17:24:45.715 | INFO     | app.worker:process_document:58 - 
BLOCK 47
TYPE: paragraph
HEADING: False
BOLD: False
NUMBERED: False
FONT SIZE: 10.0
TEXT: continued
2026-08-21 17:24:45.724 | INFO     | app.worker:process_document:58 - 
BLOCK 48
TYPE: paragraph
HEADING: False
BOLD: False
NUMBERED: False
FONT SIZE: 9.17
TEXT: Back to contents page www.cambridgeinternational.org/alevel 46
2026-08-21 17:24:45.725 | INFO     | app.worker:process_document:52 - 
PAGE 47 (33 blocks)
2026-08-21 17:24:45.725 | INFO     | app.worker:process_document:58 - 
BLOCK 0
TYPE: paragraph
HEADING: False
BOLD: False
NUMBERED: False
FONT SIZE: 9.0
TEXT: Cambridge International AS & A Level Biology 9700 syllabus for 2028, 2029 and 2030. Subject content
2026-08-21 17:24:45.726 | INFO     | app.worker:process_document:58 - 
BLOCK 1
TYPE: heading
HEADING: True
BOLD: False
NUMBERED: True
FONT SIZE: 10.0
TEXT: 18.2 Biodiversity continued Learning outcomes
2026-08-21 17:24:45.726 | INFO     | app.worker:process_document:58 - 
BLOCK 2
TYPE: paragraph
HEADING: False
BOLD: False
NUMBERED: False
FONT SIZE: 10.0
TEXT: Candidates should be able to:
2026-08-21 17:24:45.727 | INFO     | app.worker:process_document:58 - 
BLOCK 3
TYPE: heading
HEADING: True
BOLD: False
NUMBERED: True
FONT SIZE: 10.0
TEXT: 5 use Spearman’s rank correlation and Pearson’s linear
2026-08-21 17:24:45.727 | INFO     | app.worker:process_document:58 - 
BLOCK 4
TYPE: paragraph
HEADING: False
BOLD: False
NUMBERED: False
FONT SIZE: 10.0
TEXT: correlation to analyse the relationships between two variables,
2026-08-21 17:24:45.728 | INFO     | app.worker:process_document:58 - 
BLOCK 5
TYPE: paragraph
HEADING: False
BOLD: False
NUMBERED: False
FONT SIZE: 10.0
TEXT: including how biotic and abiotic factors affect the distribution
2026-08-21 17:24:45.730 | INFO     | app.worker:process_document:58 - 
BLOCK 6
TYPE: paragraph
HEADING: False
BOLD: False
NUMBERED: False
FONT SIZE: 10.0
TEXT: and abundance of species (the formulae for these correlations
2026-08-21 17:24:45.731 | INFO     | app.worker:process_document:58 - 
BLOCK 7
TYPE: paragraph
HEADING: False
BOLD: False
NUMBERED: False
FONT SIZE: 10.0
TEXT: will be provided, as shown in the Mathematical requirements)
2026-08-21 17:24:45.738 | INFO     | app.worker:process_document:58 - 
BLOCK 8
TYPE: heading
HEADING: True
BOLD: False
NUMBERED: True
FONT SIZE: 10.0
TEXT: 6 use Simpson’s index of diversity ( D ) to calculate the
2026-08-21 17:24:45.740 | INFO     | app.worker:process_document:58 - 
BLOCK 9
TYPE: paragraph
HEADING: False
BOLD: False
NUMBERED: False
FONT SIZE: 10.0
TEXT: biodiversity of an area, and state the significance of different
2026-08-21 17:24:45.741 | INFO     | app.worker:process_document:58 - 
BLOCK 10
TYPE: paragraph
HEADING: False
BOLD: False
NUMBERED: False
FONT SIZE: 10.0
TEXT: values of D (the formula for Simpson’s index of diversity will be
2026-08-21 17:24:45.742 | INFO     | app.worker:process_document:58 - 
BLOCK 11
TYPE: paragraph
HEADING: False
BOLD: False
NUMBERED: False
FONT SIZE: 10.0
TEXT: provided, as shown in the Mathematical requirements)
2026-08-21 17:24:45.742 | INFO     | app.worker:process_document:58 - 
BLOCK 12
TYPE: heading
HEADING: True
BOLD: False
NUMBERED: True
FONT SIZE: 10.0
TEXT: 18.3 Conservation Learning outcomes
2026-08-21 17:24:45.743 | INFO     | app.worker:process_document:58 - 
BLOCK 13
TYPE: paragraph
HEADING: False
BOLD: False
NUMBERED: False
FONT SIZE: 10.0
TEXT: Candidates should be able to:
2026-08-21 17:24:45.743 | INFO     | app.worker:process_document:58 - 
BLOCK 14
TYPE: heading
HEADING: True
BOLD: False
NUMBERED: True
FONT SIZE: 10.0
TEXT: 1 explain why populations and species can become extinct as
2026-08-21 17:24:45.744 | INFO     | app.worker:process_document:58 - 
BLOCK 15
TYPE: paragraph
HEADING: False
BOLD: False
NUMBERED: False
FONT SIZE: 10.0
TEXT: a result of:
2026-08-21 17:24:45.744 | INFO     | app.worker:process_document:58 - 
BLOCK 16
TYPE: paragraph
HEADING: False
BOLD: False
NUMBERED: False
FONT SIZE: 10.0
TEXT: • climate change
2026-08-21 17:24:45.745 | INFO     | app.worker:process_document:58 - 
BLOCK 17
TYPE: paragraph
HEADING: False
BOLD: False
NUMBERED: False
FONT SIZE: 10.0
TEXT: • competition
2026-08-21 17:24:45.746 | INFO     | app.worker:process_document:58 - 
BLOCK 18
TYPE: paragraph
HEADING: False
BOLD: False
NUMBERED: False
FONT SIZE: 10.0
TEXT: • hunting by humans
2026-08-21 17:24:45.747 | INFO     | app.worker:process_document:58 - 
BLOCK 19
TYPE: paragraph
HEADING: False
BOLD: False
NUMBERED: False
FONT SIZE: 10.0
TEXT: • degradation and loss of habitats
2026-08-21 17:24:45.748 | INFO     | app.worker:process_document:58 - 
BLOCK 20
TYPE: heading
HEADING: True
BOLD: False
NUMBERED: True
FONT SIZE: 10.0
TEXT: 2 outline reasons for the need to maintain biodiversity
2026-08-21 17:24:45.758 | INFO     | app.worker:process_document:58 - 
BLOCK 21
TYPE: heading
HEADING: True
BOLD: False
NUMBERED: True
FONT SIZE: 10.0
TEXT: 3 outline the roles of zoos, botanic gardens, conserved areas
2026-08-21 17:24:45.759 | INFO     | app.worker:process_document:58 - 
BLOCK 22
TYPE: paragraph
HEADING: False
BOLD: False
NUMBERED: False
FONT SIZE: 10.0
TEXT: (including national parks and marine parks), ‘frozen zoos’ and
2026-08-21 17:24:45.759 | INFO     | app.worker:process_document:58 - 
BLOCK 23
TYPE: paragraph
HEADING: False
BOLD: False
NUMBERED: False
FONT SIZE: 10.0
TEXT: seed banks, in the conservation of endangered species
2026-08-21 17:24:45.760 | INFO     | app.worker:process_document:58 - 
BLOCK 24
TYPE: heading
HEADING: True
BOLD: False
NUMBERED: True
FONT SIZE: 10.0
TEXT: 4 describe methods of assisted reproduction used in the
2026-08-21 17:24:45.760 | INFO     | app.worker:process_document:58 - 
BLOCK 25
TYPE: paragraph
HEADING: False
BOLD: False
NUMBERED: False
FONT SIZE: 10.0
TEXT: conservation of endangered mammals, limited to IVF, embryo
2026-08-21 17:24:45.761 | INFO     | app.worker:process_document:58 - 
BLOCK 26
TYPE: paragraph
HEADING: False
BOLD: False
NUMBERED: False
FONT SIZE: 10.0
TEXT: transfer and surrogacy
2026-08-21 17:24:45.762 | INFO     | app.worker:process_document:58 - 
BLOCK 27
TYPE: heading
HEADING: True
BOLD: False
NUMBERED: True
FONT SIZE: 10.0
TEXT: 5 explain reasons for controlling invasive alien species
2026-08-21 17:24:45.763 | INFO     | app.worker:process_document:58 - 
BLOCK 28
TYPE: heading
HEADING: True
BOLD: False
NUMBERED: True
FONT SIZE: 10.0
TEXT: 6 outline the role in conservation of the International Union
2026-08-21 17:24:45.764 | INFO     | app.worker:process_document:58 - 
BLOCK 29
TYPE: paragraph
HEADING: False
BOLD: False
NUMBERED: False
FONT SIZE: 10.0
TEXT: for Conservation of Nature (IUCN) and the Convention on
2026-08-21 17:24:45.764 | INFO     | app.worker:process_document:58 - 
BLOCK 30
TYPE: paragraph
HEADING: False
BOLD: False
NUMBERED: False
FONT SIZE: 10.0
TEXT: International Trade in Endangered Species of Wild Fauna and
2026-08-21 17:24:45.765 | INFO     | app.worker:process_document:58 - 
BLOCK 31
TYPE: paragraph
HEADING: False
BOLD: False
NUMBERED: False
FONT SIZE: 10.0
TEXT: Flora (CITES)
2026-08-21 17:24:45.775 | INFO     | app.worker:process_document:58 - 
BLOCK 32
TYPE: paragraph
HEADING: False
BOLD: False
NUMBERED: False
FONT SIZE: 9.17
TEXT: Back to contents page www.cambridgeinternational.org/alevel 47
2026-08-21 17:24:45.775 | INFO     | app.worker:process_document:52 - 
PAGE 48 (41 blocks)
2026-08-21 17:24:45.776 | INFO     | app.worker:process_document:58 - 
BLOCK 0
TYPE: paragraph
HEADING: False
BOLD: False
NUMBERED: False
FONT SIZE: 9.0
TEXT: Cambridge International AS & A Level Biology 9700 syllabus for 2028, 2029 and 2030. Subject content
2026-08-21 17:24:45.776 | INFO     | app.worker:process_document:58 - 
BLOCK 1
TYPE: heading
HEADING: True
BOLD: False
NUMBERED: True
FONT SIZE: 10.0
TEXT: 19 Genetic technology
2026-08-21 17:24:45.777 | INFO     | app.worker:process_document:58 - 
BLOCK 2
TYPE: paragraph
HEADING: False
BOLD: False
NUMBERED: False
FONT SIZE: 10.0
TEXT: The discovery in the early 1950s of the structure of DNA by Watson and Crick, supported by the work of
2026-08-21 17:24:45.778 | INFO     | app.worker:process_document:58 - 
BLOCK 3
TYPE: paragraph
HEADING: False
BOLD: False
NUMBERED: False
FONT SIZE: 10.0
TEXT: Franklin, Wilkins and Chargaff, and discoveries since, have led to many applications of genetic technology in
2026-08-21 17:24:45.778 | INFO     | app.worker:process_document:58 - 
BLOCK 4
TYPE: paragraph
HEADING: False
BOLD: False
NUMBERED: False
FONT SIZE: 10.0
TEXT: areas of medicine, agriculture and forensic science. This topic relies heavily on prior knowledge of DNA and
2026-08-21 17:24:45.779 | INFO     | app.worker:process_document:58 - 
BLOCK 5
TYPE: paragraph
HEADING: False
BOLD: False
NUMBERED: False
FONT SIZE: 10.0
TEXT: RNA structure and protein synthesis from the topic on Nucleic acids and protein synthesis (Topic 6).
2026-08-21 17:24:45.779 | INFO     | app.worker:process_document:58 - 
BLOCK 6
TYPE: paragraph
HEADING: False
BOLD: False
NUMBERED: False
FONT SIZE: 10.0
TEXT: Candidates will benefit from carrying out practical work using electrophoresis, either with DNA or specially
2026-08-21 17:24:45.780 | INFO     | app.worker:process_document:58 - 
BLOCK 7
TYPE: paragraph
HEADING: False
BOLD: False
NUMBERED: False
FONT SIZE: 10.0
TEXT: prepared dyes used to represent DNA.
2026-08-21 17:24:45.780 | INFO     | app.worker:process_document:58 - 
BLOCK 8
TYPE: heading
HEADING: True
BOLD: False
NUMBERED: True
FONT SIZE: 10.0
TEXT: 19.1 Principles of genetic Learning outcomes
2026-08-21 17:24:45.781 | INFO     | app.worker:process_document:58 - 
BLOCK 9
TYPE: paragraph
HEADING: False
BOLD: False
NUMBERED: False
FONT SIZE: 10.0
TEXT: technology Candidates should be able to:
2026-08-21 17:24:45.781 | INFO     | app.worker:process_document:58 - 
BLOCK 10
TYPE: heading
HEADING: True
BOLD: False
NUMBERED: True
FONT SIZE: 10.0
TEXT: 1 define the term recombinant DNA
2026-08-21 17:24:45.790 | INFO     | app.worker:process_document:58 - 
BLOCK 11
TYPE: heading
HEADING: True
BOLD: False
NUMBERED: True
FONT SIZE: 10.0
TEXT: 2 explain that genetic engineering is the deliberate manipulation
2026-08-21 17:24:45.793 | INFO     | app.worker:process_document:58 - 
BLOCK 12
TYPE: paragraph
HEADING: False
BOLD: False
NUMBERED: False
FONT SIZE: 10.0
TEXT: of genetic material to modify specific characteristics of an
2026-08-21 17:24:45.793 | INFO     | app.worker:process_document:58 - 
BLOCK 13
TYPE: paragraph
HEADING: False
BOLD: False
NUMBERED: False
FONT SIZE: 10.0
TEXT: organism and that this may involve transferring a gene into an
2026-08-21 17:24:45.794 | INFO     | app.worker:process_document:58 - 
BLOCK 14
TYPE: paragraph
HEADING: False
BOLD: False
NUMBERED: False
FONT SIZE: 10.0
TEXT: organism so that the gene is expressed
2026-08-21 17:24:45.794 | INFO     | app.worker:process_document:58 - 
BLOCK 15
TYPE: heading
HEADING: True
BOLD: False
NUMBERED: True
FONT SIZE: 10.0
TEXT: 3 explain that genes to be transferred into an organism may be:
2026-08-21 17:24:45.795 | INFO     | app.worker:process_document:58 - 
BLOCK 16
TYPE: paragraph
HEADING: False
BOLD: False
NUMBERED: False
FONT SIZE: 10.0
TEXT: • extracted from the DNA of a donor organism
2026-08-21 17:24:45.795 | INFO     | app.worker:process_document:58 - 
BLOCK 17
TYPE: paragraph
HEADING: False
BOLD: False
NUMBERED: False
FONT SIZE: 10.0
TEXT: • synthesised from the mRNA of a donor organism
2026-08-21 17:24:45.796 | INFO     | app.worker:process_document:58 - 
BLOCK 18
TYPE: paragraph
HEADING: False
BOLD: False
NUMBERED: False
FONT SIZE: 10.0
TEXT: • synthesised chemically from nucleotides
2026-08-21 17:24:45.796 | INFO     | app.worker:process_document:58 - 
BLOCK 19
TYPE: heading
HEADING: True
BOLD: False
NUMBERED: True
FONT SIZE: 10.0
TEXT: 4 explain the roles of restriction endonucleases, DNA ligase,
2026-08-21 17:24:45.796 | INFO     | app.worker:process_document:58 - 
BLOCK 20
TYPE: paragraph
HEADING: False
BOLD: False
NUMBERED: False
FONT SIZE: 10.0
TEXT: plasmids, DNA polymerase and reverse transcriptase in the
2026-08-21 17:24:45.798 | INFO     | app.worker:process_document:58 - 
BLOCK 21
TYPE: paragraph
HEADING: False
BOLD: False
NUMBERED: False
FONT SIZE: 10.0
TEXT: transfer of a gene into an organism
2026-08-21 17:24:45.809 | INFO     | app.worker:process_document:58 - 
BLOCK 22
TYPE: heading
HEADING: True
BOLD: False
NUMBERED: True
FONT SIZE: 10.0
TEXT: 5 explain why a promoter may have to be transferred into an
2026-08-21 17:24:45.809 | INFO     | app.worker:process_document:58 - 
BLOCK 23
TYPE: paragraph
HEADING: False
BOLD: False
NUMBERED: False
FONT SIZE: 10.0
TEXT: organism as well as the desired gene
2026-08-21 17:24:45.810 | INFO     | app.worker:process_document:58 - 
BLOCK 24
TYPE: heading
HEADING: True
BOLD: False
NUMBERED: True
FONT SIZE: 10.0
TEXT: 6 explain how gene expression may be confirmed by the use of
2026-08-21 17:24:45.810 | INFO     | app.worker:process_document:58 - 
BLOCK 25
TYPE: paragraph
HEADING: False
BOLD: False
NUMBERED: False
FONT SIZE: 10.0
TEXT: marker genes coding for fluorescent products
2026-08-21 17:24:45.811 | INFO     | app.worker:process_document:58 - 
BLOCK 26
TYPE: heading
HEADING: True
BOLD: False
NUMBERED: True
FONT SIZE: 10.0
TEXT: 7 explain that gene editing is a form of genetic engineering
2026-08-21 17:24:45.811 | INFO     | app.worker:process_document:58 - 
BLOCK 27
TYPE: paragraph
HEADING: False
BOLD: False
NUMBERED: False
FONT SIZE: 10.0
TEXT: involving the insertion, deletion or replacement of DNA at
2026-08-21 17:24:45.812 | INFO     | app.worker:process_document:58 - 
BLOCK 28
TYPE: paragraph
HEADING: False
BOLD: False
NUMBERED: False
FONT SIZE: 10.0
TEXT: specific sites in the genome
2026-08-21 17:24:45.812 | INFO     | app.worker:process_document:58 - 
BLOCK 29
TYPE: heading
HEADING: True
BOLD: False
NUMBERED: True
FONT SIZE: 10.0
TEXT: 8 describe and explain the steps involved in the polymerase
2026-08-21 17:24:45.813 | INFO     | app.worker:process_document:58 - 
BLOCK 30
TYPE: paragraph
HEADING: False
BOLD: False
NUMBERED: False
FONT SIZE: 10.0
TEXT: chain reaction (PCR) to clone and amplify DNA, including the
2026-08-21 17:24:45.814 | INFO     | app.worker:process_document:58 - 
BLOCK 31
TYPE: paragraph
HEADING: False
BOLD: False
NUMBERED: False
FONT SIZE: 10.0
TEXT: role of Taq polymerase
2026-08-21 17:24:45.822 | INFO     | app.worker:process_document:58 - 
BLOCK 32
TYPE: heading
HEADING: True
BOLD: False
NUMBERED: True
FONT SIZE: 10.0
TEXT: 9 describe and explain how gel electrophoresis is used to
2026-08-21 17:24:45.825 | INFO     | app.worker:process_document:58 - 
BLOCK 33
TYPE: paragraph
HEADING: False
BOLD: False
NUMBERED: False
FONT SIZE: 10.0
TEXT: separate DNA fragments of different lengths
2026-08-21 17:24:45.826 | INFO     | app.worker:process_document:58 - 
BLOCK 34
TYPE: heading
HEADING: True
BOLD: False
NUMBERED: True
FONT SIZE: 10.0
TEXT: 10 outline how microarrays are used in the analysis of genomes
2026-08-21 17:24:45.828 | INFO     | app.worker:process_document:58 - 
BLOCK 35
TYPE: paragraph
HEADING: False
BOLD: False
NUMBERED: False
FONT SIZE: 10.0
TEXT: and in detecting mRNA in studies of gene expression
2026-08-21 17:24:45.829 | INFO     | app.worker:process_document:58 - 
BLOCK 36
TYPE: heading
HEADING: True
BOLD: False
NUMBERED: True
FONT SIZE: 10.0
TEXT: 11 outline the benefits of using databases that provide
2026-08-21 17:24:45.831 | INFO     | app.worker:process_document:58 - 
BLOCK 37
TYPE: paragraph
HEADING: False
BOLD: False
NUMBERED: False
FONT SIZE: 10.0
TEXT: information about nucleotide sequences of genes and
2026-08-21 17:24:45.831 | INFO     | app.worker:process_document:58 - 
BLOCK 38
TYPE: paragraph
HEADING: False
BOLD: False
NUMBERED: False
FONT SIZE: 10.0
TEXT: genomes, and amino acid sequences of proteins and protein
2026-08-21 17:24:45.839 | INFO     | app.worker:process_document:58 - 
BLOCK 39
TYPE: paragraph
HEADING: False
BOLD: False
NUMBERED: False
FONT SIZE: 10.0
TEXT: structures
2026-08-21 17:24:45.843 | INFO     | app.worker:process_document:58 - 
BLOCK 40
TYPE: paragraph
HEADING: False
BOLD: False
NUMBERED: False
FONT SIZE: 9.17
TEXT: Back to contents page www.cambridgeinternational.org/alevel 48
2026-08-21 17:24:45.843 | INFO     | app.worker:process_document:52 - 
PAGE 49 (27 blocks)
2026-08-21 17:24:45.844 | INFO     | app.worker:process_document:58 - 
BLOCK 0
TYPE: paragraph
HEADING: False
BOLD: False
NUMBERED: False
FONT SIZE: 9.0
TEXT: Cambridge International AS & A Level Biology 9700 syllabus for 2028, 2029 and 2030. Subject content
2026-08-21 17:24:45.844 | INFO     | app.worker:process_document:58 - 
BLOCK 1
TYPE: heading
HEADING: True
BOLD: False
NUMBERED: True
FONT SIZE: 10.0
TEXT: 19.2 Genetic technology applied Learning outcomes
2026-08-21 17:24:45.853 | INFO     | app.worker:process_document:58 - 
BLOCK 2
TYPE: paragraph
HEADING: False
BOLD: False
NUMBERED: False
FONT SIZE: 10.0
TEXT: to medicine Candidates should be able to:
2026-08-21 17:24:45.855 | INFO     | app.worker:process_document:58 - 
BLOCK 3
TYPE: heading
HEADING: True
BOLD: False
NUMBERED: True
FONT SIZE: 10.0
TEXT: 1 explain the advantages of using recombinant human proteins
2026-08-21 17:24:45.856 | INFO     | app.worker:process_document:58 - 
BLOCK 4
TYPE: paragraph
HEADING: False
BOLD: False
NUMBERED: False
FONT SIZE: 10.1
TEXT: to treat disease, using the examples insulin, factor VIII and
2026-08-21 17:24:45.857 | INFO     | app.worker:process_document:58 - 
BLOCK 5
TYPE: paragraph
HEADING: False
BOLD: False
NUMBERED: False
FONT SIZE: 10.0
TEXT: adenosine deaminase
2026-08-21 17:24:45.857 | INFO     | app.worker:process_document:58 - 
BLOCK 6
TYPE: heading
HEADING: True
BOLD: False
NUMBERED: True
FONT SIZE: 10.0
TEXT: 2 outline the advantages of genetic screening, using the
2026-08-21 17:24:45.858 | INFO     | app.worker:process_document:58 - 
BLOCK 7
TYPE: paragraph
HEADING: False
BOLD: False
NUMBERED: False
FONT SIZE: 10.0
TEXT: examples of breast cancer ( BRCA1 and BRCA2 ), Huntington’s
2026-08-21 17:24:45.858 | INFO     | app.worker:process_document:58 - 
BLOCK 8
TYPE: paragraph
HEADING: False
BOLD: False
NUMBERED: False
FONT SIZE: 10.0
TEXT: disease and cystic fibrosis
2026-08-21 17:24:45.859 | INFO     | app.worker:process_document:58 - 
BLOCK 9
TYPE: heading
HEADING: True
BOLD: False
NUMBERED: True
FONT SIZE: 10.0
TEXT: 3 outline how genetic diseases can be treated with
2026-08-21 17:24:45.859 | INFO     | app.worker:process_document:58 - 
BLOCK 10
TYPE: paragraph
HEADING: False
BOLD: False
NUMBERED: False
FONT SIZE: 10.0
TEXT: gene therapy, using the examples severe combined
2026-08-21 17:24:45.860 | INFO     | app.worker:process_document:58 - 
BLOCK 11
TYPE: paragraph
HEADING: False
BOLD: False
NUMBERED: False
FONT SIZE: 10.0
TEXT: immunodeficiency (SCID) and inherited eye diseases
2026-08-21 17:24:45.861 | INFO     | app.worker:process_document:58 - 
BLOCK 12
TYPE: heading
HEADING: True
BOLD: False
NUMBERED: True
FONT SIZE: 10.0
TEXT: 4 discuss the social and ethical considerations of using genetic
2026-08-21 17:24:45.861 | INFO     | app.worker:process_document:58 - 
BLOCK 13
TYPE: paragraph
HEADING: False
BOLD: False
NUMBERED: False
FONT SIZE: 10.0
TEXT: screening and gene therapy in medicine
2026-08-21 17:24:45.862 | INFO     | app.worker:process_document:58 - 
BLOCK 14
TYPE: heading
HEADING: True
BOLD: False
NUMBERED: True
FONT SIZE: 10.0
TEXT: 19.3 Genetically modified Learning outcomes
2026-08-21 17:24:45.863 | INFO     | app.worker:process_document:58 - 
BLOCK 15
TYPE: paragraph
HEADING: False
BOLD: False
NUMBERED: False
FONT SIZE: 10.0
TEXT: organisms in agriculture Candidates should be able to:
2026-08-21 17:24:45.863 | INFO     | app.worker:process_document:58 - 
BLOCK 16
TYPE: heading
HEADING: True
BOLD: False
NUMBERED: True
FONT SIZE: 10.0
TEXT: 1 explain that genetic engineering may help to solve the global
2026-08-21 17:24:45.863 | INFO     | app.worker:process_document:58 - 
BLOCK 17
TYPE: paragraph
HEADING: False
BOLD: False
NUMBERED: False
FONT SIZE: 10.0
TEXT: demand for food by improving the quality and productivity of
2026-08-21 17:24:45.864 | INFO     | app.worker:process_document:58 - 
BLOCK 18
TYPE: paragraph
HEADING: False
BOLD: False
NUMBERED: False
FONT SIZE: 10.0
TEXT: farmed animals and crop plants, using the examples of
2026-08-21 17:24:45.864 | INFO     | app.worker:process_document:58 - 
BLOCK 19
TYPE: paragraph
HEADING: False
BOLD: False
NUMBERED: False
FONT SIZE: 10.0
TEXT: GM salmon, herbicide resistance in soybean and insect
2026-08-21 17:24:45.872 | INFO     | app.worker:process_document:58 - 
BLOCK 20
TYPE: paragraph
HEADING: False
BOLD: False
NUMBERED: False
FONT SIZE: 10.0
TEXT: resistance in cotton
2026-08-21 17:24:45.874 | INFO     | app.worker:process_document:58 - 
BLOCK 21
TYPE: heading
HEADING: True
BOLD: False
NUMBERED: True
FONT SIZE: 10.0
TEXT: 2 discuss the ethical and social implications of using genetically
2026-08-21 17:24:45.876 | INFO     | app.worker:process_document:58 - 
BLOCK 22
TYPE: paragraph
HEADING: False
BOLD: False
NUMBERED: False
FONT SIZE: 10.0
TEXT: modified organisms (GMOs) in food production
2026-08-21 17:24:45.877 | INFO     | app.worker:process_document:58 - 
BLOCK 23
TYPE: paragraph
HEADING: False
BOLD: False
NUMBERED: False
FONT SIZE: 11.0
TEXT: Faculty feedback: ‘Understanding how and why our climate is changing and providing the
2026-08-21 17:24:45.878 | INFO     | app.worker:process_document:58 - 
BLOCK 24
TYPE: paragraph
HEADING: False
BOLD: False
NUMBERED: False
FONT SIZE: 11.0
TEXT: knowledge and skills to explore the challenges plays a key role in every student’s education.’
2026-08-21 17:24:45.878 | INFO     | app.worker:process_document:58 - 
BLOCK 25
TYPE: paragraph
HEADING: False
BOLD: False
NUMBERED: False
FONT SIZE: 9.0
TEXT: Feedback from: Dr Amy Munro-Faure, Head of Education and Student Engagement of Cambridge Zero
2026-08-21 17:24:45.879 | INFO     | app.worker:process_document:58 - 
BLOCK 26
TYPE: paragraph
HEADING: False
BOLD: False
NUMBERED: False
FONT SIZE: 9.17
TEXT: Back to contents page www.cambridgeinternational.org/alevel 49
2026-08-21 17:24:45.880 | INFO     | app.worker:process_document:52 - 
PAGE 50 (26 blocks)
2026-08-21 17:24:45.881 | INFO     | app.worker:process_document:58 - 
BLOCK 0
TYPE: paragraph
HEADING: False
BOLD: False
NUMBERED: False
FONT SIZE: 9.0
TEXT: Cambridge International AS & A Level Biology 9700 syllabus for 2028, 2029 and 2030.
2026-08-21 17:24:45.881 | INFO     | app.worker:process_document:58 - 
BLOCK 1
TYPE: heading
HEADING: True
BOLD: False
NUMBERED: True
FONT SIZE: 18.0
TEXT: 4 Details of the assessment
2026-08-21 17:24:45.888 | INFO     | app.worker:process_document:58 - 
BLOCK 2
TYPE: paragraph
HEADING: False
BOLD: False
NUMBERED: False
FONT SIZE: 16.0
TEXT: Paper 1 – Multiple Choice
2026-08-21 17:24:45.889 | INFO     | app.worker:process_document:58 - 
BLOCK 3
TYPE: paragraph
HEADING: False
BOLD: False
NUMBERED: False
FONT SIZE: 10.0
TEXT: Written paper, 1 hour 15 minutes, 40 marks
2026-08-21 17:24:45.890 | INFO     | app.worker:process_document:58 - 
BLOCK 4
TYPE: paragraph
HEADING: False
BOLD: False
NUMBERED: False
FONT SIZE: 10.0
TEXT: Forty multiple-choice questions of the four-choice type, testing assessment objectives AO1 and AO2.
2026-08-21 17:24:45.891 | INFO     | app.worker:process_document:58 - 
BLOCK 5
TYPE: paragraph
HEADING: False
BOLD: False
NUMBERED: False
FONT SIZE: 10.0
TEXT: Questions are based on the AS Level syllabus content.
2026-08-21 17:24:45.892 | INFO     | app.worker:process_document:58 - 
BLOCK 6
TYPE: paragraph
HEADING: False
BOLD: False
NUMBERED: False
FONT SIZE: 16.0
TEXT: Paper 2 – AS Level Structured Questions
2026-08-21 17:24:45.892 | INFO     | app.worker:process_document:58 - 
BLOCK 7
TYPE: paragraph
HEADING: False
BOLD: False
NUMBERED: False
FONT SIZE: 10.0
TEXT: Written paper, 1 hour 15 minutes, 60 marks
2026-08-21 17:24:45.893 | INFO     | app.worker:process_document:58 - 
BLOCK 8
TYPE: paragraph
HEADING: False
BOLD: False
NUMBERED: False
FONT SIZE: 10.0
TEXT: Structured questions testing assessment objectives AO1 and AO2.
2026-08-21 17:24:45.893 | INFO     | app.worker:process_document:58 - 
BLOCK 9
TYPE: paragraph
HEADING: False
BOLD: False
NUMBERED: False
FONT SIZE: 10.0
TEXT: Questions are based on the AS Level syllabus content.
2026-08-21 17:24:45.894 | INFO     | app.worker:process_document:58 - 
BLOCK 10
TYPE: paragraph
HEADING: False
BOLD: False
NUMBERED: False
FONT SIZE: 16.0
TEXT: Paper 3 – Advanced Practical Skills
2026-08-21 17:24:45.895 | INFO     | app.worker:process_document:58 - 
BLOCK 11
TYPE: paragraph
HEADING: False
BOLD: False
NUMBERED: False
FONT SIZE: 10.0
TEXT: Practical test, 2 hours, 40 marks
2026-08-21 17:24:45.896 | INFO     | app.worker:process_document:58 - 
BLOCK 12
TYPE: paragraph
HEADING: False
BOLD: False
NUMBERED: False
FONT SIZE: 10.0
TEXT: This paper tests assessment objective AO3 in a practical context.
2026-08-21 17:24:45.897 | INFO     | app.worker:process_document:58 - 
BLOCK 13
TYPE: paragraph
HEADING: False
BOLD: False
NUMBERED: False
FONT SIZE: 10.0
TEXT: Questions are based on the practical skills (including the use of a light microscope) in the Practical assessment
2026-08-21 17:24:45.897 | INFO     | app.worker:process_document:58 - 
BLOCK 14
TYPE: paragraph
HEADING: False
BOLD: False
NUMBERED: False
FONT SIZE: 10.0
TEXT: section of the syllabus for Paper 3. The context of the questions may be outside the syllabus content.
2026-08-21 17:24:45.898 | INFO     | app.worker:process_document:58 - 
BLOCK 15
TYPE: paragraph
HEADING: False
BOLD: False
NUMBERED: False
FONT SIZE: 16.0
TEXT: Paper 4 – A Level Structured Questions
2026-08-21 17:24:45.908 | INFO     | app.worker:process_document:58 - 
BLOCK 16
TYPE: paragraph
HEADING: False
BOLD: False
NUMBERED: False
FONT SIZE: 10.0
TEXT: Written paper, 2 hours, 100 marks
2026-08-21 17:24:45.908 | INFO     | app.worker:process_document:58 - 
BLOCK 17
TYPE: paragraph
HEADING: False
BOLD: False
NUMBERED: False
FONT SIZE: 10.0
TEXT: Structured questions testing assessment objectives AO1 and AO2.
2026-08-21 17:24:45.909 | INFO     | app.worker:process_document:58 - 
BLOCK 18
TYPE: paragraph
HEADING: False
BOLD: False
NUMBERED: False
FONT SIZE: 10.0
TEXT: Questions are based on the A Level syllabus content; knowledge of material from the AS Level syllabus content
2026-08-21 17:24:45.909 | INFO     | app.worker:process_document:58 - 
BLOCK 19
TYPE: paragraph
HEADING: False
BOLD: False
NUMBERED: False
FONT SIZE: 10.0
TEXT: will be required.
2026-08-21 17:24:45.911 | INFO     | app.worker:process_document:58 - 
BLOCK 20
TYPE: paragraph
HEADING: False
BOLD: False
NUMBERED: False
FONT SIZE: 16.0
TEXT: Paper 5 – Planning, Analysis and Evaluation
2026-08-21 17:24:45.911 | INFO     | app.worker:process_document:58 - 
BLOCK 21
TYPE: paragraph
HEADING: False
BOLD: False
NUMBERED: False
FONT SIZE: 10.0
TEXT: Written paper, 1 hour 15 minutes, 30 marks
2026-08-21 17:24:45.912 | INFO     | app.worker:process_document:58 - 
BLOCK 22
TYPE: paragraph
HEADING: False
BOLD: False
NUMBERED: False
FONT SIZE: 10.0
TEXT: Structured questions testing assessment objective AO3.
2026-08-21 17:24:45.912 | INFO     | app.worker:process_document:58 - 
BLOCK 23
TYPE: paragraph
HEADING: False
BOLD: False
NUMBERED: False
FONT SIZE: 10.0
TEXT: Questions are based on the practical skills of planning, analysis and evaluation in the Practical assessment
2026-08-21 17:24:45.913 | INFO     | app.worker:process_document:58 - 
BLOCK 24
TYPE: paragraph
HEADING: False
BOLD: False
NUMBERED: False
FONT SIZE: 10.0
TEXT: section of the syllabus for Paper 5. The context of the questions may be outside the syllabus content.
2026-08-21 17:24:45.913 | INFO     | app.worker:process_document:58 - 
BLOCK 25
TYPE: paragraph
HEADING: False
BOLD: False
NUMBERED: False
FONT SIZE: 9.17
TEXT: Back to contents page www.cambridgeinternational.org/alevel 50
2026-08-21 17:24:45.914 | INFO     | app.worker:process_document:52 - 
PAGE 51 (24 blocks)
2026-08-21 17:24:45.914 | INFO     | app.worker:process_document:58 - 
BLOCK 0
TYPE: paragraph
HEADING: False
BOLD: False
NUMBERED: False
FONT SIZE: 9.0
TEXT: Cambridge International AS & A Level Biology 9700 syllabus for 2028, 2029 and 2030. Details of the assessment
2026-08-21 17:24:45.915 | INFO     | app.worker:process_document:58 - 
BLOCK 1
TYPE: paragraph
HEADING: False
BOLD: False
NUMBERED: False
FONT SIZE: 16.0
TEXT: Command words
2026-08-21 17:24:45.923 | INFO     | app.worker:process_document:58 - 
BLOCK 2
TYPE: paragraph
HEADING: False
BOLD: False
NUMBERED: False
FONT SIZE: 10.0
TEXT: Command words and their meanings help candidates know what is expected from them in the exams. The
2026-08-21 17:24:45.924 | INFO     | app.worker:process_document:58 - 
BLOCK 3
TYPE: paragraph
HEADING: False
BOLD: False
NUMBERED: False
FONT SIZE: 10.0
TEXT: table below includes command words used in the assessment for this syllabus. The use of the command word
2026-08-21 17:24:45.924 | INFO     | app.worker:process_document:58 - 
BLOCK 4
TYPE: paragraph
HEADING: False
BOLD: False
NUMBERED: False
FONT SIZE: 10.0
TEXT: will relate to the subject context.
2026-08-21 17:24:45.925 | INFO     | app.worker:process_document:58 - 
BLOCK 5
TYPE: paragraph
HEADING: False
BOLD: False
NUMBERED: False
FONT SIZE: 10.0
TEXT: Calculate work out from given facts, figures or information
2026-08-21 17:24:45.926 | INFO     | app.worker:process_document:58 - 
BLOCK 6
TYPE: paragraph
HEADING: False
BOLD: False
NUMBERED: False
FONT SIZE: 10.0
TEXT: Comment give an informed opinion
2026-08-21 17:24:45.927 | INFO     | app.worker:process_document:58 - 
BLOCK 7
TYPE: paragraph
HEADING: False
BOLD: False
NUMBERED: False
FONT SIZE: 10.0
TEXT: Compare identify/comment on similarities and/or differences
2026-08-21 17:24:45.929 | INFO     | app.worker:process_document:58 - 
BLOCK 8
TYPE: paragraph
HEADING: False
BOLD: False
NUMBERED: False
FONT SIZE: 10.0
TEXT: Contrast identify/comment on differences
2026-08-21 17:24:45.930 | INFO     | app.worker:process_document:58 - 
BLOCK 9
TYPE: paragraph
HEADING: False
BOLD: False
NUMBERED: False
FONT SIZE: 10.0
TEXT: Define give a precise meaning
2026-08-21 17:24:45.930 | INFO     | app.worker:process_document:58 - 
BLOCK 10
TYPE: paragraph
HEADING: False
BOLD: False
NUMBERED: False
FONT SIZE: 10.0
TEXT: Describe state the points of a topic / give characteristics and main features
2026-08-21 17:24:45.931 | INFO     | app.worker:process_document:58 - 
BLOCK 11
TYPE: paragraph
HEADING: False
BOLD: False
NUMBERED: False
FONT SIZE: 10.0
TEXT: Determine establish an answer using the information available
2026-08-21 17:24:45.931 | INFO     | app.worker:process_document:58 - 
BLOCK 12
TYPE: paragraph
HEADING: False
BOLD: False
NUMBERED: False
FONT SIZE: 10.0
TEXT: Discuss write about issue(s) or topic(s) in depth in a structured way
2026-08-21 17:24:45.940 | INFO     | app.worker:process_document:58 - 
BLOCK 13
TYPE: paragraph
HEADING: False
BOLD: False
NUMBERED: False
FONT SIZE: 10.0
TEXT: Explain set out purposes or reasons / make the relationships between things clear / say why
2026-08-21 17:24:45.942 | INFO     | app.worker:process_document:58 - 
BLOCK 14
TYPE: paragraph
HEADING: False
BOLD: False
NUMBERED: False
FONT SIZE: 10.0
TEXT: and/or how and support with relevant evidence
2026-08-21 17:24:45.943 | INFO     | app.worker:process_document:58 - 
BLOCK 15
TYPE: paragraph
HEADING: False
BOLD: False
NUMBERED: False
FONT SIZE: 10.0
TEXT: Give produce an answer from a given source or recall/memory
2026-08-21 17:24:45.943 | INFO     | app.worker:process_document:58 - 
BLOCK 16
TYPE: paragraph
HEADING: False
BOLD: False
NUMBERED: False
FONT SIZE: 10.0
TEXT: Identify name/select/recognise
2026-08-21 17:24:45.944 | INFO     | app.worker:process_document:58 - 
BLOCK 17
TYPE: paragraph
HEADING: False
BOLD: False
NUMBERED: False
FONT SIZE: 10.0
TEXT: Outline set out the main points
2026-08-21 17:24:45.945 | INFO     | app.worker:process_document:58 - 
BLOCK 18
TYPE: paragraph
HEADING: False
BOLD: False
NUMBERED: False
FONT SIZE: 10.0
TEXT: Predict suggest what may happen based on available information
2026-08-21 17:24:45.946 | INFO     | app.worker:process_document:58 - 
BLOCK 19
TYPE: paragraph
HEADING: False
BOLD: False
NUMBERED: False
FONT SIZE: 10.0
TEXT: Sketch make a simple freehand drawing showing the key features
2026-08-21 17:24:45.947 | INFO     | app.worker:process_document:58 - 
BLOCK 20
TYPE: paragraph
HEADING: False
BOLD: False
NUMBERED: False
FONT SIZE: 10.0
TEXT: State express in clear terms
2026-08-21 17:24:45.947 | INFO     | app.worker:process_document:58 - 
BLOCK 21
TYPE: paragraph
HEADING: False
BOLD: False
NUMBERED: False
FONT SIZE: 10.0
TEXT: Suggest apply knowledge and understanding to situations where there are a range of valid
2026-08-21 17:24:45.955 | INFO     | app.worker:process_document:58 - 
BLOCK 22
TYPE: paragraph
HEADING: False
BOLD: False
NUMBERED: False
FONT SIZE: 10.0
TEXT: responses to make proposals / put forward considerations
2026-08-21 17:24:45.958 | INFO     | app.worker:process_document:58 - 
BLOCK 23
TYPE: paragraph
HEADING: False
BOLD: False
NUMBERED: False
FONT SIZE: 9.17
TEXT: Back to contents page www.cambridgeinternational.org/alevel 51
2026-08-21 17:24:45.960 | INFO     | app.worker:process_document:52 - 
PAGE 52 (38 blocks)
2026-08-21 17:24:45.961 | INFO     | app.worker:process_document:58 - 
BLOCK 0
TYPE: paragraph
HEADING: False
BOLD: False
NUMBERED: False
FONT SIZE: 9.0
TEXT: Cambridge International AS & A Level Biology 9700 syllabus for 2028, 2029 and 2030.
2026-08-21 17:24:45.961 | INFO     | app.worker:process_document:58 - 
BLOCK 1
TYPE: heading
HEADING: True
BOLD: False
NUMBERED: True
FONT SIZE: 18.0
TEXT: 5 Practical assessment
2026-08-21 17:24:45.962 | INFO     | app.worker:process_document:58 - 
BLOCK 2
TYPE: paragraph
HEADING: False
BOLD: False
NUMBERED: False
FONT SIZE: 16.0
TEXT: Introduction
2026-08-21 17:24:45.962 | INFO     | app.worker:process_document:58 - 
BLOCK 3
TYPE: paragraph
HEADING: False
BOLD: False
NUMBERED: False
FONT SIZE: 10.0
TEXT: Teachers should ensure that learners practise practical skills throughout their course of study. As a guide,
2026-08-21 17:24:45.963 | INFO     | app.worker:process_document:58 - 
BLOCK 4
TYPE: paragraph
HEADING: False
BOLD: False
NUMBERED: False
FONT SIZE: 10.0
TEXT: learners should spend at least 20 per cent of their time doing practical work individually or in small groups. This
2026-08-21 17:24:45.963 | INFO     | app.worker:process_document:58 - 
BLOCK 5
TYPE: heading
HEADING: True
BOLD: False
NUMBERED: True
FONT SIZE: 10.0
TEXT: 20 per cent does not include the time spent observing demonstrations of experiments and simulations.
2026-08-21 17:24:45.964 | INFO     | app.worker:process_document:58 - 
BLOCK 6
TYPE: paragraph
HEADING: False
BOLD: False
NUMBERED: False
FONT SIZE: 10.0
TEXT: The practical work that learners do during their course should aim to:
2026-08-21 17:24:45.976 | INFO     | app.worker:process_document:58 - 
BLOCK 7
TYPE: paragraph
HEADING: False
BOLD: False
NUMBERED: False
FONT SIZE: 10.0
TEXT: • provide learning opportunities so that they develop the skills they need to carry out experimental and
2026-08-21 17:24:45.977 | INFO     | app.worker:process_document:58 - 
BLOCK 8
TYPE: paragraph
HEADING: False
BOLD: False
NUMBERED: False
FONT SIZE: 10.0
TEXT: investigative work
2026-08-21 17:24:45.977 | INFO     | app.worker:process_document:58 - 
BLOCK 9
TYPE: paragraph
HEADING: False
BOLD: False
NUMBERED: False
FONT SIZE: 10.0
TEXT: • reinforce their learning of the theoretical subject content of the syllabus
2026-08-21 17:24:45.978 | INFO     | app.worker:process_document:58 - 
BLOCK 10
TYPE: paragraph
HEADING: False
BOLD: False
NUMBERED: False
FONT SIZE: 10.0
TEXT: • instil an understanding of the relationship between experimentation and theory in scientific method
2026-08-21 17:24:45.978 | INFO     | app.worker:process_document:58 - 
BLOCK 11
TYPE: paragraph
HEADING: False
BOLD: False
NUMBERED: False
FONT SIZE: 10.0
TEXT: • be enjoyable, contributing to the motivation of learners.
2026-08-21 17:24:45.979 | INFO     | app.worker:process_document:58 - 
BLOCK 12
TYPE: paragraph
HEADING: False
BOLD: False
NUMBERED: False
FONT SIZE: 10.0
TEXT: Candidates’ practical skills will be assessed in Paper 3 and Paper 5. In each of these papers, the questions
2026-08-21 17:24:45.980 | INFO     | app.worker:process_document:58 - 
BLOCK 13
TYPE: paragraph
HEADING: False
BOLD: False
NUMBERED: False
FONT SIZE: 10.0
TEXT: may be based on biology not included in the syllabus content, but candidates will be mainly assessed on their
2026-08-21 17:24:45.980 | INFO     | app.worker:process_document:58 - 
BLOCK 14
TYPE: paragraph
HEADING: False
BOLD: False
NUMBERED: False
FONT SIZE: 10.0
TEXT: practical skills rather than their knowledge of theory. Where appropriate, candidates will be given any additional
2026-08-21 17:24:45.981 | INFO     | app.worker:process_document:58 - 
BLOCK 15
TYPE: paragraph
HEADING: False
BOLD: False
NUMBERED: False
FONT SIZE: 10.0
TEXT: information that they need.
2026-08-21 17:24:45.986 | INFO     | app.worker:process_document:58 - 
BLOCK 16
TYPE: paragraph
HEADING: False
BOLD: False
NUMBERED: False
FONT SIZE: 16.0
TEXT: Paper 3 – Advanced Practical Skills
2026-08-21 17:24:45.989 | INFO     | app.worker:process_document:58 - 
BLOCK 17
TYPE: paragraph
HEADING: False
BOLD: False
NUMBERED: False
FONT SIZE: 10.0
TEXT: Paper 3 is a timetabled, laboratory-based practical paper focusing on the practical skills of:
2026-08-21 17:24:45.990 | INFO     | app.worker:process_document:58 - 
BLOCK 18
TYPE: paragraph
HEADING: False
BOLD: False
NUMBERED: False
FONT SIZE: 10.0
TEXT: • manipulation, measurement and observation
2026-08-21 17:24:45.991 | INFO     | app.worker:process_document:58 - 
BLOCK 19
TYPE: paragraph
HEADING: False
BOLD: False
NUMBERED: False
FONT SIZE: 10.0
TEXT: • presentation of data and observations
2026-08-21 17:24:45.991 | INFO     | app.worker:process_document:58 - 
BLOCK 20
TYPE: paragraph
HEADING: False
BOLD: False
NUMBERED: False
FONT SIZE: 10.0
TEXT: • analysis, conclusions and evaluation.
2026-08-21 17:24:45.992 | INFO     | app.worker:process_document:58 - 
BLOCK 21
TYPE: paragraph
HEADING: False
BOLD: False
NUMBERED: False
FONT SIZE: 10.0
TEXT: Centres should refer to the document ‘How to manage your sciences practical exams’ for advice on making
2026-08-21 17:24:45.993 | INFO     | app.worker:process_document:58 - 
BLOCK 22
TYPE: paragraph
HEADING: False
BOLD: False
NUMBERED: False
FONT SIZE: 10.0
TEXT: entries and organisation of candidates for practical exams.
2026-08-21 17:24:45.994 | INFO     | app.worker:process_document:58 - 
BLOCK 23
TYPE: paragraph
HEADING: False
BOLD: False
NUMBERED: False
FONT SIZE: 10.0
TEXT: Paper 3 consists of two or three questions, totalling 40 marks. The paper:
2026-08-21 17:24:45.995 | INFO     | app.worker:process_document:58 - 
BLOCK 24
TYPE: paragraph
HEADING: False
BOLD: False
NUMBERED: False
FONT SIZE: 10.0
TEXT: • requires candidates to carry out an investigation or investigations. They may be asked to:
2026-08-21 17:24:45.996 | INFO     | app.worker:process_document:58 - 
BLOCK 25
TYPE: paragraph
HEADING: False
BOLD: False
NUMBERED: False
FONT SIZE: 10.0
TEXT: – make decisions on techniques
2026-08-21 17:24:45.996 | INFO     | app.worker:process_document:58 - 
BLOCK 26
TYPE: paragraph
HEADING: False
BOLD: False
NUMBERED: False
FONT SIZE: 10.0
TEXT: – collect quantitative or qualitative data
2026-08-21 17:24:45.997 | INFO     | app.worker:process_document:58 - 
BLOCK 27
TYPE: paragraph
HEADING: False
BOLD: False
NUMBERED: False
FONT SIZE: 10.0
TEXT: – present the data or observations as tables, charts, graphs and other appropriate means
2026-08-21 17:24:45.998 | INFO     | app.worker:process_document:58 - 
BLOCK 28
TYPE: paragraph
HEADING: False
BOLD: False
NUMBERED: False
FONT SIZE: 10.0
TEXT: – analyse the data appropriately, including calculations
2026-08-21 17:24:46.005 | INFO     | app.worker:process_document:58 - 
BLOCK 29
TYPE: paragraph
HEADING: False
BOLD: False
NUMBERED: False
FONT SIZE: 10.0
TEXT: – draw conclusions
2026-08-21 17:24:46.006 | INFO     | app.worker:process_document:58 - 
BLOCK 30
TYPE: paragraph
HEADING: False
BOLD: False
NUMBERED: False
FONT SIZE: 10.0
TEXT: – suggest improvements to the procedure or modifications for extending the investigation
2026-08-21 17:24:46.008 | INFO     | app.worker:process_document:58 - 
BLOCK 31
TYPE: paragraph
HEADING: False
BOLD: False
NUMBERED: False
FONT SIZE: 10.0
TEXT: • requires candidates to carry out activities using a light microscope. They may be asked to:
2026-08-21 17:24:46.008 | INFO     | app.worker:process_document:58 - 
BLOCK 32
TYPE: paragraph
HEADING: False
BOLD: False
NUMBERED: False
FONT SIZE: 10.0
TEXT: – prepare slides
2026-08-21 17:24:46.009 | INFO     | app.worker:process_document:58 - 
BLOCK 33
TYPE: paragraph
HEADING: False
BOLD: False
NUMBERED: False
FONT SIZE: 10.0
TEXT: – make observations of specimens
2026-08-21 17:24:46.010 | INFO     | app.worker:process_document:58 - 
BLOCK 34
TYPE: paragraph
HEADING: False
BOLD: False
NUMBERED: False
FONT SIZE: 10.0
TEXT: – present their observations appropriately
2026-08-21 17:24:46.010 | INFO     | app.worker:process_document:58 - 
BLOCK 35
TYPE: paragraph
HEADING: False
BOLD: False
NUMBERED: False
FONT SIZE: 10.0
TEXT: – analyse data appropriately, including calculations
2026-08-21 17:24:46.011 | INFO     | app.worker:process_document:58 - 
BLOCK 36
TYPE: paragraph
HEADING: False
BOLD: False
NUMBERED: False
FONT SIZE: 10.0
TEXT: – make deductions and conclusions from the observations
2026-08-21 17:24:46.012 | INFO     | app.worker:process_document:58 - 
BLOCK 37
TYPE: paragraph
HEADING: False
BOLD: False
NUMBERED: False
FONT SIZE: 9.17
TEXT: Back to contents page www.cambridgeinternational.org/alevel 52
2026-08-21 17:24:46.012 | INFO     | app.worker:process_document:52 - 
PAGE 53 (34 blocks)
2026-08-21 17:24:46.013 | INFO     | app.worker:process_document:58 - 
BLOCK 0
TYPE: paragraph
HEADING: False
BOLD: False
NUMBERED: False
FONT SIZE: 9.0
TEXT: Cambridge International AS & A Level Biology 9700 syllabus for 2028, 2029 and 2030. Practical assessment
2026-08-21 17:24:46.013 | INFO     | app.worker:process_document:58 - 
BLOCK 1
TYPE: paragraph
HEADING: False
BOLD: False
NUMBERED: False
FONT SIZE: 10.0
TEXT: • requires each centre to provide microscopes for half of the candidates at a time (see Apparatus and
2026-08-21 17:24:46.014 | INFO     | app.worker:process_document:58 - 
BLOCK 2
TYPE: paragraph
HEADING: False
BOLD: False
NUMBERED: False
FONT SIZE: 10.0
TEXT: materials section for microscope specifications), so half the candidates should start on the investigation
2026-08-21 17:24:46.014 | INFO     | app.worker:process_document:58 - 
BLOCK 3
TYPE: paragraph
HEADING: False
BOLD: False
NUMBERED: False
FONT SIZE: 10.0
TEXT: while the others start with access to the light microscope
2026-08-21 17:24:46.019 | INFO     | app.worker:process_document:58 - 
BLOCK 4
TYPE: paragraph
HEADING: False
BOLD: False
NUMBERED: False
FONT SIZE: 10.0
TEXT: • includes questions set in different areas of AS Level Biology, and may include material from unfamiliar
2026-08-21 17:24:46.022 | INFO     | app.worker:process_document:58 - 
BLOCK 5
TYPE: paragraph
HEADING: False
BOLD: False
NUMBERED: False
FONT SIZE: 10.0
TEXT: contexts.
2026-08-21 17:24:46.024 | INFO     | app.worker:process_document:58 - 
BLOCK 6
TYPE: paragraph
HEADING: False
BOLD: False
NUMBERED: False
FONT SIZE: 10.0
TEXT: Candidates will be expected to show evidence of skills in the handling of familiar and unfamiliar biological
2026-08-21 17:24:46.025 | INFO     | app.worker:process_document:58 - 
BLOCK 7
TYPE: paragraph
HEADING: False
BOLD: False
NUMBERED: False
FONT SIZE: 10.0
TEXT: material. Where unfamiliar materials or techniques are required, full instructions will be given.
2026-08-21 17:24:46.026 | INFO     | app.worker:process_document:58 - 
BLOCK 8
TYPE: paragraph
HEADING: False
BOLD: False
NUMBERED: False
FONT SIZE: 10.0
TEXT: No dissection of materials of animal origin will be required in Paper 3. However, the use of dissection, interactive
2026-08-21 17:24:46.027 | INFO     | app.worker:process_document:58 - 
BLOCK 9
TYPE: paragraph
HEADING: False
BOLD: False
NUMBERED: False
FONT SIZE: 10.0
TEXT: videos or similar will continue to be a useful aid to teaching, e.g. when the heart is being studied.
2026-08-21 17:24:46.028 | INFO     | app.worker:process_document:58 - 
BLOCK 10
TYPE: paragraph
HEADING: False
BOLD: False
NUMBERED: False
FONT SIZE: 10.0
TEXT: The apparatus requirements for Paper 3 will vary from paper to paper. A complete list of apparatus and
2026-08-21 17:24:46.028 | INFO     | app.worker:process_document:58 - 
BLOCK 11
TYPE: paragraph
HEADING: False
BOLD: False
NUMBERED: False
FONT SIZE: 10.0
TEXT: materials required will be issued to centres in the confidential instructions. The confidential instructions should
2026-08-21 17:24:46.029 | INFO     | app.worker:process_document:58 - 
BLOCK 12
TYPE: paragraph
HEADING: False
BOLD: False
NUMBERED: False
FONT SIZE: 10.0
TEXT: be followed very carefully. If there are any queries regarding the confidential instructions, centres should contact
2026-08-21 17:24:46.029 | INFO     | app.worker:process_document:58 - 
BLOCK 13
TYPE: paragraph
HEADING: False
BOLD: False
NUMBERED: False
FONT SIZE: 10.0
TEXT: Cambridge International as soon as possible.
2026-08-21 17:24:46.030 | INFO     | app.worker:process_document:58 - 
BLOCK 14
TYPE: paragraph
HEADING: False
BOLD: False
NUMBERED: False
FONT SIZE: 13.0
TEXT: Mark allocations for Paper 3
2026-08-21 17:24:46.031 | INFO     | app.worker:process_document:58 - 
BLOCK 15
TYPE: paragraph
HEADING: False
BOLD: False
NUMBERED: False
FONT SIZE: 10.0
TEXT: Marks will be allocated on Paper 3 according to the table below. The expectations for each skill are listed in the
2026-08-21 17:24:46.031 | INFO     | app.worker:process_document:58 - 
BLOCK 16
TYPE: paragraph
HEADING: False
BOLD: False
NUMBERED: False
FONT SIZE: 10.0
TEXT: sections that follow.
2026-08-21 17:24:46.040 | INFO     | app.worker:process_document:58 - 
BLOCK 17
TYPE: paragraph
HEADING: False
BOLD: False
NUMBERED: False
FONT SIZE: 10.0
TEXT: Manipulation, measurement and
2026-08-21 17:24:46.041 | INFO     | app.worker:process_document:58 - 
BLOCK 18
TYPE: paragraph
HEADING: False
BOLD: False
NUMBERED: False
FONT SIZE: 10.0
TEXT: observations
2026-08-21 17:24:46.042 | INFO     | app.worker:process_document:58 - 
BLOCK 19
TYPE: paragraph
HEADING: False
BOLD: False
NUMBERED: False
FONT SIZE: 10.0
TEXT: 15–17
2026-08-21 17:24:46.042 | INFO     | app.worker:process_document:58 - 
BLOCK 20
TYPE: paragraph
HEADING: False
BOLD: False
NUMBERED: False
FONT SIZE: 10.0
TEXT: observation
2026-08-21 17:24:46.043 | INFO     | app.worker:process_document:58 - 
BLOCK 21
TYPE: paragraph
HEADING: False
BOLD: False
NUMBERED: False
FONT SIZE: 10.0
TEXT: Collection of data and observations
2026-08-21 17:24:46.043 | INFO     | app.worker:process_document:58 - 
BLOCK 22
TYPE: paragraph
HEADING: False
BOLD: False
NUMBERED: False
FONT SIZE: 10.0
TEXT: Recording data and observations
2026-08-21 17:24:46.044 | INFO     | app.worker:process_document:58 - 
BLOCK 23
TYPE: paragraph
HEADING: False
BOLD: False
NUMBERED: False
FONT SIZE: 10.0
TEXT: Presentation of data and
2026-08-21 17:24:46.044 | INFO     | app.worker:process_document:58 - 
BLOCK 24
TYPE: paragraph
HEADING: False
BOLD: False
NUMBERED: False
FONT SIZE: 10.0
TEXT: Display of calculation and reasoning 11–13
2026-08-21 17:24:46.045 | INFO     | app.worker:process_document:58 - 
BLOCK 25
TYPE: paragraph
HEADING: False
BOLD: False
NUMBERED: False
FONT SIZE: 10.0
TEXT: observations
2026-08-21 17:24:46.046 | INFO     | app.worker:process_document:58 - 
BLOCK 26
TYPE: paragraph
HEADING: False
BOLD: False
NUMBERED: False
FONT SIZE: 10.0
TEXT: Layout of data and observations
2026-08-21 17:24:46.046 | INFO     | app.worker:process_document:58 - 
BLOCK 27
TYPE: paragraph
HEADING: False
BOLD: False
NUMBERED: False
FONT SIZE: 10.0
TEXT: Interpreting data and observations
2026-08-21 17:24:46.047 | INFO     | app.worker:process_document:58 - 
BLOCK 28
TYPE: paragraph
HEADING: False
BOLD: False
NUMBERED: False
FONT SIZE: 10.0
TEXT: Analysis, conclusions and Drawing conclusions
2026-08-21 17:24:46.048 | INFO     | app.worker:process_document:58 - 
BLOCK 29
TYPE: paragraph
HEADING: False
BOLD: False
NUMBERED: False
FONT SIZE: 10.0
TEXT: 11–13
2026-08-21 17:24:46.058 | INFO     | app.worker:process_document:58 - 
BLOCK 30
TYPE: paragraph
HEADING: False
BOLD: False
NUMBERED: False
FONT SIZE: 10.0
TEXT: evaluation
2026-08-21 17:24:46.059 | INFO     | app.worker:process_document:58 - 
BLOCK 31
TYPE: paragraph
HEADING: False
BOLD: False
NUMBERED: False
FONT SIZE: 10.0
TEXT: Identifying sources of error and suggesting
2026-08-21 17:24:46.060 | INFO     | app.worker:process_document:58 - 
BLOCK 32
TYPE: paragraph
HEADING: False
BOLD: False
NUMBERED: False
FONT SIZE: 10.0
TEXT: improvements
2026-08-21 17:24:46.060 | INFO     | app.worker:process_document:58 - 
BLOCK 33
TYPE: paragraph
HEADING: False
BOLD: False
NUMBERED: False
FONT SIZE: 9.17
TEXT: Back to contents page www.cambridgeinternational.org/alevel 53
2026-08-21 17:24:46.061 | INFO     | app.worker:process_document:52 - 
PAGE 54 (42 blocks)
2026-08-21 17:24:46.061 | INFO     | app.worker:process_document:58 - 
BLOCK 0
TYPE: paragraph
HEADING: False
BOLD: False
NUMBERED: False
FONT SIZE: 9.0
TEXT: Cambridge International AS & A Level Biology 9700 syllabus for 2028, 2029 and 2030. Practical assessment
2026-08-21 17:24:46.062 | INFO     | app.worker:process_document:58 - 
BLOCK 1
TYPE: paragraph
HEADING: False
BOLD: False
NUMBERED: False
FONT SIZE: 13.0
TEXT: Expectations for each skill (Paper 3)
2026-08-21 17:24:46.062 | INFO     | app.worker:process_document:58 - 
BLOCK 2
TYPE: paragraph
HEADING: False
BOLD: False
NUMBERED: False
FONT SIZE: 13.0
TEXT: Manipulation, measurement and observation
2026-08-21 17:24:46.064 | INFO     | app.worker:process_document:58 - 
BLOCK 3
TYPE: paragraph
HEADING: False
BOLD: False
NUMBERED: False
FONT SIZE: 11.0
TEXT: Decisions relating to measurements and observations
2026-08-21 17:24:46.073 | INFO     | app.worker:process_document:58 - 
BLOCK 4
TYPE: paragraph
HEADING: False
BOLD: False
NUMBERED: False
FONT SIZE: 10.0
TEXT: Within an investigation, candidates should be able to:
2026-08-21 17:24:46.079 | INFO     | app.worker:process_document:58 - 
BLOCK 5
TYPE: paragraph
HEADING: False
BOLD: False
NUMBERED: False
FONT SIZE: 10.0
TEXT: • identify the independent variable and dependent variable
2026-08-21 17:24:46.080 | INFO     | app.worker:process_document:58 - 
BLOCK 6
TYPE: paragraph
HEADING: False
BOLD: False
NUMBERED: False
FONT SIZE: 10.0
TEXT: • decide a suitable range of values to use for the independent variable at which measurements of the
2026-08-21 17:24:46.080 | INFO     | app.worker:process_document:58 - 
BLOCK 7
TYPE: paragraph
HEADING: False
BOLD: False
NUMBERED: False
FONT SIZE: 10.0
TEXT: dependent variable are recorded
2026-08-21 17:24:46.081 | INFO     | app.worker:process_document:58 - 
BLOCK 8
TYPE: paragraph
HEADING: False
BOLD: False
NUMBERED: False
FONT SIZE: 10.0
TEXT: • decide the number of different values of the independent variable (a minimum of five) and the intervals
2026-08-21 17:24:46.092 | INFO     | app.worker:process_document:58 - 
BLOCK 9
TYPE: paragraph
HEADING: False
BOLD: False
NUMBERED: False
FONT SIZE: 10.0
TEXT: between them
2026-08-21 17:24:46.093 | INFO     | app.worker:process_document:58 - 
BLOCK 10
TYPE: paragraph
HEADING: False
BOLD: False
NUMBERED: False
FONT SIZE: 10.0
TEXT: • decide how to change the value of the independent variable
2026-08-21 17:24:46.094 | INFO     | app.worker:process_document:58 - 
BLOCK 11
TYPE: paragraph
HEADING: False
BOLD: False
NUMBERED: False
FONT SIZE: 10.0
TEXT: • decide how the dependent variable should be measured
2026-08-21 17:24:46.094 | INFO     | app.worker:process_document:58 - 
BLOCK 12
TYPE: paragraph
HEADING: False
BOLD: False
NUMBERED: False
FONT SIZE: 10.0
TEXT: • decide the number of replicates at each value
2026-08-21 17:24:46.095 | INFO     | app.worker:process_document:58 - 
BLOCK 13
TYPE: paragraph
HEADING: False
BOLD: False
NUMBERED: False
FONT SIZE: 10.0
TEXT: • decide on appropriate controls for the experiment or investigation
2026-08-21 17:24:46.096 | INFO     | app.worker:process_document:58 - 
BLOCK 14
TYPE: paragraph
HEADING: False
BOLD: False
NUMBERED: False
FONT SIZE: 10.0
TEXT: • decide which variables need to be standardised and how to standardise them. (Variables expected to have
2026-08-21 17:24:46.096 | INFO     | app.worker:process_document:58 - 
BLOCK 15
TYPE: paragraph
HEADING: False
BOLD: False
NUMBERED: False
FONT SIZE: 10.0
TEXT: a minimal effect, such as variation between test-tubes of the same type, do not need to be standardised.)
2026-08-21 17:24:46.097 | INFO     | app.worker:process_document:58 - 
BLOCK 16
TYPE: paragraph
HEADING: False
BOLD: False
NUMBERED: False
FONT SIZE: 10.0
TEXT: When using the light microscope and photomicrographs, candidates should be able to:
2026-08-21 17:24:46.097 | INFO     | app.worker:process_document:58 - 
BLOCK 17
TYPE: paragraph
HEADING: False
BOLD: False
NUMBERED: False
FONT SIZE: 10.0
TEXT: • set up a light microscope to view and observe specimens
2026-08-21 17:24:46.098 | INFO     | app.worker:process_document:58 - 
BLOCK 18
TYPE: paragraph
HEADING: False
BOLD: False
NUMBERED: False
FONT SIZE: 10.0
TEXT: • follow instructions to find and draw particular tissues in plant and animal specimens and label the drawings
2026-08-21 17:24:46.100 | INFO     | app.worker:process_document:58 - 
BLOCK 19
TYPE: paragraph
HEADING: False
BOLD: False
NUMBERED: False
FONT SIZE: 10.0
TEXT: appropriately
2026-08-21 17:24:46.103 | INFO     | app.worker:process_document:58 - 
BLOCK 20
TYPE: paragraph
HEADING: False
BOLD: False
NUMBERED: False
FONT SIZE: 10.0
TEXT: • follow instructions to find and draw particular cells and structures within the cells
2026-08-21 17:24:46.105 | INFO     | app.worker:process_document:58 - 
BLOCK 21
TYPE: paragraph
HEADING: False
BOLD: False
NUMBERED: False
FONT SIZE: 10.0
TEXT: • make a temporary slide of stained cells or tissues
2026-08-21 17:24:46.108 | INFO     | app.worker:process_document:58 - 
BLOCK 22
TYPE: paragraph
HEADING: False
BOLD: False
NUMBERED: False
FONT SIZE: 10.0
TEXT: • calculate actual sizes of tissues or cells from measurements of photomicrographs, using magnifications,
2026-08-21 17:24:46.108 | INFO     | app.worker:process_document:58 - 
BLOCK 23
TYPE: paragraph
HEADING: False
BOLD: False
NUMBERED: False
FONT SIZE: 10.0
TEXT: scale bars or representations of eyepiece graticules and stage micrometers
2026-08-21 17:24:46.109 | INFO     | app.worker:process_document:58 - 
BLOCK 24
TYPE: paragraph
HEADING: False
BOLD: False
NUMBERED: False
FONT SIZE: 10.0
TEXT: • estimate the number of cells or cell organelles in a given area using a sampling method, such as grids or
2026-08-21 17:24:46.110 | INFO     | app.worker:process_document:58 - 
BLOCK 25
TYPE: paragraph
HEADING: False
BOLD: False
NUMBERED: False
FONT SIZE: 10.0
TEXT: fields of view.
2026-08-21 17:24:46.110 | INFO     | app.worker:process_document:58 - 
BLOCK 26
TYPE: paragraph
HEADING: False
BOLD: False
NUMBERED: False
FONT SIZE: 11.0
TEXT: Collection of data and observations
2026-08-21 17:24:46.111 | INFO     | app.worker:process_document:58 - 
BLOCK 27
TYPE: paragraph
HEADING: False
BOLD: False
NUMBERED: False
FONT SIZE: 10.0
TEXT: Within an investigation, candidates should be able to:
2026-08-21 17:24:46.112 | INFO     | app.worker:process_document:58 - 
BLOCK 28
TYPE: paragraph
HEADING: False
BOLD: False
NUMBERED: False
FONT SIZE: 10.0
TEXT: • follow instructions to collect results
2026-08-21 17:24:46.112 | INFO     | app.worker:process_document:58 - 
BLOCK 29
TYPE: paragraph
HEADING: False
BOLD: False
NUMBERED: False
FONT SIZE: 10.0
TEXT: • consider the hazards of the procedure, including the use of any solutions and reagents, and assess the risk
2026-08-21 17:24:46.113 | INFO     | app.worker:process_document:58 - 
BLOCK 30
TYPE: paragraph
HEADING: False
BOLD: False
NUMBERED: False
FONT SIZE: 10.0
TEXT: as low, medium or high
2026-08-21 17:24:46.114 | INFO     | app.worker:process_document:58 - 
BLOCK 31
TYPE: paragraph
HEADING: False
BOLD: False
NUMBERED: False
FONT SIZE: 10.0
TEXT: • take readings to obtain accurate data (quantitative results) or observations (qualitative results).
2026-08-21 17:24:46.115 | INFO     | app.worker:process_document:58 - 
BLOCK 32
TYPE: paragraph
HEADING: False
BOLD: False
NUMBERED: False
FONT SIZE: 10.0
TEXT: When using the light microscope and photomicrographs, candidates should be able to:
2026-08-21 17:24:46.125 | INFO     | app.worker:process_document:58 - 
BLOCK 33
TYPE: paragraph
HEADING: False
BOLD: False
NUMBERED: False
FONT SIZE: 10.0
TEXT: • draw plan diagrams to show the distribution of tissues in a specimen, with no cells drawn and the correct
2026-08-21 17:24:46.126 | INFO     | app.worker:process_document:58 - 
BLOCK 34
TYPE: paragraph
HEADING: False
BOLD: False
NUMBERED: False
FONT SIZE: 10.0
TEXT: proportions of layers of tissues
2026-08-21 17:24:46.126 | INFO     | app.worker:process_document:58 - 
BLOCK 35
TYPE: paragraph
HEADING: False
BOLD: False
NUMBERED: False
FONT SIZE: 10.0
TEXT: • draw the observable features of cells in a specimen showing:
2026-08-21 17:24:46.127 | INFO     | app.worker:process_document:58 - 
BLOCK 36
TYPE: paragraph
HEADING: False
BOLD: False
NUMBERED: False
FONT SIZE: 10.0
TEXT: – the correct shapes
2026-08-21 17:24:46.127 | INFO     | app.worker:process_document:58 - 
BLOCK 37
TYPE: paragraph
HEADING: False
BOLD: False
NUMBERED: False
FONT SIZE: 10.0
TEXT: – the thicknesses of cell walls where applicable (drawn with two lines or drawn with three lines where two
2026-08-21 17:24:46.128 | INFO     | app.worker:process_document:58 - 
BLOCK 38
TYPE: paragraph
HEADING: False
BOLD: False
NUMBERED: False
FONT SIZE: 10.0
TEXT: cells touch)
2026-08-21 17:24:46.129 | INFO     | app.worker:process_document:58 - 
BLOCK 39
TYPE: paragraph
HEADING: False
BOLD: False
NUMBERED: False
FONT SIZE: 10.0
TEXT: – the relative sizes and proportions
2026-08-21 17:24:46.130 | INFO     | app.worker:process_document:58 - 
BLOCK 40
TYPE: paragraph
HEADING: False
BOLD: False
NUMBERED: False
FONT SIZE: 10.0
TEXT: – observable cell contents only
2026-08-21 17:24:46.130 | INFO     | app.worker:process_document:58 - 
BLOCK 41
TYPE: paragraph
HEADING: False
BOLD: False
NUMBERED: False
FONT SIZE: 9.17
TEXT: Back to contents page www.cambridgeinternational.org/alevel 54
2026-08-21 17:24:46.131 | INFO     | app.worker:process_document:52 - 
PAGE 55 (42 blocks)
2026-08-21 17:24:46.135 | INFO     | app.worker:process_document:58 - 
BLOCK 0
TYPE: paragraph
HEADING: False
BOLD: False
NUMBERED: False
FONT SIZE: 9.0
TEXT: Cambridge International AS & A Level Biology 9700 syllabus for 2028, 2029 and 2030. Practical assessment
2026-08-21 17:24:46.142 | INFO     | app.worker:process_document:58 - 
BLOCK 1
TYPE: paragraph
HEADING: False
BOLD: False
NUMBERED: False
FONT SIZE: 10.0
TEXT: • measure tissue layers or cells from photomicrographs using a ruler or given scale, including representations
2026-08-21 17:24:46.143 | INFO     | app.worker:process_document:58 - 
BLOCK 2
TYPE: paragraph
HEADING: False
BOLD: False
NUMBERED: False
FONT SIZE: 10.0
TEXT: of eyepiece graticules
2026-08-21 17:24:46.143 | INFO     | app.worker:process_document:58 - 
BLOCK 3
TYPE: paragraph
HEADING: False
BOLD: False
NUMBERED: False
FONT SIZE: 10.0
TEXT: • make accurate observations from specimens including counting numbers of cells or cell organelles
2026-08-21 17:24:46.144 | INFO     | app.worker:process_document:58 - 
BLOCK 4
TYPE: paragraph
HEADING: False
BOLD: False
NUMBERED: False
FONT SIZE: 10.0
TEXT: • record similarities and differences between two specimens using only their observable features.
2026-08-21 17:24:46.145 | INFO     | app.worker:process_document:58 - 
BLOCK 5
TYPE: paragraph
HEADING: False
BOLD: False
NUMBERED: False
FONT SIZE: 13.0
TEXT: Presentation of data and observations
2026-08-21 17:24:46.146 | INFO     | app.worker:process_document:58 - 
BLOCK 6
TYPE: paragraph
HEADING: False
BOLD: False
NUMBERED: False
FONT SIZE: 11.0
TEXT: Recording data and observations
2026-08-21 17:24:46.157 | INFO     | app.worker:process_document:58 - 
BLOCK 7
TYPE: paragraph
HEADING: False
BOLD: False
NUMBERED: False
FONT SIZE: 10.0
TEXT: Within an investigation, candidates should be able to:
2026-08-21 17:24:46.158 | INFO     | app.worker:process_document:58 - 
BLOCK 8
TYPE: paragraph
HEADING: False
BOLD: False
NUMBERED: False
FONT SIZE: 10.0
TEXT: • record raw results (unprocessed) and calculated results (processed) in an appropriate table with:
2026-08-21 17:24:46.159 | INFO     | app.worker:process_document:58 - 
BLOCK 9
TYPE: paragraph
HEADING: False
BOLD: False
NUMBERED: False
FONT SIZE: 10.0
TEXT: – descriptive headings, including any required units (no units in body of table)
2026-08-21 17:24:46.160 | INFO     | app.worker:process_document:58 - 
BLOCK 10
TYPE: paragraph
HEADING: False
BOLD: False
NUMBERED: False
FONT SIZE: 10.0
TEXT: – heading for the independent variable to the left of (or above, if the table is in rows) the dependent
2026-08-21 17:24:46.160 | INFO     | app.worker:process_document:58 - 
BLOCK 11
TYPE: paragraph
HEADING: False
BOLD: False
NUMBERED: False
FONT SIZE: 10.0
TEXT: variable
2026-08-21 17:24:46.161 | INFO     | app.worker:process_document:58 - 
BLOCK 12
TYPE: paragraph
HEADING: False
BOLD: False
NUMBERED: False
FONT SIZE: 10.0
TEXT: • record quantitative data to the number of decimal places that is appropriate for the measuring instrument
2026-08-21 17:24:46.161 | INFO     | app.worker:process_document:58 - 
BLOCK 13
TYPE: paragraph
HEADING: False
BOLD: False
NUMBERED: False
FONT SIZE: 10.0
TEXT: used
2026-08-21 17:24:46.162 | INFO     | app.worker:process_document:58 - 
BLOCK 14
TYPE: paragraph
HEADING: False
BOLD: False
NUMBERED: False
FONT SIZE: 10.0
TEXT: • record qualitative observations using clear descriptions
2026-08-21 17:24:46.162 | INFO     | app.worker:process_document:58 - 
BLOCK 15
TYPE: paragraph
HEADING: False
BOLD: False
NUMBERED: False
FONT SIZE: 10.0
TEXT: • record calculated values (processed results) in an appropriate table.
2026-08-21 17:24:46.163 | INFO     | app.worker:process_document:58 - 
BLOCK 16
TYPE: paragraph
HEADING: False
BOLD: False
NUMBERED: False
FONT SIZE: 10.0
TEXT: When using the light microscope and photomicrographs, candidates should be able to:
2026-08-21 17:24:46.164 | INFO     | app.worker:process_document:58 - 
BLOCK 17
TYPE: paragraph
HEADING: False
BOLD: False
NUMBERED: False
FONT SIZE: 10.0
TEXT: • record the fine details of the specimen, including drawing the detailed shapes of layers or outlines of
2026-08-21 17:24:46.165 | INFO     | app.worker:process_document:58 - 
BLOCK 18
TYPE: paragraph
HEADING: False
BOLD: False
NUMBERED: False
FONT SIZE: 10.0
TEXT: specimens in plan diagrams and drawing the shape and position of observable cell organelles in cells.
2026-08-21 17:24:46.168 | INFO     | app.worker:process_document:58 - 
BLOCK 19
TYPE: paragraph
HEADING: False
BOLD: False
NUMBERED: False
FONT SIZE: 11.0
TEXT: Display of calculation and reasoning
2026-08-21 17:24:46.170 | INFO     | app.worker:process_document:58 - 
BLOCK 20
TYPE: paragraph
HEADING: False
BOLD: False
NUMBERED: False
FONT SIZE: 10.0
TEXT: Within an investigation and when using the light microscope and photomicrographs, candidates should be able
2026-08-21 17:24:46.171 | INFO     | app.worker:process_document:58 - 
BLOCK 21
TYPE: paragraph
HEADING: False
BOLD: False
NUMBERED: False
FONT SIZE: 10.0
TEXT: to:
2026-08-21 17:24:46.172 | INFO     | app.worker:process_document:58 - 
BLOCK 22
TYPE: paragraph
HEADING: False
BOLD: False
NUMBERED: False
FONT SIZE: 10.0
TEXT: • display calculations clearly, showing all the steps and reasoning
2026-08-21 17:24:46.172 | INFO     | app.worker:process_document:58 - 
BLOCK 23
TYPE: paragraph
HEADING: False
BOLD: False
NUMBERED: False
FONT SIZE: 10.0
TEXT: • use the correct number of significant figures for calculated quantities. This should be the same as, or one
2026-08-21 17:24:46.173 | INFO     | app.worker:process_document:58 - 
BLOCK 24
TYPE: paragraph
HEADING: False
BOLD: False
NUMBERED: False
FONT SIZE: 10.0
TEXT: more than, the smallest number of significant figures in the data used in the calculation.
2026-08-21 17:24:46.173 | INFO     | app.worker:process_document:58 - 
BLOCK 25
TYPE: paragraph
HEADING: False
BOLD: False
NUMBERED: False
FONT SIZE: 11.0
TEXT: Layout of data and observations
2026-08-21 17:24:46.174 | INFO     | app.worker:process_document:58 - 
BLOCK 26
TYPE: paragraph
HEADING: False
BOLD: False
NUMBERED: False
FONT SIZE: 10.0
TEXT: Within an investigation, candidates should be able to:
2026-08-21 17:24:46.174 | INFO     | app.worker:process_document:58 - 
BLOCK 27
TYPE: paragraph
HEADING: False
BOLD: False
NUMBERED: False
FONT SIZE: 10.0
TEXT: • display data as a graph (continuous data), bar chart (discontinuous or categoric) or histogram (frequency
2026-08-21 17:24:46.176 | INFO     | app.worker:process_document:58 - 
BLOCK 28
TYPE: paragraph
HEADING: False
BOLD: False
NUMBERED: False
FONT SIZE: 10.0
TEXT: data)
2026-08-21 17:24:46.177 | INFO     | app.worker:process_document:58 - 
BLOCK 29
TYPE: paragraph
HEADING: False
BOLD: False
NUMBERED: False
FONT SIZE: 10.0
TEXT: • draw a graph, bar chart or histogram clearly and accurately with:
2026-08-21 17:24:46.177 | INFO     | app.worker:process_document:58 - 
BLOCK 30
TYPE: paragraph
HEADING: False
BOLD: False
NUMBERED: False
FONT SIZE: 10.0
TEXT: – the independent variable on the x -axis and the dependent variable on the y -axis
2026-08-21 17:24:46.178 | INFO     | app.worker:process_document:58 - 
BLOCK 31
TYPE: paragraph
HEADING: False
BOLD: False
NUMBERED: False
FONT SIZE: 10.0
TEXT: – axes labelled to match the relevant table headings, including units where appropriate
2026-08-21 17:24:46.178 | INFO     | app.worker:process_document:58 - 
BLOCK 32
TYPE: paragraph
HEADING: False
BOLD: False
NUMBERED: False
FONT SIZE: 10.0
TEXT: – a scale where both axes should use most or all of the grid available and allow the graph to be read
2026-08-21 17:24:46.179 | INFO     | app.worker:process_document:58 - 
BLOCK 33
TYPE: paragraph
HEADING: False
BOLD: False
NUMBERED: False
FONT SIZE: 10.0
TEXT: easily to within half a square
2026-08-21 17:24:46.179 | INFO     | app.worker:process_document:58 - 
BLOCK 34
TYPE: paragraph
HEADING: False
BOLD: False
NUMBERED: False
FONT SIZE: 10.0
TEXT: – all graph points plotted accurately using a sharp pencil, as a small cross or a small dot in a circle, with
2026-08-21 17:24:46.180 | INFO     | app.worker:process_document:58 - 
BLOCK 35
TYPE: paragraph
HEADING: False
BOLD: False
NUMBERED: False
FONT SIZE: 10.0
TEXT: the intersection of the cross or centre of the dot exactly on the required point
2026-08-21 17:24:46.180 | INFO     | app.worker:process_document:58 - 
BLOCK 36
TYPE: paragraph
HEADING: False
BOLD: False
NUMBERED: False
FONT SIZE: 10.0
TEXT: – the plotted points of a graph connected with a clear, sharp and unbroken line, either as a line of best fit,
2026-08-21 17:24:46.181 | INFO     | app.worker:process_document:58 - 
BLOCK 37
TYPE: paragraph
HEADING: False
BOLD: False
NUMBERED: False
FONT SIZE: 10.0
TEXT: a smooth curve or with ruled straight lines joining the points
2026-08-21 17:24:46.181 | INFO     | app.worker:process_document:58 - 
BLOCK 38
TYPE: paragraph
HEADING: False
BOLD: False
NUMBERED: False
FONT SIZE: 10.0
TEXT: – no extrapolation of graph lines unless this can be assumed from the data
2026-08-21 17:24:46.186 | INFO     | app.worker:process_document:58 - 
BLOCK 39
TYPE: paragraph
HEADING: False
BOLD: False
NUMBERED: False
FONT SIZE: 10.0
TEXT: – all bars on a bar chart or histogram plotted accurately, with clear, unbroken lines that are drawn with a
2026-08-21 17:24:46.188 | INFO     | app.worker:process_document:58 - 
BLOCK 40
TYPE: paragraph
HEADING: False
BOLD: False
NUMBERED: False
FONT SIZE: 10.0
TEXT: sharp pencil and ruler.
2026-08-21 17:24:46.189 | INFO     | app.worker:process_document:58 - 
BLOCK 41
TYPE: paragraph
HEADING: False
BOLD: False
NUMBERED: False
FONT SIZE: 9.17
TEXT: Back to contents page www.cambridgeinternational.org/alevel 55
2026-08-21 17:24:46.189 | INFO     | app.worker:process_document:52 - 
PAGE 56 (43 blocks)
2026-08-21 17:24:46.190 | INFO     | app.worker:process_document:58 - 
BLOCK 0
TYPE: paragraph
HEADING: False
BOLD: False
NUMBERED: False
FONT SIZE: 9.0
TEXT: Cambridge International AS & A Level Biology 9700 syllabus for 2028, 2029 and 2030. Practical assessment
2026-08-21 17:24:46.190 | INFO     | app.worker:process_document:58 - 
BLOCK 1
TYPE: paragraph
HEADING: False
BOLD: False
NUMBERED: False
FONT SIZE: 10.0
TEXT: When using the light microscope and photomicrographs, candidates should be able to:
2026-08-21 17:24:46.191 | INFO     | app.worker:process_document:58 - 
BLOCK 2
TYPE: paragraph
HEADING: False
BOLD: False
NUMBERED: False
FONT SIZE: 10.0
TEXT: • make drawings, using a sharp pencil to give finely drawn lines that are clear and unbroken
2026-08-21 17:24:46.192 | INFO     | app.worker:process_document:58 - 
BLOCK 3
TYPE: paragraph
HEADING: False
BOLD: False
NUMBERED: False
FONT SIZE: 10.0
TEXT: • make drawings that use most of the available space and show all the features observed in the specimen,
2026-08-21 17:24:46.193 | INFO     | app.worker:process_document:58 - 
BLOCK 4
TYPE: paragraph
HEADING: False
BOLD: False
NUMBERED: False
FONT SIZE: 10.0
TEXT: with no shading
2026-08-21 17:24:46.194 | INFO     | app.worker:process_document:58 - 
BLOCK 5
TYPE: paragraph
HEADING: False
BOLD: False
NUMBERED: False
FONT SIZE: 10.0
TEXT: • organise comparative observations, showing differences and similarities between specimens.
2026-08-21 17:24:46.194 | INFO     | app.worker:process_document:58 - 
BLOCK 6
TYPE: paragraph
HEADING: False
BOLD: False
NUMBERED: False
FONT SIZE: 13.0
TEXT: Analysis, conclusions and evaluation
2026-08-21 17:24:46.195 | INFO     | app.worker:process_document:58 - 
BLOCK 7
TYPE: paragraph
HEADING: False
BOLD: False
NUMBERED: False
FONT SIZE: 11.0
TEXT: Interpreting data and observations
2026-08-21 17:24:46.195 | INFO     | app.worker:process_document:58 - 
BLOCK 8
TYPE: paragraph
HEADING: False
BOLD: False
NUMBERED: False
FONT SIZE: 10.0
TEXT: Within an investigation, candidates should be able to:
2026-08-21 17:24:46.196 | INFO     | app.worker:process_document:58 - 
BLOCK 9
TYPE: paragraph
HEADING: False
BOLD: False
NUMBERED: False
FONT SIZE: 10.0
TEXT: • calculate an answer with the correct number of significant figures using quantitative results or data provided
2026-08-21 17:24:46.196 | INFO     | app.worker:process_document:58 - 
BLOCK 10
TYPE: paragraph
HEADING: False
BOLD: False
NUMBERED: False
FONT SIZE: 10.0
TEXT: • use a graph to find unknown values
2026-08-21 17:24:46.197 | INFO     | app.worker:process_document:58 - 
BLOCK 11
TYPE: paragraph
HEADING: False
BOLD: False
NUMBERED: False
FONT SIZE: 10.0
TEXT: • estimate the concentrations of unknown solutions from qualitative results
2026-08-21 17:24:46.197 | INFO     | app.worker:process_document:58 - 
BLOCK 12
TYPE: paragraph
HEADING: False
BOLD: False
NUMBERED: False
FONT SIZE: 10.0
TEXT: • identify the contents of unknown solutions using biological molecule tests
2026-08-21 17:24:46.198 | INFO     | app.worker:process_document:58 - 
BLOCK 13
TYPE: paragraph
HEADING: False
BOLD: False
NUMBERED: False
FONT SIZE: 10.0
TEXT: • identify anomalous results and suggest how to deal with anomalies
2026-08-21 17:24:46.208 | INFO     | app.worker:process_document:58 - 
BLOCK 14
TYPE: paragraph
HEADING: False
BOLD: False
NUMBERED: False
FONT SIZE: 10.0
TEXT: • describe patterns and trends using the data provided in tables and graphs
2026-08-21 17:24:46.209 | INFO     | app.worker:process_document:58 - 
BLOCK 15
TYPE: paragraph
HEADING: False
BOLD: False
NUMBERED: False
FONT SIZE: 10.0
TEXT: • evaluate the confidence with which conclusions might be made.
2026-08-21 17:24:46.209 | INFO     | app.worker:process_document:58 - 
BLOCK 16
TYPE: paragraph
HEADING: False
BOLD: False
NUMBERED: False
FONT SIZE: 10.0
TEXT: When using the light microscope and photomicrographs, candidates should be able to:
2026-08-21 17:24:46.210 | INFO     | app.worker:process_document:58 - 
BLOCK 17
TYPE: paragraph
HEADING: False
BOLD: False
NUMBERED: False
FONT SIZE: 10.0
TEXT: • calculate an answer with the correct number of significant figures using quantitative results or data provided
2026-08-21 17:24:46.211 | INFO     | app.worker:process_document:58 - 
BLOCK 18
TYPE: paragraph
HEADING: False
BOLD: False
NUMBERED: False
FONT SIZE: 10.0
TEXT: • compare observable features of specimens of biological material including similarities and differences
2026-08-21 17:24:46.214 | INFO     | app.worker:process_document:58 - 
BLOCK 19
TYPE: paragraph
HEADING: False
BOLD: False
NUMBERED: False
FONT SIZE: 10.0
TEXT: between specimens on a microscope slide and specimens in photomicrographs.
2026-08-21 17:24:46.217 | INFO     | app.worker:process_document:58 - 
BLOCK 20
TYPE: paragraph
HEADING: False
BOLD: False
NUMBERED: False
FONT SIZE: 11.0
TEXT: Drawing conclusions
2026-08-21 17:24:46.218 | INFO     | app.worker:process_document:58 - 
BLOCK 21
TYPE: paragraph
HEADING: False
BOLD: False
NUMBERED: False
FONT SIZE: 10.0
TEXT: From results, observations or information provided, candidates should be able to:
2026-08-21 17:24:46.220 | INFO     | app.worker:process_document:58 - 
BLOCK 22
TYPE: paragraph
HEADING: False
BOLD: False
NUMBERED: False
FONT SIZE: 10.0
TEXT: • summarise the main conclusions
2026-08-21 17:24:46.222 | INFO     | app.worker:process_document:58 - 
BLOCK 23
TYPE: paragraph
HEADING: False
BOLD: False
NUMBERED: False
FONT SIZE: 10.0
TEXT: • state and explain whether a hypothesis is supported
2026-08-21 17:24:46.222 | INFO     | app.worker:process_document:58 - 
BLOCK 24
TYPE: paragraph
HEADING: False
BOLD: False
NUMBERED: False
FONT SIZE: 10.0
TEXT: • make predictions from the patterns and trends in data
2026-08-21 17:24:46.223 | INFO     | app.worker:process_document:58 - 
BLOCK 25
TYPE: paragraph
HEADING: False
BOLD: False
NUMBERED: False
FONT SIZE: 10.0
TEXT: • suggest explanations for observations, results, patterns, trends and conclusions.
2026-08-21 17:24:46.224 | INFO     | app.worker:process_document:58 - 
BLOCK 26
TYPE: paragraph
HEADING: False
BOLD: False
NUMBERED: False
FONT SIZE: 11.0
TEXT: Identifying sources of error and suggesting improvements
2026-08-21 17:24:46.224 | INFO     | app.worker:process_document:58 - 
BLOCK 27
TYPE: paragraph
HEADING: False
BOLD: False
NUMBERED: False
FONT SIZE: 10.0
TEXT: Within an investigation and when using the light microscope and photomicrographs, candidates should be able
2026-08-21 17:24:46.225 | INFO     | app.worker:process_document:58 - 
BLOCK 28
TYPE: paragraph
HEADING: False
BOLD: False
NUMBERED: False
FONT SIZE: 10.0
TEXT: to:
2026-08-21 17:24:46.225 | INFO     | app.worker:process_document:58 - 
BLOCK 29
TYPE: paragraph
HEADING: False
BOLD: False
NUMBERED: False
FONT SIZE: 10.0
TEXT: • identify systematic or random errors in an investigation, understanding that systematic errors may not affect
2026-08-21 17:24:46.226 | INFO     | app.worker:process_document:58 - 
BLOCK 30
TYPE: paragraph
HEADING: False
BOLD: False
NUMBERED: False
FONT SIZE: 10.0
TEXT: the trend in results whereas a random error may affect the trend
2026-08-21 17:24:46.226 | INFO     | app.worker:process_document:58 - 
BLOCK 31
TYPE: paragraph
HEADING: False
BOLD: False
NUMBERED: False
FONT SIZE: 10.0
TEXT: • identify the main sources of error in a particular investigation
2026-08-21 17:24:46.227 | INFO     | app.worker:process_document:58 - 
BLOCK 32
TYPE: paragraph
HEADING: False
BOLD: False
NUMBERED: False
FONT SIZE: 10.0
TEXT: • suggest improvements to a procedure that will increase the accuracy of the observations or measurements,
2026-08-21 17:24:46.228 | INFO     | app.worker:process_document:58 - 
BLOCK 33
TYPE: paragraph
HEADING: False
BOLD: False
NUMBERED: False
FONT SIZE: 10.0
TEXT: including:
2026-08-21 17:24:46.229 | INFO     | app.worker:process_document:58 - 
BLOCK 34
TYPE: paragraph
HEADING: False
BOLD: False
NUMBERED: False
FONT SIZE: 10.0
TEXT: – using a more effective method to standardise relevant variables
2026-08-21 17:24:46.229 | INFO     | app.worker:process_document:58 - 
BLOCK 35
TYPE: paragraph
HEADING: False
BOLD: False
NUMBERED: False
FONT SIZE: 10.0
TEXT: – using a more accurate method of measuring the dependent variable
2026-08-21 17:24:46.231 | INFO     | app.worker:process_document:58 - 
BLOCK 36
TYPE: paragraph
HEADING: False
BOLD: False
NUMBERED: False
FONT SIZE: 10.0
TEXT: – using smaller intervals for the values of the independent variable
2026-08-21 17:24:46.234 | INFO     | app.worker:process_document:58 - 
BLOCK 37
TYPE: paragraph
HEADING: False
BOLD: False
NUMBERED: False
FONT SIZE: 10.0
TEXT: – collecting replicate measurements so that a mean can be calculated
2026-08-21 17:24:46.239 | INFO     | app.worker:process_document:58 - 
BLOCK 38
TYPE: paragraph
HEADING: False
BOLD: False
NUMBERED: False
FONT SIZE: 10.0
TEXT: • suggest how to extend the investigation to answer a new question, for example by investigating a different
2026-08-21 17:24:46.240 | INFO     | app.worker:process_document:58 - 
BLOCK 39
TYPE: paragraph
HEADING: False
BOLD: False
NUMBERED: False
FONT SIZE: 10.0
TEXT: independent variable or applying the method to a new context
2026-08-21 17:24:46.241 | INFO     | app.worker:process_document:58 - 
BLOCK 40
TYPE: paragraph
HEADING: False
BOLD: False
NUMBERED: False
FONT SIZE: 10.0
TEXT: • describe clearly, in words or diagrams, improvements to the procedure or modifications to extend the
2026-08-21 17:24:46.242 | INFO     | app.worker:process_document:58 - 
BLOCK 41
TYPE: paragraph
HEADING: False
BOLD: False
NUMBERED: False
FONT SIZE: 10.0
TEXT: investigation.
2026-08-21 17:24:46.243 | INFO     | app.worker:process_document:58 - 
BLOCK 42
TYPE: paragraph
HEADING: False
BOLD: False
NUMBERED: False
FONT SIZE: 9.17
TEXT: Back to contents page www.cambridgeinternational.org/alevel 56
2026-08-21 17:24:46.243 | INFO     | app.worker:process_document:52 - 
PAGE 57 (42 blocks)
2026-08-21 17:24:46.244 | INFO     | app.worker:process_document:58 - 
BLOCK 0
TYPE: paragraph
HEADING: False
BOLD: False
NUMBERED: False
FONT SIZE: 9.0
TEXT: Cambridge International AS & A Level Biology 9700 syllabus for 2028, 2029 and 2030. Practical assessment
2026-08-21 17:24:46.245 | INFO     | app.worker:process_document:58 - 
BLOCK 1
TYPE: paragraph
HEADING: False
BOLD: False
NUMBERED: False
FONT SIZE: 13.0
TEXT: Administration of Paper 3
2026-08-21 17:24:46.246 | INFO     | app.worker:process_document:58 - 
BLOCK 2
TYPE: paragraph
HEADING: False
BOLD: False
NUMBERED: False
FONT SIZE: 10.0
TEXT: Detailed regulations on the administration of Cambridge International practical examinations are contained in
2026-08-21 17:24:46.248 | INFO     | app.worker:process_document:58 - 
BLOCK 3
TYPE: paragraph
HEADING: False
BOLD: False
NUMBERED: False
FONT SIZE: 10.0
TEXT: the Cambridge Handbook .
2026-08-21 17:24:46.251 | INFO     | app.worker:process_document:58 - 
BLOCK 4
TYPE: paragraph
HEADING: False
BOLD: False
NUMBERED: False
FONT SIZE: 10.0
TEXT: Details of specific requirements for apparatus and materials for a particular examination are given in the
2026-08-21 17:24:46.253 | INFO     | app.worker:process_document:58 - 
BLOCK 5
TYPE: paragraph
HEADING: False
BOLD: False
NUMBERED: False
FONT SIZE: 10.0
TEXT: confidential instructions, which are sent to centres several weeks before the examination. Any materials to be
2026-08-21 17:24:46.254 | INFO     | app.worker:process_document:58 - 
BLOCK 6
TYPE: paragraph
HEADING: False
BOLD: False
NUMBERED: False
FONT SIZE: 10.0
TEXT: supplied by Cambridge International (such as prepared microscope slides or enzymes) are clearly identified
2026-08-21 17:24:46.255 | INFO     | app.worker:process_document:58 - 
BLOCK 7
TYPE: paragraph
HEADING: False
BOLD: False
NUMBERED: False
FONT SIZE: 10.0
TEXT: in the confidential instructions and are sent to centres several weeks before the examination. Centres should
2026-08-21 17:24:46.256 | INFO     | app.worker:process_document:58 - 
BLOCK 8
TYPE: paragraph
HEADING: False
BOLD: False
NUMBERED: False
FONT SIZE: 10.0
TEXT: contact Cambridge International if they have not received the confidential instructions or the materials to be
2026-08-21 17:24:46.256 | INFO     | app.worker:process_document:58 - 
BLOCK 9
TYPE: paragraph
HEADING: False
BOLD: False
NUMBERED: False
FONT SIZE: 10.0
TEXT: supplied by Cambridge International.
2026-08-21 17:24:46.257 | INFO     | app.worker:process_document:58 - 
BLOCK 10
TYPE: paragraph
HEADING: False
BOLD: False
NUMBERED: False
FONT SIZE: 10.0
TEXT: It is the responsibility of centres to provide the apparatus and chemicals for practical examinations. Cambridge
2026-08-21 17:24:46.257 | INFO     | app.worker:process_document:58 - 
BLOCK 11
TYPE: paragraph
HEADING: False
BOLD: False
NUMBERED: False
FONT SIZE: 10.0
TEXT: International is not able to supply apparatus and chemicals directly, nor provide advice on local suppliers.
2026-08-21 17:24:46.257 | INFO     | app.worker:process_document:58 - 
BLOCK 12
TYPE: paragraph
HEADING: False
BOLD: False
NUMBERED: False
FONT SIZE: 13.0
TEXT: Apparatus and materials
2026-08-21 17:24:46.258 | INFO     | app.worker:process_document:58 - 
BLOCK 13
TYPE: paragraph
HEADING: False
BOLD: False
NUMBERED: False
FONT SIZE: 10.0
TEXT: This section lists the apparatus and materials that are expected to be available within centres for use during the
2026-08-21 17:24:46.258 | INFO     | app.worker:process_document:58 - 
BLOCK 14
TYPE: paragraph
HEADING: False
BOLD: False
NUMBERED: False
FONT SIZE: 10.0
TEXT: practical exams. Candidates should be accustomed to using these. The lists are not intended to be exhaustive
2026-08-21 17:24:46.259 | INFO     | app.worker:process_document:58 - 
BLOCK 15
TYPE: paragraph
HEADING: False
BOLD: False
NUMBERED: False
FONT SIZE: 10.0
TEXT: and confidential instructions may state other apparatus and materials that will be required within specific
2026-08-21 17:24:46.260 | INFO     | app.worker:process_document:58 - 
BLOCK 16
TYPE: paragraph
HEADING: False
BOLD: False
NUMBERED: False
FONT SIZE: 10.0
TEXT: assessments.
2026-08-21 17:24:46.262 | INFO     | app.worker:process_document:58 - 
BLOCK 17
TYPE: paragraph
HEADING: False
BOLD: False
NUMBERED: False
FONT SIZE: 10.0
TEXT: This section also includes some guidance notes on safety.
2026-08-21 17:24:46.262 | INFO     | app.worker:process_document:58 - 
BLOCK 18
TYPE: paragraph
HEADING: False
BOLD: False
NUMBERED: False
FONT SIZE: 11.0
TEXT: List of apparatus
2026-08-21 17:24:46.263 | INFO     | app.worker:process_document:58 - 
BLOCK 19
TYPE: paragraph
HEADING: False
BOLD: False
NUMBERED: False
FONT SIZE: 10.0
TEXT: • microscopes, with lamp or inbuilt illumination, fitted with:
2026-08-21 17:24:46.263 | INFO     | app.worker:process_document:58 - 
BLOCK 20
TYPE: paragraph
HEADING: False
BOLD: False
NUMBERED: False
FONT SIZE: 10.0
TEXT: – an eyepiece lens, ×10 magnification
2026-08-21 17:24:46.264 | INFO     | app.worker:process_document:58 - 
BLOCK 21
TYPE: paragraph
HEADING: False
BOLD: False
NUMBERED: False
FONT SIZE: 10.0
TEXT: – a low-power objective lens, ×10 magnification
2026-08-21 17:24:46.264 | INFO     | app.worker:process_document:58 - 
BLOCK 22
TYPE: paragraph
HEADING: False
BOLD: False
NUMBERED: False
FONT SIZE: 10.0
TEXT: – a high-power objective lens, ×40 magnification
2026-08-21 17:24:46.265 | INFO     | app.worker:process_document:58 - 
BLOCK 23
TYPE: paragraph
HEADING: False
BOLD: False
NUMBERED: False
FONT SIZE: 10.0
TEXT: any lenses which are not ×10 or ×40 should be removed or replaced
2026-08-21 17:24:46.268 | INFO     | app.worker:process_document:58 - 
BLOCK 24
TYPE: paragraph
HEADING: False
BOLD: False
NUMBERED: False
FONT SIZE: 10.0
TEXT: • microscope slides and glass coverslips
2026-08-21 17:24:46.269 | INFO     | app.worker:process_document:58 - 
BLOCK 25
TYPE: paragraph
HEADING: False
BOLD: False
NUMBERED: False
FONT SIZE: 9.77
TEXT: • test-tubes, small, capacity 20–30 cm 3 including some that are heat resistant
2026-08-21 17:24:46.271 | INFO     | app.worker:process_document:58 - 
BLOCK 26
TYPE: paragraph
HEADING: False
BOLD: False
NUMBERED: False
FONT SIZE: 9.8
TEXT: • test-tubes, large (boiling tubes), capacity 40–50 cm 3 including some that are heat resistant
2026-08-21 17:24:46.271 | INFO     | app.worker:process_document:58 - 
BLOCK 27
TYPE: paragraph
HEADING: False
BOLD: False
NUMBERED: False
FONT SIZE: 10.0
TEXT: • test-tube holders
2026-08-21 17:24:46.272 | INFO     | app.worker:process_document:58 - 
BLOCK 28
TYPE: paragraph
HEADING: False
BOLD: False
NUMBERED: False
FONT SIZE: 10.0
TEXT: • test-tube racks
2026-08-21 17:24:46.272 | INFO     | app.worker:process_document:58 - 
BLOCK 29
TYPE: paragraph
HEADING: False
BOLD: False
NUMBERED: False
FONT SIZE: 10.0
TEXT: • bungs to fit small test-tubes and large test-tubes
2026-08-21 17:24:46.273 | INFO     | app.worker:process_document:58 - 
BLOCK 30
TYPE: paragraph
HEADING: False
BOLD: False
NUMBERED: False
FONT SIZE: 10.0
TEXT: • bungs with delivery tube to fit small test-tubes and large test-tubes
2026-08-21 17:24:46.274 | INFO     | app.worker:process_document:58 - 
BLOCK 31
TYPE: paragraph
HEADING: False
BOLD: False
NUMBERED: False
FONT SIZE: 10.0
TEXT: • specimen tubes with lids
2026-08-21 17:24:46.274 | INFO     | app.worker:process_document:58 - 
BLOCK 32
TYPE: paragraph
HEADING: False
BOLD: False
NUMBERED: False
FONT SIZE: 10.0
TEXT: • Bunsen burners
2026-08-21 17:24:46.275 | INFO     | app.worker:process_document:58 - 
BLOCK 33
TYPE: paragraph
HEADING: False
BOLD: False
NUMBERED: False
FONT SIZE: 10.0
TEXT: • tripods and gauzes
2026-08-21 17:24:46.275 | INFO     | app.worker:process_document:58 - 
BLOCK 34
TYPE: paragraph
HEADING: False
BOLD: False
NUMBERED: False
FONT SIZE: 10.0
TEXT: • heat-proof mats (bench mats)
2026-08-21 17:24:46.276 | INFO     | app.worker:process_document:58 - 
BLOCK 35
TYPE: paragraph
HEADING: False
BOLD: False
NUMBERED: False
FONT SIZE: 10.0
TEXT: • measuring cylinders
2026-08-21 17:24:46.276 | INFO     | app.worker:process_document:58 - 
BLOCK 36
TYPE: paragraph
HEADING: False
BOLD: False
NUMBERED: False
FONT SIZE: 9.4
TEXT: • syringes (various sizes, e.g. 1 cm 3 , 2 cm 3 or 3 cm 3 , 5 cm 3 , 10 cm 3 )
2026-08-21 17:24:46.277 | INFO     | app.worker:process_document:58 - 
BLOCK 37
TYPE: paragraph
HEADING: False
BOLD: False
NUMBERED: False
FONT SIZE: 10.0
TEXT: • clear plastic tubing to fit syringe nozzles
2026-08-21 17:24:46.277 | INFO     | app.worker:process_document:58 - 
BLOCK 38
TYPE: paragraph
HEADING: False
BOLD: False
NUMBERED: False
FONT SIZE: 10.0
TEXT: • small teat pipettes or droppers (plastic or glass)
2026-08-21 17:24:46.280 | INFO     | app.worker:process_document:58 - 
BLOCK 39
TYPE: paragraph
HEADING: False
BOLD: False
NUMBERED: False
FONT SIZE: 9.47
TEXT: • beakers (various sizes, e.g. 100 cm 3 , 250 cm 3 , 400 cm 3 )
2026-08-21 17:24:46.280 | INFO     | app.worker:process_document:58 - 
BLOCK 40
TYPE: paragraph
HEADING: False
BOLD: False
NUMBERED: False
FONT SIZE: 10.0
TEXT: • thermometers, –10 °C to +110 °C
2026-08-21 17:24:46.281 | INFO     | app.worker:process_document:58 - 
BLOCK 41
TYPE: paragraph
HEADING: False
BOLD: False
NUMBERED: False
FONT SIZE: 9.17
TEXT: Back to contents page www.cambridgeinternational.org/alevel 57
2026-08-21 17:24:46.281 | INFO     | app.worker:process_document:52 - 
PAGE 58 (36 blocks)
2026-08-21 17:24:46.286 | INFO     | app.worker:process_document:58 - 
BLOCK 0
TYPE: paragraph
HEADING: False
BOLD: False
NUMBERED: False
FONT SIZE: 9.0
TEXT: Cambridge International AS & A Level Biology 9700 syllabus for 2028, 2029 and 2030. Practical assessment
2026-08-21 17:24:46.287 | INFO     | app.worker:process_document:58 - 
BLOCK 1
TYPE: paragraph
HEADING: False
BOLD: False
NUMBERED: False
FONT SIZE: 10.0
TEXT: • filter funnels and filter paper
2026-08-21 17:24:46.288 | INFO     | app.worker:process_document:58 - 
BLOCK 2
TYPE: paragraph
HEADING: False
BOLD: False
NUMBERED: False
FONT SIZE: 10.0
TEXT: • Petri dishes, plastic or glass, 9 cm diameter
2026-08-21 17:24:46.288 | INFO     | app.worker:process_document:58 - 
BLOCK 3
TYPE: paragraph
HEADING: False
BOLD: False
NUMBERED: False
FONT SIZE: 10.0
TEXT: • white tiles or other suitable surfaces on which to cut
2026-08-21 17:24:46.289 | INFO     | app.worker:process_document:58 - 
BLOCK 4
TYPE: paragraph
HEADING: False
BOLD: False
NUMBERED: False
FONT SIZE: 10.0
TEXT: • spotting tiles (dimple tiles) with at least 12 wells
2026-08-21 17:24:46.289 | INFO     | app.worker:process_document:58 - 
BLOCK 5
TYPE: paragraph
HEADING: False
BOLD: False
NUMBERED: False
FONT SIZE: 10.0
TEXT: • clamp (retort) stands and bosses
2026-08-21 17:24:46.290 | INFO     | app.worker:process_document:58 - 
BLOCK 6
TYPE: paragraph
HEADING: False
BOLD: False
NUMBERED: False
FONT SIZE: 10.0
TEXT: • dialysis (Visking) tubing, 14 mm width with a pore diameter of approximately 2.5 nm
2026-08-21 17:24:46.290 | INFO     | app.worker:process_document:58 - 
BLOCK 7
TYPE: paragraph
HEADING: False
BOLD: False
NUMBERED: False
FONT SIZE: 10.0
TEXT: • capillary tubing
2026-08-21 17:24:46.291 | INFO     | app.worker:process_document:58 - 
BLOCK 8
TYPE: paragraph
HEADING: False
BOLD: False
NUMBERED: False
FONT SIZE: 10.0
TEXT: • soda-glass tubing
2026-08-21 17:24:46.291 | INFO     | app.worker:process_document:58 - 
BLOCK 9
TYPE: paragraph
HEADING: False
BOLD: False
NUMBERED: False
FONT SIZE: 10.0
TEXT: • paper towels
2026-08-21 17:24:46.292 | INFO     | app.worker:process_document:58 - 
BLOCK 10
TYPE: paragraph
HEADING: False
BOLD: False
NUMBERED: False
FONT SIZE: 10.0
TEXT: • glass (stirring) rods
2026-08-21 17:24:46.292 | INFO     | app.worker:process_document:58 - 
BLOCK 11
TYPE: paragraph
HEADING: False
BOLD: False
NUMBERED: False
FONT SIZE: 10.0
TEXT: • spatulas
2026-08-21 17:24:46.293 | INFO     | app.worker:process_document:58 - 
BLOCK 12
TYPE: paragraph
HEADING: False
BOLD: False
NUMBERED: False
FONT SIZE: 10.0
TEXT: • black paper or black card
2026-08-21 17:24:46.294 | INFO     | app.worker:process_document:58 - 
BLOCK 13
TYPE: paragraph
HEADING: False
BOLD: False
NUMBERED: False
FONT SIZE: 10.0
TEXT: • white paper or white card
2026-08-21 17:24:46.296 | INFO     | app.worker:process_document:58 - 
BLOCK 14
TYPE: paragraph
HEADING: False
BOLD: False
NUMBERED: False
FONT SIZE: 10.0
TEXT: • water-resistant marker pens (for labelling glassware)
2026-08-21 17:24:46.297 | INFO     | app.worker:process_document:58 - 
BLOCK 15
TYPE: paragraph
HEADING: False
BOLD: False
NUMBERED: False
FONT SIZE: 10.0
TEXT: • blunt forceps
2026-08-21 17:24:46.297 | INFO     | app.worker:process_document:58 - 
BLOCK 16
TYPE: paragraph
HEADING: False
BOLD: False
NUMBERED: False
FONT SIZE: 10.0
TEXT: • scissors
2026-08-21 17:24:46.298 | INFO     | app.worker:process_document:58 - 
BLOCK 17
TYPE: paragraph
HEADING: False
BOLD: False
NUMBERED: False
FONT SIZE: 10.0
TEXT: • mounted needles
2026-08-21 17:24:46.301 | INFO     | app.worker:process_document:58 - 
BLOCK 18
TYPE: paragraph
HEADING: False
BOLD: False
NUMBERED: False
FONT SIZE: 10.0
TEXT: • cutting implement, such as single-edged razor blade / knife / scalpel
2026-08-21 17:24:46.303 | INFO     | app.worker:process_document:58 - 
BLOCK 19
TYPE: paragraph
HEADING: False
BOLD: False
NUMBERED: False
FONT SIZE: 10.0
TEXT: • rulers in mm (ideally clear plastic)
2026-08-21 17:24:46.304 | INFO     | app.worker:process_document:58 - 
BLOCK 20
TYPE: paragraph
HEADING: False
BOLD: False
NUMBERED: False
FONT SIZE: 10.0
TEXT: • mortars and pestles
2026-08-21 17:24:46.304 | INFO     | app.worker:process_document:58 - 
BLOCK 21
TYPE: paragraph
HEADING: False
BOLD: False
NUMBERED: False
FONT SIZE: 10.0
TEXT: • suitable eye protection
2026-08-21 17:24:46.305 | INFO     | app.worker:process_document:58 - 
BLOCK 22
TYPE: paragraph
HEADING: False
BOLD: False
NUMBERED: False
FONT SIZE: 10.0
TEXT: • cork borers
2026-08-21 17:24:46.306 | INFO     | app.worker:process_document:58 - 
BLOCK 23
TYPE: paragraph
HEADING: False
BOLD: False
NUMBERED: False
FONT SIZE: 10.0
TEXT: • stop-clock or timer showing seconds
2026-08-21 17:24:46.307 | INFO     | app.worker:process_document:58 - 
BLOCK 24
TYPE: paragraph
HEADING: False
BOLD: False
NUMBERED: False
FONT SIZE: 11.0
TEXT: Materials
2026-08-21 17:24:46.307 | INFO     | app.worker:process_document:58 - 
BLOCK 25
TYPE: paragraph
HEADING: False
BOLD: False
NUMBERED: False
FONT SIZE: 10.0
TEXT: In the list of materials the following hazard codes are used, in accordance with information provided by
2026-08-21 17:24:46.308 | INFO     | app.worker:process_document:58 - 
BLOCK 26
TYPE: paragraph
HEADING: False
BOLD: False
NUMBERED: False
FONT SIZE: 7.0
TEXT: 1
2026-08-21 17:24:46.308 | INFO     | app.worker:process_document:58 - 
BLOCK 27
TYPE: paragraph
HEADING: False
BOLD: False
NUMBERED: False
FONT SIZE: 8.53
TEXT: CLEAPSS : 1
2026-08-21 17:24:46.309 | INFO     | app.worker:process_document:58 - 
BLOCK 28
TYPE: paragraph
HEADING: False
BOLD: False
NUMBERED: False
FONT SIZE: 10.5
TEXT: C corrosive MH moderate hazard
2026-08-21 17:24:46.309 | INFO     | app.worker:process_document:58 - 
BLOCK 29
TYPE: paragraph
HEADING: False
BOLD: False
NUMBERED: False
FONT SIZE: 10.5
TEXT: HH health hazard T acutely toxic
2026-08-21 17:24:46.310 | INFO     | app.worker:process_document:58 - 
BLOCK 30
TYPE: paragraph
HEADING: False
BOLD: False
NUMBERED: False
FONT SIZE: 10.5
TEXT: F flammable O oxidising
2026-08-21 17:24:46.310 | INFO     | app.worker:process_document:58 - 
BLOCK 31
TYPE: paragraph
HEADING: False
BOLD: False
NUMBERED: False
FONT SIZE: 10.5
TEXT: N hazardous to the aquatic environment
2026-08-21 17:24:46.311 | INFO     | app.worker:process_document:58 - 
BLOCK 32
TYPE: paragraph
HEADING: False
BOLD: False
NUMBERED: False
FONT SIZE: 8.4
TEXT: 1
2026-08-21 17:24:46.312 | INFO     | app.worker:process_document:58 - 
BLOCK 33
TYPE: paragraph
HEADING: False
BOLD: False
NUMBERED: False
FONT SIZE: 10.5
TEXT: An advisory service providing support in practical science and technology for schools and colleges
2026-08-21 17:24:46.312 | INFO     | app.worker:process_document:58 - 
BLOCK 34
TYPE: paragraph
HEADING: False
BOLD: False
NUMBERED: False
FONT SIZE: 10.5
TEXT: ( www.cleapss.org.uk )
2026-08-21 17:24:46.313 | INFO     | app.worker:process_document:58 - 
BLOCK 35
TYPE: paragraph
HEADING: False
BOLD: False
NUMBERED: False
FONT SIZE: 9.17
TEXT: Back to contents page www.cambridgeinternational.org/alevel 58
2026-08-21 17:24:46.313 | INFO     | app.worker:process_document:52 - 
PAGE 59 (41 blocks)
2026-08-21 17:24:46.314 | INFO     | app.worker:process_document:58 - 
BLOCK 0
TYPE: paragraph
HEADING: False
BOLD: False
NUMBERED: False
FONT SIZE: 9.0
TEXT: Cambridge International AS & A Level Biology 9700 syllabus for 2028, 2029 and 2030. Practical assessment
2026-08-21 17:24:46.315 | INFO     | app.worker:process_document:58 - 
BLOCK 1
TYPE: paragraph
HEADING: False
BOLD: False
NUMBERED: False
FONT SIZE: 11.0
TEXT: List of materials
2026-08-21 17:24:46.315 | INFO     | app.worker:process_document:58 - 
BLOCK 2
TYPE: paragraph
HEADING: False
BOLD: False
NUMBERED: False
FONT SIZE: 10.0
TEXT: • [N] – iodine in potassium iodide solution (suitable for starch test)
2026-08-21 17:24:46.320 | INFO     | app.worker:process_document:58 - 
BLOCK 3
TYPE: paragraph
HEADING: False
BOLD: False
NUMBERED: False
FONT SIZE: 10.0
TEXT: • [MH] – Benedict’s solution (suitable for qualitative reducing sugar test)
2026-08-21 17:24:46.321 | INFO     | app.worker:process_document:58 - 
BLOCK 4
TYPE: paragraph
HEADING: False
BOLD: False
NUMBERED: False
FONT SIZE: 10.0
TEXT: • [MH] – biuret reagent or potassium hydroxide and copper sulfate solution (suitable for biuret test for
2026-08-21 17:24:46.321 | INFO     | app.worker:process_document:58 - 
BLOCK 5
TYPE: paragraph
HEADING: False
BOLD: False
NUMBERED: False
FONT SIZE: 10.0
TEXT: proteins)
2026-08-21 17:24:46.322 | INFO     | app.worker:process_document:58 - 
BLOCK 6
TYPE: paragraph
HEADING: False
BOLD: False
NUMBERED: False
FONT SIZE: 10.0
TEXT: • [F] [MH] [HH] – ethanol or IDA (suitable for emulsion test for lipids)
2026-08-21 17:24:46.322 | INFO     | app.worker:process_document:58 - 
BLOCK 7
TYPE: paragraph
HEADING: False
BOLD: False
NUMBERED: False
FONT SIZE: 10.0
TEXT: • sucrose, Analar (AR)
2026-08-21 17:24:46.323 | INFO     | app.worker:process_document:58 - 
BLOCK 8
TYPE: paragraph
HEADING: False
BOLD: False
NUMBERED: False
FONT SIZE: 10.0
TEXT: • glucose
2026-08-21 17:24:46.323 | INFO     | app.worker:process_document:58 - 
BLOCK 9
TYPE: paragraph
HEADING: False
BOLD: False
NUMBERED: False
FONT SIZE: 10.0
TEXT: • starch
2026-08-21 17:24:46.324 | INFO     | app.worker:process_document:58 - 
BLOCK 10
TYPE: paragraph
HEADING: False
BOLD: False
NUMBERED: False
FONT SIZE: 10.0
TEXT: • albumen
2026-08-21 17:24:46.324 | INFO     | app.worker:process_document:58 - 
BLOCK 11
TYPE: paragraph
HEADING: False
BOLD: False
NUMBERED: False
FONT SIZE: 10.0
TEXT: • [C] [MH] potassium hydroxide
2026-08-21 17:24:46.325 | INFO     | app.worker:process_document:58 - 
BLOCK 12
TYPE: paragraph
HEADING: False
BOLD: False
NUMBERED: False
FONT SIZE: 10.0
TEXT: • [C] sodium hydroxide
2026-08-21 17:24:46.325 | INFO     | app.worker:process_document:58 - 
BLOCK 13
TYPE: paragraph
HEADING: False
BOLD: False
NUMBERED: False
FONT SIZE: 10.0
TEXT: • sodium chloride
2026-08-21 17:24:46.326 | INFO     | app.worker:process_document:58 - 
BLOCK 14
TYPE: paragraph
HEADING: False
BOLD: False
NUMBERED: False
FONT SIZE: 10.0
TEXT: • dilute hydrochloric acid
2026-08-21 17:24:46.327 | INFO     | app.worker:process_document:58 - 
BLOCK 15
TYPE: paragraph
HEADING: False
BOLD: False
NUMBERED: False
FONT SIZE: 10.0
TEXT: • hydrogencarbonate indicator
2026-08-21 17:24:46.327 | INFO     | app.worker:process_document:58 - 
BLOCK 16
TYPE: paragraph
HEADING: False
BOLD: False
NUMBERED: False
FONT SIZE: 10.0
TEXT: • sodium hydrogencarbonate
2026-08-21 17:24:46.328 | INFO     | app.worker:process_document:58 - 
BLOCK 17
TYPE: paragraph
HEADING: False
BOLD: False
NUMBERED: False
FONT SIZE: 10.0
TEXT: • [MH] limewater
2026-08-21 17:24:46.331 | INFO     | app.worker:process_document:58 - 
BLOCK 18
TYPE: paragraph
HEADING: False
BOLD: False
NUMBERED: False
FONT SIZE: 10.0
TEXT: • [MH] hydrogen peroxide
2026-08-21 17:24:46.335 | INFO     | app.worker:process_document:58 - 
BLOCK 19
TYPE: paragraph
HEADING: False
BOLD: False
NUMBERED: False
FONT SIZE: 10.0
TEXT: • distilled or deionised water
2026-08-21 17:24:46.336 | INFO     | app.worker:process_document:58 - 
BLOCK 20
TYPE: paragraph
HEADING: False
BOLD: False
NUMBERED: False
FONT SIZE: 10.0
TEXT: • universal indicator paper with chart
2026-08-21 17:24:46.337 | INFO     | app.worker:process_document:58 - 
BLOCK 21
TYPE: paragraph
HEADING: False
BOLD: False
NUMBERED: False
FONT SIZE: 10.0
TEXT: • [F] universal indicator solution with chart
2026-08-21 17:24:46.338 | INFO     | app.worker:process_document:58 - 
BLOCK 22
TYPE: paragraph
HEADING: False
BOLD: False
NUMBERED: False
FONT SIZE: 10.0
TEXT: • red and blue litmus paper
2026-08-21 17:24:46.338 | INFO     | app.worker:process_document:58 - 
BLOCK 23
TYPE: paragraph
HEADING: False
BOLD: False
NUMBERED: False
FONT SIZE: 10.0
TEXT: • [F] [MH] [HH] thymolphthalein indicator
2026-08-21 17:24:46.339 | INFO     | app.worker:process_document:58 - 
BLOCK 24
TYPE: paragraph
HEADING: False
BOLD: False
NUMBERED: False
FONT SIZE: 10.0
TEXT: • [F] [MH] [HH] bromothymol blue
2026-08-21 17:24:46.339 | INFO     | app.worker:process_document:58 - 
BLOCK 25
TYPE: paragraph
HEADING: False
BOLD: False
NUMBERED: False
FONT SIZE: 10.0
TEXT: • [HH] [MH] [N] methylene blue
2026-08-21 17:24:46.340 | INFO     | app.worker:process_document:58 - 
BLOCK 26
TYPE: paragraph
HEADING: False
BOLD: False
NUMBERED: False
FONT SIZE: 10.0
TEXT: • petroleum jelly
2026-08-21 17:24:46.340 | INFO     | app.worker:process_document:58 - 
BLOCK 27
TYPE: paragraph
HEADING: False
BOLD: False
NUMBERED: False
FONT SIZE: 10.0
TEXT: • [HH] [MH] [N] DCPIP (2,6-dichlorophenol-indophenol)
2026-08-21 17:24:46.341 | INFO     | app.worker:process_document:58 - 
BLOCK 28
TYPE: paragraph
HEADING: False
BOLD: False
NUMBERED: False
FONT SIZE: 10.0
TEXT: • ascorbic acid (vitamin C)
2026-08-21 17:24:46.341 | INFO     | app.worker:process_document:58 - 
BLOCK 29
TYPE: paragraph
HEADING: False
BOLD: False
NUMBERED: False
FONT SIZE: 10.0
TEXT: • [MH] [HH] [C] enzymes: amylase, bacterial protease
2026-08-21 17:24:46.342 | INFO     | app.worker:process_document:58 - 
BLOCK 30
TYPE: paragraph
HEADING: False
BOLD: False
NUMBERED: False
FONT SIZE: 10.0
TEXT: • materials for preparing immobilised enzymes: [MH] calcium chloride, sodium alginate
2026-08-21 17:24:46.342 | INFO     | app.worker:process_document:58 - 
BLOCK 31
TYPE: paragraph
HEADING: False
BOLD: False
NUMBERED: False
FONT SIZE: 10.0
TEXT: • plant sources of catalase, e.g. sweet potatoes, mung beans, potatoes
2026-08-21 17:24:46.343 | INFO     | app.worker:process_document:58 - 
BLOCK 32
TYPE: paragraph
HEADING: False
BOLD: False
NUMBERED: False
FONT SIZE: 10.0
TEXT: • yeast, dried
2026-08-21 17:24:46.343 | INFO     | app.worker:process_document:58 - 
BLOCK 33
TYPE: paragraph
HEADING: False
BOLD: False
NUMBERED: False
FONT SIZE: 10.0
TEXT: • [C] [MH] [N] copper sulfate, hydrated
2026-08-21 17:24:46.344 | INFO     | app.worker:process_document:58 - 
BLOCK 34
TYPE: paragraph
HEADING: False
BOLD: False
NUMBERED: False
FONT SIZE: 10.07
TEXT: • [O] [MH] [HH] [N] potassium manganate( VII ), also known as potassium permanganate
2026-08-21 17:24:46.344 | INFO     | app.worker:process_document:58 - 
BLOCK 35
TYPE: paragraph
HEADING: False
BOLD: False
NUMBERED: False
FONT SIZE: 10.0
TEXT: • technical agar
2026-08-21 17:24:46.345 | INFO     | app.worker:process_document:58 - 
BLOCK 36
TYPE: paragraph
HEADING: False
BOLD: False
NUMBERED: False
FONT SIZE: 13.0
TEXT: Safety in the laboratory
2026-08-21 17:24:46.346 | INFO     | app.worker:process_document:58 - 
BLOCK 37
TYPE: paragraph
HEADING: False
BOLD: False
NUMBERED: False
FONT SIZE: 10.0
TEXT: Responsibility for safety matters rests with centres.
2026-08-21 17:24:46.347 | INFO     | app.worker:process_document:58 - 
BLOCK 38
TYPE: paragraph
HEADING: False
BOLD: False
NUMBERED: False
FONT SIZE: 10.0
TEXT: Supervisors must follow national and local regulations relating to safety and first aid.
2026-08-21 17:24:46.352 | INFO     | app.worker:process_document:58 - 
BLOCK 39
TYPE: paragraph
HEADING: False
BOLD: False
NUMBERED: False
FONT SIZE: 10.0
TEXT: Hazard Data Sheets relating to substances should be available from your chemical supplier.
2026-08-21 17:24:46.354 | INFO     | app.worker:process_document:58 - 
BLOCK 40
TYPE: paragraph
HEADING: False
BOLD: False
NUMBERED: False
FONT SIZE: 9.17
TEXT: Back to contents page www.cambridgeinternational.org/alevel 59
2026-08-21 17:24:46.355 | INFO     | app.worker:process_document:52 - 
PAGE 60 (26 blocks)
2026-08-21 17:24:46.355 | INFO     | app.worker:process_document:58 - 
BLOCK 0
TYPE: paragraph
HEADING: False
BOLD: False
NUMBERED: False
FONT SIZE: 9.0
TEXT: Cambridge International AS & A Level Biology 9700 syllabus for 2028, 2029 and 2030. Practical assessment
2026-08-21 17:24:46.356 | INFO     | app.worker:process_document:58 - 
BLOCK 1
TYPE: paragraph
HEADING: False
BOLD: False
NUMBERED: False
FONT SIZE: 16.0
TEXT: Paper 5 – Planning, Analysis and Evaluation
2026-08-21 17:24:46.356 | INFO     | app.worker:process_document:58 - 
BLOCK 2
TYPE: paragraph
HEADING: False
BOLD: False
NUMBERED: False
FONT SIZE: 10.0
TEXT: Paper 5 is a timetabled, written paper focusing on the following higher-order practical skills of:
2026-08-21 17:24:46.357 | INFO     | app.worker:process_document:58 - 
BLOCK 3
TYPE: paragraph
HEADING: False
BOLD: False
NUMBERED: False
FONT SIZE: 10.0
TEXT: • planning
2026-08-21 17:24:46.357 | INFO     | app.worker:process_document:58 - 
BLOCK 4
TYPE: paragraph
HEADING: False
BOLD: False
NUMBERED: False
FONT SIZE: 10.0
TEXT: • analysis
2026-08-21 17:24:46.357 | INFO     | app.worker:process_document:58 - 
BLOCK 5
TYPE: paragraph
HEADING: False
BOLD: False
NUMBERED: False
FONT SIZE: 10.0
TEXT: • conclusions
2026-08-21 17:24:46.358 | INFO     | app.worker:process_document:58 - 
BLOCK 6
TYPE: paragraph
HEADING: False
BOLD: False
NUMBERED: False
FONT SIZE: 10.0
TEXT: • evaluation.
2026-08-21 17:24:46.358 | INFO     | app.worker:process_document:58 - 
BLOCK 7
TYPE: paragraph
HEADING: False
BOLD: False
NUMBERED: False
FONT SIZE: 10.0
TEXT: This exam will not require laboratory facilities.
2026-08-21 17:24:46.361 | INFO     | app.worker:process_document:58 - 
BLOCK 8
TYPE: paragraph
HEADING: False
BOLD: False
NUMBERED: False
FONT SIZE: 10.0
TEXT: To prepare candidates for this exam, it should be emphasised that candidates will need extensive experience
2026-08-21 17:24:46.361 | INFO     | app.worker:process_document:58 - 
BLOCK 9
TYPE: paragraph
HEADING: False
BOLD: False
NUMBERED: False
FONT SIZE: 10.0
TEXT: of laboratory work of A Level standard. This requires many hours of laboratory-based work, with careful
2026-08-21 17:24:46.362 | INFO     | app.worker:process_document:58 - 
BLOCK 10
TYPE: paragraph
HEADING: False
BOLD: False
NUMBERED: False
FONT SIZE: 10.0
TEXT: supervision from teachers to ensure that experiments are planned and carried out safely.
2026-08-21 17:24:46.362 | INFO     | app.worker:process_document:58 - 
BLOCK 11
TYPE: paragraph
HEADING: False
BOLD: False
NUMBERED: False
FONT SIZE: 10.0
TEXT: Paper 5 may include questions assessing both the AS and A Level syllabus and may include unfamiliar
2026-08-21 17:24:46.363 | INFO     | app.worker:process_document:58 - 
BLOCK 12
TYPE: paragraph
HEADING: False
BOLD: False
NUMBERED: False
FONT SIZE: 10.0
TEXT: contexts. Where questions include theory or equipment which would be unfamiliar to candidates, information
2026-08-21 17:24:46.363 | INFO     | app.worker:process_document:58 - 
BLOCK 13
TYPE: paragraph
HEADING: False
BOLD: False
NUMBERED: False
FONT SIZE: 10.0
TEXT: will be provided in the question.
2026-08-21 17:24:46.364 | INFO     | app.worker:process_document:58 - 
BLOCK 14
TYPE: paragraph
HEADING: False
BOLD: False
NUMBERED: False
FONT SIZE: 10.0
TEXT: Paper 5 consists of two or more questions totalling 30 marks.
2026-08-21 17:24:46.365 | INFO     | app.worker:process_document:58 - 
BLOCK 15
TYPE: paragraph
HEADING: False
BOLD: False
NUMBERED: False
FONT SIZE: 10.0
TEXT: Candidates are required to:
2026-08-21 17:24:46.367 | INFO     | app.worker:process_document:58 - 
BLOCK 16
TYPE: paragraph
HEADING: False
BOLD: False
NUMBERED: False
FONT SIZE: 10.0
TEXT: • use extended structured writing
2026-08-21 17:24:46.368 | INFO     | app.worker:process_document:58 - 
BLOCK 17
TYPE: paragraph
HEADING: False
BOLD: False
NUMBERED: False
FONT SIZE: 10.0
TEXT: • use appropriate diagrams and tables to illustrate answers
2026-08-21 17:24:46.372 | INFO     | app.worker:process_document:58 - 
BLOCK 18
TYPE: paragraph
HEADING: False
BOLD: False
NUMBERED: False
FONT SIZE: 10.0
TEXT: • design an experimental method for a given problem, for which they may be asked to use given information
2026-08-21 17:24:46.372 | INFO     | app.worker:process_document:58 - 
BLOCK 19
TYPE: paragraph
HEADING: False
BOLD: False
NUMBERED: False
FONT SIZE: 10.0
TEXT: or a specific piece of apparatus
2026-08-21 17:24:46.373 | INFO     | app.worker:process_document:58 - 
BLOCK 20
TYPE: paragraph
HEADING: False
BOLD: False
NUMBERED: False
FONT SIZE: 10.0
TEXT: • express a prediction linking independent and dependent variables, either as a written hypothesis or as a
2026-08-21 17:24:46.373 | INFO     | app.worker:process_document:58 - 
BLOCK 21
TYPE: paragraph
HEADING: False
BOLD: False
NUMBERED: False
FONT SIZE: 10.0
TEXT: graph showing the expected result
2026-08-21 17:24:46.374 | INFO     | app.worker:process_document:58 - 
BLOCK 22
TYPE: paragraph
HEADING: False
BOLD: False
NUMBERED: False
FONT SIZE: 10.0
TEXT: • analyse and evaluate given experimental data, presented as tables, graphs or written statements, and draw
2026-08-21 17:24:46.374 | INFO     | app.worker:process_document:58 - 
BLOCK 23
TYPE: paragraph
HEADING: False
BOLD: False
NUMBERED: False
FONT SIZE: 10.0
TEXT: appropriate conclusions
2026-08-21 17:24:46.374 | INFO     | app.worker:process_document:58 - 
BLOCK 24
TYPE: paragraph
HEADING: False
BOLD: False
NUMBERED: False
FONT SIZE: 10.0
TEXT: • identify appropriate mathematical or statistical methods to process experimental data.
2026-08-21 17:24:46.375 | INFO     | app.worker:process_document:58 - 
BLOCK 25
TYPE: paragraph
HEADING: False
BOLD: False
NUMBERED: False
FONT SIZE: 9.17
TEXT: Back to contents page www.cambridgeinternational.org/alevel 60
2026-08-21 17:24:46.375 | INFO     | app.worker:process_document:52 - 
PAGE 61 (40 blocks)
2026-08-21 17:24:46.376 | INFO     | app.worker:process_document:58 - 
BLOCK 0
TYPE: paragraph
HEADING: False
BOLD: False
NUMBERED: False
FONT SIZE: 9.0
TEXT: Cambridge International AS & A Level Biology 9700 syllabus for 2028, 2029 and 2030. Practical assessment
2026-08-21 17:24:46.376 | INFO     | app.worker:process_document:58 - 
BLOCK 1
TYPE: paragraph
HEADING: False
BOLD: False
NUMBERED: False
FONT SIZE: 13.0
TEXT: Mark allocations for Paper 5
2026-08-21 17:24:46.377 | INFO     | app.worker:process_document:58 - 
BLOCK 2
TYPE: paragraph
HEADING: False
BOLD: False
NUMBERED: False
FONT SIZE: 10.0
TEXT: Marks will be allocated on Paper 5 according to the table below. The expectations for each skill are listed in the
2026-08-21 17:24:46.377 | INFO     | app.worker:process_document:58 - 
BLOCK 3
TYPE: paragraph
HEADING: False
BOLD: False
NUMBERED: False
FONT SIZE: 10.0
TEXT: sections that follow.
2026-08-21 17:24:46.378 | INFO     | app.worker:process_document:58 - 
BLOCK 4
TYPE: paragraph
HEADING: False
BOLD: False
NUMBERED: False
FONT SIZE: 10.0
TEXT: Planning 14–16
2026-08-21 17:24:46.379 | INFO     | app.worker:process_document:58 - 
BLOCK 5
TYPE: paragraph
HEADING: False
BOLD: False
NUMBERED: False
FONT SIZE: 10.0
TEXT: Methods
2026-08-21 17:24:46.379 | INFO     | app.worker:process_document:58 - 
BLOCK 6
TYPE: paragraph
HEADING: False
BOLD: False
NUMBERED: False
FONT SIZE: 10.0
TEXT: Dealing with data
2026-08-21 17:24:46.380 | INFO     | app.worker:process_document:58 - 
BLOCK 7
TYPE: paragraph
HEADING: False
BOLD: False
NUMBERED: False
FONT SIZE: 10.0
TEXT: Analysis, conclusions and
2026-08-21 17:24:46.380 | INFO     | app.worker:process_document:58 - 
BLOCK 8
TYPE: paragraph
HEADING: False
BOLD: False
NUMBERED: False
FONT SIZE: 10.0
TEXT: Conclusions 14–16
2026-08-21 17:24:46.381 | INFO     | app.worker:process_document:58 - 
BLOCK 9
TYPE: paragraph
HEADING: False
BOLD: False
NUMBERED: False
FONT SIZE: 10.0
TEXT: evaluation
2026-08-21 17:24:46.381 | INFO     | app.worker:process_document:58 - 
BLOCK 10
TYPE: paragraph
HEADING: False
BOLD: False
NUMBERED: False
FONT SIZE: 10.0
TEXT: Evaluation
2026-08-21 17:24:46.383 | INFO     | app.worker:process_document:58 - 
BLOCK 11
TYPE: paragraph
HEADING: False
BOLD: False
NUMBERED: False
FONT SIZE: 13.0
TEXT: Expectations for each skill (Paper 5)
2026-08-21 17:24:46.388 | INFO     | app.worker:process_document:58 - 
BLOCK 12
TYPE: paragraph
HEADING: False
BOLD: False
NUMBERED: False
FONT SIZE: 13.0
TEXT: Planning
2026-08-21 17:24:46.388 | INFO     | app.worker:process_document:58 - 
BLOCK 13
TYPE: paragraph
HEADING: False
BOLD: False
NUMBERED: False
FONT SIZE: 10.0
TEXT: Candidates will develop a procedure to test a hypothesis or prediction based on an experimental context and
2026-08-21 17:24:46.389 | INFO     | app.worker:process_document:58 - 
BLOCK 14
TYPE: paragraph
HEADING: False
BOLD: False
NUMBERED: False
FONT SIZE: 10.0
TEXT: appropriate background information.
2026-08-21 17:24:46.390 | INFO     | app.worker:process_document:58 - 
BLOCK 15
TYPE: paragraph
HEADING: False
BOLD: False
NUMBERED: False
FONT SIZE: 11.0
TEXT: Defining the problem
2026-08-21 17:24:46.390 | INFO     | app.worker:process_document:58 - 
BLOCK 16
TYPE: paragraph
HEADING: False
BOLD: False
NUMBERED: False
FONT SIZE: 10.0
TEXT: Using the context provided, candidates should be able to:
2026-08-21 17:24:46.391 | INFO     | app.worker:process_document:58 - 
BLOCK 17
TYPE: paragraph
HEADING: False
BOLD: False
NUMBERED: False
FONT SIZE: 10.0
TEXT: • state a relevant prediction, either in words or in the form of a sketch graph showing the expected result,
2026-08-21 17:24:46.391 | INFO     | app.worker:process_document:58 - 
BLOCK 18
TYPE: paragraph
HEADING: False
BOLD: False
NUMBERED: False
FONT SIZE: 10.0
TEXT: and link this to an underlying hypothesis
2026-08-21 17:24:46.391 | INFO     | app.worker:process_document:58 - 
BLOCK 19
TYPE: paragraph
HEADING: False
BOLD: False
NUMBERED: False
FONT SIZE: 10.0
TEXT: • identify the independent and dependent variables
2026-08-21 17:24:46.392 | INFO     | app.worker:process_document:58 - 
BLOCK 20
TYPE: paragraph
HEADING: False
BOLD: False
NUMBERED: False
FONT SIZE: 10.0
TEXT: • identify which key variables must be standardised in order to test a hypothesis. (Variables expected to have
2026-08-21 17:24:46.392 | INFO     | app.worker:process_document:58 - 
BLOCK 21
TYPE: paragraph
HEADING: False
BOLD: False
NUMBERED: False
FONT SIZE: 10.0
TEXT: a minimal effect, such as variation between test-tubes of the same type, do not need to be standardised.)
2026-08-21 17:24:46.393 | INFO     | app.worker:process_document:58 - 
BLOCK 22
TYPE: paragraph
HEADING: False
BOLD: False
NUMBERED: False
FONT SIZE: 11.0
TEXT: Methods
2026-08-21 17:24:46.393 | INFO     | app.worker:process_document:58 - 
BLOCK 23
TYPE: paragraph
HEADING: False
BOLD: False
NUMBERED: False
FONT SIZE: 10.0
TEXT: Using the context provided, candidates should be able to:
2026-08-21 17:24:46.394 | INFO     | app.worker:process_document:58 - 
BLOCK 24
TYPE: paragraph
HEADING: False
BOLD: False
NUMBERED: False
FONT SIZE: 10.0
TEXT: • describe how to vary the independent variable
2026-08-21 17:24:46.395 | INFO     | app.worker:process_document:58 - 
BLOCK 25
TYPE: paragraph
HEADING: False
BOLD: False
NUMBERED: False
FONT SIZE: 10.0
TEXT: • describe how to measure the values of the independent and dependent variables accurately and to an
2026-08-21 17:24:46.396 | INFO     | app.worker:process_document:58 - 
BLOCK 26
TYPE: paragraph
HEADING: False
BOLD: False
NUMBERED: False
FONT SIZE: 10.0
TEXT: appropriate precision
2026-08-21 17:24:46.396 | INFO     | app.worker:process_document:58 - 
BLOCK 27
TYPE: paragraph
HEADING: False
BOLD: False
NUMBERED: False
FONT SIZE: 10.0
TEXT: • describe how to standardise each of the other key variables
2026-08-21 17:24:46.397 | INFO     | app.worker:process_document:58 - 
BLOCK 28
TYPE: paragraph
HEADING: False
BOLD: False
NUMBERED: False
FONT SIZE: 10.0
TEXT: • describe, where appropriate, suitable volumes and concentrations of reagents. Concentrations may be
2026-08-21 17:24:46.397 | INFO     | app.worker:process_document:58 - 
BLOCK 29
TYPE: paragraph
HEADING: False
BOLD: False
NUMBERED: False
FONT SIZE: 7.0
TEXT: –3
2026-08-21 17:24:46.398 | INFO     | app.worker:process_document:58 - 
BLOCK 30
TYPE: paragraph
HEADING: False
BOLD: False
NUMBERED: False
FONT SIZE: 10.0
TEXT: specified in % (w/v), or mol dm
2026-08-21 17:24:46.398 | INFO     | app.worker:process_document:58 - 
BLOCK 31
TYPE: paragraph
HEADING: False
BOLD: False
NUMBERED: False
FONT SIZE: 10.0
TEXT: • describe how different concentrations would be prepared by serial dilution or proportional dilution
2026-08-21 17:24:46.402 | INFO     | app.worker:process_document:58 - 
BLOCK 32
TYPE: paragraph
HEADING: False
BOLD: False
NUMBERED: False
FONT SIZE: 10.0
TEXT: • describe appropriate control experiments
2026-08-21 17:24:46.404 | INFO     | app.worker:process_document:58 - 
BLOCK 33
TYPE: paragraph
HEADING: False
BOLD: False
NUMBERED: False
FONT SIZE: 10.0
TEXT: • describe, in a logical sequence, the steps involved in the procedure, including how to use the apparatus to
2026-08-21 17:24:46.405 | INFO     | app.worker:process_document:58 - 
BLOCK 34
TYPE: paragraph
HEADING: False
BOLD: False
NUMBERED: False
FONT SIZE: 10.0
TEXT: collect results
2026-08-21 17:24:46.405 | INFO     | app.worker:process_document:58 - 
BLOCK 35
TYPE: paragraph
HEADING: False
BOLD: False
NUMBERED: False
FONT SIZE: 10.0
TEXT: • describe how the quality of results can be assessed by considering:
2026-08-21 17:24:46.406 | INFO     | app.worker:process_document:58 - 
BLOCK 36
TYPE: paragraph
HEADING: False
BOLD: False
NUMBERED: False
FONT SIZE: 10.0
TEXT: – the occurrence of anomalous results
2026-08-21 17:24:46.406 | INFO     | app.worker:process_document:58 - 
BLOCK 37
TYPE: paragraph
HEADING: False
BOLD: False
NUMBERED: False
FONT SIZE: 10.0
TEXT: – the spread of results including the use of standard deviation, standard error and/or 95% confidence
2026-08-21 17:24:46.407 | INFO     | app.worker:process_document:58 - 
BLOCK 38
TYPE: paragraph
HEADING: False
BOLD: False
NUMBERED: False
FONT SIZE: 10.0
TEXT: intervals (95% CI).
2026-08-21 17:24:46.407 | INFO     | app.worker:process_document:58 - 
BLOCK 39
TYPE: paragraph
HEADING: False
BOLD: False
NUMBERED: False
FONT SIZE: 9.17
TEXT: Back to contents page www.cambridgeinternational.org/alevel 61
2026-08-21 17:24:46.407 | INFO     | app.worker:process_document:52 - 
PAGE 62 (33 blocks)
2026-08-21 17:24:46.408 | INFO     | app.worker:process_document:58 - 
BLOCK 0
TYPE: paragraph
HEADING: False
BOLD: False
NUMBERED: False
FONT SIZE: 9.0
TEXT: Cambridge International AS & A Level Biology 9700 syllabus for 2028, 2029 and 2030. Practical assessment
2026-08-21 17:24:46.409 | INFO     | app.worker:process_document:58 - 
BLOCK 1
TYPE: paragraph
HEADING: False
BOLD: False
NUMBERED: False
FONT SIZE: 10.0
TEXT: • describe how to assess the validity of the results by considering both the accuracy of the measurements
2026-08-21 17:24:46.409 | INFO     | app.worker:process_document:58 - 
BLOCK 2
TYPE: paragraph
HEADING: False
BOLD: False
NUMBERED: False
FONT SIZE: 10.0
TEXT: and the repeatability of the results
2026-08-21 17:24:46.410 | INFO     | app.worker:process_document:58 - 
BLOCK 3
TYPE: paragraph
HEADING: False
BOLD: False
NUMBERED: False
FONT SIZE: 10.0
TEXT: • prepare a simple risk assessment of their plans, taking into account the severity of any hazards and the
2026-08-21 17:24:46.410 | INFO     | app.worker:process_document:58 - 
BLOCK 4
TYPE: paragraph
HEADING: False
BOLD: False
NUMBERED: False
FONT SIZE: 10.0
TEXT: probability that a problem could occur
2026-08-21 17:24:46.411 | INFO     | app.worker:process_document:58 - 
BLOCK 5
TYPE: paragraph
HEADING: False
BOLD: False
NUMBERED: False
FONT SIZE: 10.0
TEXT: • describe the precautions that would need to be taken to minimise risks where possible.
2026-08-21 17:24:46.412 | INFO     | app.worker:process_document:58 - 
BLOCK 6
TYPE: paragraph
HEADING: False
BOLD: False
NUMBERED: False
FONT SIZE: 13.0
TEXT: Analysis, conclusions and evaluation
2026-08-21 17:24:46.412 | INFO     | app.worker:process_document:58 - 
BLOCK 7
TYPE: paragraph
HEADING: False
BOLD: False
NUMBERED: False
FONT SIZE: 10.0
TEXT: Analysis, conclusions and evaluation tests the ability of candidates to process given data in a variety of ways.
2026-08-21 17:24:46.412 | INFO     | app.worker:process_document:58 - 
BLOCK 8
TYPE: paragraph
HEADING: False
BOLD: False
NUMBERED: False
FONT SIZE: 11.0
TEXT: Dealing with data
2026-08-21 17:24:46.413 | INFO     | app.worker:process_document:58 - 
BLOCK 9
TYPE: paragraph
HEADING: False
BOLD: False
NUMBERED: False
FONT SIZE: 10.0
TEXT: Knowledge of the Mathematical requirements in section 6 of the syllabus is expected.
2026-08-21 17:24:46.413 | INFO     | app.worker:process_document:58 - 
BLOCK 10
TYPE: paragraph
HEADING: False
BOLD: False
NUMBERED: False
FONT SIZE: 10.0
TEXT: From provided data, candidates should be able to:
2026-08-21 17:24:46.414 | INFO     | app.worker:process_document:58 - 
BLOCK 11
TYPE: paragraph
HEADING: False
BOLD: False
NUMBERED: False
FONT SIZE: 10.0
TEXT: • use tables and graphs to show the key points in quantitative data
2026-08-21 17:24:46.414 | INFO     | app.worker:process_document:58 - 
BLOCK 12
TYPE: paragraph
HEADING: False
BOLD: False
NUMBERED: False
FONT SIZE: 10.0
TEXT: • sketch or draw suitable graphs, displaying the independent variable on the x -axis and the dependent
2026-08-21 17:24:46.420 | INFO     | app.worker:process_document:58 - 
BLOCK 13
TYPE: paragraph
HEADING: False
BOLD: False
NUMBERED: False
FONT SIZE: 10.0
TEXT: variable on the y -axis including, where required, confidence limit error bars
2026-08-21 17:24:46.421 | INFO     | app.worker:process_document:58 - 
BLOCK 14
TYPE: paragraph
HEADING: False
BOLD: False
NUMBERED: False
FONT SIZE: 10.0
TEXT: • decide which calculations are necessary in order to draw conclusions
2026-08-21 17:24:46.423 | INFO     | app.worker:process_document:58 - 
BLOCK 15
TYPE: paragraph
HEADING: False
BOLD: False
NUMBERED: False
FONT SIZE: 10.0
TEXT: • carry out appropriate calculations to simplify or explain data, including means, percentages and rates of
2026-08-21 17:24:46.423 | INFO     | app.worker:process_document:58 - 
BLOCK 16
TYPE: paragraph
HEADING: False
BOLD: False
NUMBERED: False
FONT SIZE: 10.0
TEXT: change
2026-08-21 17:24:46.424 | INFO     | app.worker:process_document:58 - 
BLOCK 17
TYPE: paragraph
HEADING: False
BOLD: False
NUMBERED: False
FONT SIZE: 10.0
TEXT: • carry out calculations in order to compare data, including percentage gain or loss
2026-08-21 17:24:46.424 | INFO     | app.worker:process_document:58 - 
BLOCK 18
TYPE: paragraph
HEADING: False
BOLD: False
NUMBERED: False
FONT SIZE: 10.0
TEXT: • use values of standard deviation or standard error, or graphs with standard error bars, to determine
2026-08-21 17:24:46.425 | INFO     | app.worker:process_document:58 - 
BLOCK 19
TYPE: paragraph
HEADING: False
BOLD: False
NUMBERED: False
FONT SIZE: 10.0
TEXT: whether differences in mean values are likely to be statistically significant
2026-08-21 17:24:46.425 | INFO     | app.worker:process_document:58 - 
BLOCK 20
TYPE: paragraph
HEADING: False
BOLD: False
NUMBERED: False
FONT SIZE: 10.0
TEXT: • choose and carry out statistical tests (limited to those described in the Mathematical requirements section
2026-08-21 17:24:46.426 | INFO     | app.worker:process_document:58 - 
BLOCK 21
TYPE: paragraph
HEADING: False
BOLD: False
NUMBERED: False
FONT SIZE: 10.0
TEXT: of the syllabus) appropriate to the type of data collected and justify use of these tests
2026-08-21 17:24:46.426 | INFO     | app.worker:process_document:58 - 
BLOCK 22
TYPE: paragraph
HEADING: False
BOLD: False
NUMBERED: False
FONT SIZE: 10.0
TEXT: • state a null hypothesis for a statistical test
2026-08-21 17:24:46.427 | INFO     | app.worker:process_document:58 - 
BLOCK 23
TYPE: paragraph
HEADING: False
BOLD: False
NUMBERED: False
FONT SIZE: 10.0
TEXT: • recognise the different types of variable and the different types of data presented, as shown in the table
2026-08-21 17:24:46.428 | INFO     | app.worker:process_document:58 - 
BLOCK 24
TYPE: paragraph
HEADING: False
BOLD: False
NUMBERED: False
FONT SIZE: 10.0
TEXT: below.
2026-08-21 17:24:46.429 | INFO     | app.worker:process_document:58 - 
BLOCK 25
TYPE: paragraph
HEADING: False
BOLD: False
NUMBERED: False
FONT SIZE: 10.0
TEXT: categoric nominal, i.e. values or observations belonging to it can be sorted according to
2026-08-21 17:24:46.429 | INFO     | app.worker:process_document:58 - 
BLOCK 26
TYPE: paragraph
HEADING: False
BOLD: False
NUMBERED: False
FONT SIZE: 10.0
TEXT: category, e.g. colour of flowers
2026-08-21 17:24:46.430 | INFO     | app.worker:process_document:58 - 
BLOCK 27
TYPE: paragraph
HEADING: False
BOLD: False
NUMBERED: False
FONT SIZE: 10.0
TEXT: ordered ordinal, where values can be placed in an order or rank and the interval between
2026-08-21 17:24:46.430 | INFO     | app.worker:process_document:58 - 
BLOCK 28
TYPE: paragraph
HEADING: False
BOLD: False
NUMBERED: False
FONT SIZE: 10.0
TEXT: them may not be equal, e.g. the order in which test-tubes containing starch and
2026-08-21 17:24:46.431 | INFO     | app.worker:process_document:58 - 
BLOCK 29
TYPE: paragraph
HEADING: False
BOLD: False
NUMBERED: False
FONT SIZE: 10.0
TEXT: iodine become colourless after adding amylase
2026-08-21 17:24:46.431 | INFO     | app.worker:process_document:58 - 
BLOCK 30
TYPE: paragraph
HEADING: False
BOLD: False
NUMBERED: False
FONT SIZE: 10.0
TEXT: Quantitative continuous, which can have any value within a specific range, e.g. body mass,
2026-08-21 17:24:46.431 | INFO     | app.worker:process_document:58 - 
BLOCK 31
TYPE: paragraph
HEADING: False
BOLD: False
NUMBERED: False
FONT SIZE: 10.0
TEXT: leaf length
2026-08-21 17:24:46.437 | INFO     | app.worker:process_document:58 - 
BLOCK 32
TYPE: paragraph
HEADING: False
BOLD: False
NUMBERED: False
FONT SIZE: 9.17
TEXT: Back to contents page www.cambridgeinternational.org/alevel 62
2026-08-21 17:24:46.437 | INFO     | app.worker:process_document:52 - 
PAGE 63 (24 blocks)
2026-08-21 17:24:46.438 | INFO     | app.worker:process_document:58 - 
BLOCK 0
TYPE: paragraph
HEADING: False
BOLD: False
NUMBERED: False
FONT SIZE: 9.0
TEXT: Cambridge International AS & A Level Biology 9700 syllabus for 2028, 2029 and 2030. Practical assessment
2026-08-21 17:24:46.439 | INFO     | app.worker:process_document:58 - 
BLOCK 1
TYPE: paragraph
HEADING: False
BOLD: False
NUMBERED: False
FONT SIZE: 11.0
TEXT: Conclusions
2026-08-21 17:24:46.440 | INFO     | app.worker:process_document:58 - 
BLOCK 2
TYPE: paragraph
HEADING: False
BOLD: False
NUMBERED: False
FONT SIZE: 10.0
TEXT: Candidates should be able to:
2026-08-21 17:24:46.440 | INFO     | app.worker:process_document:58 - 
BLOCK 3
TYPE: paragraph
HEADING: False
BOLD: False
NUMBERED: False
FONT SIZE: 10.0
TEXT: • summarise the main conclusions from the results
2026-08-21 17:24:46.440 | INFO     | app.worker:process_document:58 - 
BLOCK 4
TYPE: paragraph
HEADING: False
BOLD: False
NUMBERED: False
FONT SIZE: 10.0
TEXT: • identify key points of the raw data and processed data, including graphs and statistical test results
2026-08-21 17:24:46.441 | INFO     | app.worker:process_document:58 - 
BLOCK 5
TYPE: paragraph
HEADING: False
BOLD: False
NUMBERED: False
FONT SIZE: 10.0
TEXT: • discuss the extent to which a given hypothesis is supported by experimental data and the strengths and
2026-08-21 17:24:46.441 | INFO     | app.worker:process_document:58 - 
BLOCK 6
TYPE: paragraph
HEADING: False
BOLD: False
NUMBERED: False
FONT SIZE: 10.0
TEXT: weaknesses of the evidence
2026-08-21 17:24:46.442 | INFO     | app.worker:process_document:58 - 
BLOCK 7
TYPE: paragraph
HEADING: False
BOLD: False
NUMBERED: False
FONT SIZE: 10.0
TEXT: • give detailed scientific explanations of the conclusions
2026-08-21 17:24:46.442 | INFO     | app.worker:process_document:58 - 
BLOCK 8
TYPE: paragraph
HEADING: False
BOLD: False
NUMBERED: False
FONT SIZE: 10.0
TEXT: • make further predictions and hypotheses based on the conclusions.
2026-08-21 17:24:46.446 | INFO     | app.worker:process_document:58 - 
BLOCK 9
TYPE: paragraph
HEADING: False
BOLD: False
NUMBERED: False
FONT SIZE: 11.0
TEXT: Evaluation
2026-08-21 17:24:46.446 | INFO     | app.worker:process_document:58 - 
BLOCK 10
TYPE: paragraph
HEADING: False
BOLD: False
NUMBERED: False
FONT SIZE: 10.0
TEXT: Candidates should be able to:
2026-08-21 17:24:46.447 | INFO     | app.worker:process_document:58 - 
BLOCK 11
TYPE: paragraph
HEADING: False
BOLD: False
NUMBERED: False
FONT SIZE: 10.0
TEXT: • identify anomalous values in a table or graph of data and suggest how to deal with anomalies
2026-08-21 17:24:46.447 | INFO     | app.worker:process_document:58 - 
BLOCK 12
TYPE: paragraph
HEADING: False
BOLD: False
NUMBERED: False
FONT SIZE: 10.0
TEXT: • suggest possible explanations for anomalous readings
2026-08-21 17:24:46.448 | INFO     | app.worker:process_document:58 - 
BLOCK 13
TYPE: paragraph
HEADING: False
BOLD: False
NUMBERED: False
FONT SIZE: 10.0
TEXT: • assess whether the results have been replicated sufficiently
2026-08-21 17:24:46.452 | INFO     | app.worker:process_document:58 - 
BLOCK 14
TYPE: paragraph
HEADING: False
BOLD: False
NUMBERED: False
FONT SIZE: 10.0
TEXT: • assess whether the range of values of the independent variable and the intervals between the values were
2026-08-21 17:24:46.453 | INFO     | app.worker:process_document:58 - 
BLOCK 15
TYPE: paragraph
HEADING: False
BOLD: False
NUMBERED: False
FONT SIZE: 10.0
TEXT: appropriate
2026-08-21 17:24:46.453 | INFO     | app.worker:process_document:58 - 
BLOCK 16
TYPE: paragraph
HEADING: False
BOLD: False
NUMBERED: False
FONT SIZE: 10.0
TEXT: • assess whether the method of measuring is appropriate for the dependent variable
2026-08-21 17:24:46.454 | INFO     | app.worker:process_document:58 - 
BLOCK 17
TYPE: paragraph
HEADING: False
BOLD: False
NUMBERED: False
FONT SIZE: 10.0
TEXT: • assess the extent to which selected variables have been effectively controlled
2026-08-21 17:24:46.454 | INFO     | app.worker:process_document:58 - 
BLOCK 18
TYPE: paragraph
HEADING: False
BOLD: False
NUMBERED: False
FONT SIZE: 10.0
TEXT: • make informed judgements about:
2026-08-21 17:24:46.455 | INFO     | app.worker:process_document:58 - 
BLOCK 19
TYPE: paragraph
HEADING: False
BOLD: False
NUMBERED: False
FONT SIZE: 10.0
TEXT: – the validity of the investigation
2026-08-21 17:24:46.455 | INFO     | app.worker:process_document:58 - 
BLOCK 20
TYPE: paragraph
HEADING: False
BOLD: False
NUMBERED: False
FONT SIZE: 10.0
TEXT: – the extent to which the data can be used to test the hypothesis
2026-08-21 17:24:46.456 | INFO     | app.worker:process_document:58 - 
BLOCK 21
TYPE: paragraph
HEADING: False
BOLD: False
NUMBERED: False
FONT SIZE: 10.0
TEXT: – how much confidence can be put in the conclusions
2026-08-21 17:24:46.457 | INFO     | app.worker:process_document:58 - 
BLOCK 22
TYPE: paragraph
HEADING: False
BOLD: False
NUMBERED: False
FONT SIZE: 10.0
TEXT: • suggest how an investigation could be improved to increase confidence in the results.
2026-08-21 17:24:46.458 | INFO     | app.worker:process_document:58 - 
BLOCK 23
TYPE: paragraph
HEADING: False
BOLD: False
NUMBERED: False
FONT SIZE: 9.17
TEXT: Back to contents page www.cambridgeinternational.org/alevel 63
2026-08-21 17:24:46.458 | INFO     | app.worker:process_document:52 - 
PAGE 64 (43 blocks)
2026-08-21 17:24:46.459 | INFO     | app.worker:process_document:58 - 
BLOCK 0
TYPE: paragraph
HEADING: False
BOLD: False
NUMBERED: False
FONT SIZE: 9.0
TEXT: Cambridge International AS & A Level Biology 9700 syllabus for 2028, 2029 and 2030.
2026-08-21 17:24:46.459 | INFO     | app.worker:process_document:58 - 
BLOCK 1
TYPE: heading
HEADING: True
BOLD: False
NUMBERED: True
FONT SIZE: 18.0
TEXT: 6 Additional information
2026-08-21 17:24:46.460 | INFO     | app.worker:process_document:58 - 
BLOCK 2
TYPE: paragraph
HEADING: False
BOLD: False
NUMBERED: False
FONT SIZE: 16.0
TEXT: Mathematical requirements
2026-08-21 17:24:46.461 | INFO     | app.worker:process_document:58 - 
BLOCK 3
TYPE: paragraph
HEADING: False
BOLD: False
NUMBERED: False
FONT SIZE: 10.0
TEXT: Candidates are expected to use the following mathematical skills and knowledge in the assessment. Teaching
2026-08-21 17:24:46.461 | INFO     | app.worker:process_document:58 - 
BLOCK 4
TYPE: paragraph
HEADING: False
BOLD: False
NUMBERED: False
FONT SIZE: 10.0
TEXT: the mathematical requirements should be included in the AS & A Level Biology course.
2026-08-21 17:24:46.461 | INFO     | app.worker:process_document:58 - 
BLOCK 5
TYPE: paragraph
HEADING: False
BOLD: False
NUMBERED: False
FONT SIZE: 13.0
TEXT: At AS Level and A Level
2026-08-21 17:24:46.462 | INFO     | app.worker:process_document:58 - 
BLOCK 6
TYPE: paragraph
HEADING: False
BOLD: False
NUMBERED: False
FONT SIZE: 10.0
TEXT: Candidates should be able to:
2026-08-21 17:24:46.462 | INFO     | app.worker:process_document:58 - 
BLOCK 7
TYPE: paragraph
HEADING: False
BOLD: False
NUMBERED: False
FONT SIZE: 10.0
TEXT: • understand and use the prefixes: giga (G), mega (M), kilo (k), milli (m), micro (µ) and nano (n)
2026-08-21 17:24:46.463 | INFO     | app.worker:process_document:58 - 
BLOCK 8
TYPE: paragraph
HEADING: False
BOLD: False
NUMBERED: False
FONT SIZE: 10.0
TEXT: • select and use the most appropriate units for recording data and the results of calculations
2026-08-21 17:24:46.463 | INFO     | app.worker:process_document:58 - 
BLOCK 9
TYPE: paragraph
HEADING: False
BOLD: False
NUMBERED: False
FONT SIZE: 10.0
TEXT: • recognise and use numbers in decimal and standard form
2026-08-21 17:24:46.464 | INFO     | app.worker:process_document:58 - 
BLOCK 10
TYPE: paragraph
HEADING: False
BOLD: False
NUMBERED: False
FONT SIZE: 10.0
TEXT: • understand and use the symbols: < (less than), > (greater than), (less than or equal to), (greater than or
2026-08-21 17:24:46.464 | INFO     | app.worker:process_document:58 - 
BLOCK 11
TYPE: paragraph
HEADING: False
BOLD: False
NUMBERED: False
FONT SIZE: 10.0
TEXT: equal to), / (solidus followed by unit in table headings and labels for graph axes), (is directly proportional
2026-08-21 17:24:46.465 | INFO     | app.worker:process_document:58 - 
BLOCK 12
TYPE: paragraph
HEADING: False
BOLD: False
NUMBERED: False
FONT SIZE: 10.0
TEXT: ⩽ ⩾
2026-08-21 17:24:46.468 | INFO     | app.worker:process_document:58 - 
BLOCK 13
TYPE: paragraph
HEADING: False
BOLD: False
NUMBERED: False
FONT SIZE: 10.2
TEXT: to) and Ʃ (sum of)
2026-08-21 17:24:46.469 | INFO     | app.worker:process_document:58 - 
BLOCK 14
TYPE: paragraph
HEADING: False
BOLD: False
NUMBERED: False
FONT SIZE: 11.0
TEXT: ∝
2026-08-21 17:24:46.471 | INFO     | app.worker:process_document:58 - 
BLOCK 15
TYPE: paragraph
HEADING: False
BOLD: False
NUMBERED: False
FONT SIZE: 10.0
TEXT: • make estimations of the results of calculations
2026-08-21 17:24:46.472 | INFO     | app.worker:process_document:58 - 
BLOCK 16
TYPE: paragraph
HEADING: False
BOLD: False
NUMBERED: False
FONT SIZE: 9.83
TEXT: • use a calculator for addition, subtraction, multiplication and division, and to calculate squares ( x 2 ),
2026-08-21 17:24:46.472 | INFO     | app.worker:process_document:58 - 
BLOCK 17
TYPE: paragraph
HEADING: False
BOLD: False
NUMBERED: False
FONT SIZE: 11.0
TEXT: 1
2026-08-21 17:24:46.473 | INFO     | app.worker:process_document:58 - 
BLOCK 18
TYPE: paragraph
HEADING: False
BOLD: False
NUMBERED: False
FONT SIZE: 10.19
TEXT: square roots ( x ), reciprocals ( ), logs (lg) and means ( x r )
2026-08-21 17:24:46.473 | INFO     | app.worker:process_document:58 - 
BLOCK 19
TYPE: paragraph
HEADING: False
BOLD: False
NUMBERED: False
FONT SIZE: 11.0
TEXT: x
2026-08-21 17:24:46.474 | INFO     | app.worker:process_document:58 - 
BLOCK 20
TYPE: paragraph
HEADING: False
BOLD: False
NUMBERED: False
FONT SIZE: 10.0
TEXT: • take account of significant figures in calculations so that significant figures are neither lost unnecessarily nor
2026-08-21 17:24:46.474 | INFO     | app.worker:process_document:58 - 
BLOCK 21
TYPE: paragraph
HEADING: False
BOLD: False
NUMBERED: False
FONT SIZE: 10.0
TEXT: carried beyond what is justified. (The correct number of significant figures for calculated quantities is the
2026-08-21 17:24:46.475 | INFO     | app.worker:process_document:58 - 
BLOCK 22
TYPE: paragraph
HEADING: False
BOLD: False
NUMBERED: False
FONT SIZE: 10.0
TEXT: same as, or one more than, the smallest number of significant figures in the data used in the calculation.)
2026-08-21 17:24:46.475 | INFO     | app.worker:process_document:58 - 
BLOCK 23
TYPE: paragraph
HEADING: False
BOLD: False
NUMBERED: False
FONT SIZE: 10.0
TEXT: • record data from experiments to an appropriate and consistent precision
2026-08-21 17:24:46.475 | INFO     | app.worker:process_document:58 - 
BLOCK 24
TYPE: paragraph
HEADING: False
BOLD: False
NUMBERED: False
FONT SIZE: 10.0
TEXT: • calculate magnifications and actual sizes
2026-08-21 17:24:46.476 | INFO     | app.worker:process_document:58 - 
BLOCK 25
TYPE: paragraph
HEADING: False
BOLD: False
NUMBERED: False
FONT SIZE: 10.0
TEXT: • calculate areas of triangles, rectangles and circles
2026-08-21 17:24:46.476 | INFO     | app.worker:process_document:58 - 
BLOCK 26
TYPE: paragraph
HEADING: False
BOLD: False
NUMBERED: False
FONT SIZE: 10.0
TEXT: • calculate perimeters of rectangles and circumferences of circles
2026-08-21 17:24:46.479 | INFO     | app.worker:process_document:58 - 
BLOCK 27
TYPE: paragraph
HEADING: False
BOLD: False
NUMBERED: False
FONT SIZE: 10.0
TEXT: • calculate surface areas and volumes of cuboids and cylinders
2026-08-21 17:24:46.479 | INFO     | app.worker:process_document:58 - 
BLOCK 28
TYPE: paragraph
HEADING: False
BOLD: False
NUMBERED: False
FONT SIZE: 10.0
TEXT: • calculate the mean, median, mode and range of a set of values
2026-08-21 17:24:46.480 | INFO     | app.worker:process_document:58 - 
BLOCK 29
TYPE: paragraph
HEADING: False
BOLD: False
NUMBERED: False
FONT SIZE: 10.0
TEXT: • recognise and use ratios
2026-08-21 17:24:46.481 | INFO     | app.worker:process_document:58 - 
BLOCK 30
TYPE: paragraph
HEADING: False
BOLD: False
NUMBERED: False
FONT SIZE: 10.0
TEXT: • calculate percentages and percentage changes
2026-08-21 17:24:46.481 | INFO     | app.worker:process_document:58 - 
BLOCK 31
TYPE: paragraph
HEADING: False
BOLD: False
NUMBERED: False
FONT SIZE: 10.0
TEXT: • express errors in experimental work as percentage errors
2026-08-21 17:24:46.481 | INFO     | app.worker:process_document:58 - 
BLOCK 32
TYPE: paragraph
HEADING: False
BOLD: False
NUMBERED: False
FONT SIZE: 10.0
TEXT: • translate information between graphical, numerical, and algebraic forms
2026-08-21 17:24:46.488 | INFO     | app.worker:process_document:58 - 
BLOCK 33
TYPE: paragraph
HEADING: False
BOLD: False
NUMBERED: False
FONT SIZE: 10.0
TEXT: • construct and interpret diagrammatic representations of data, including line graphs, pie charts, bar charts
2026-08-21 17:24:46.488 | INFO     | app.worker:process_document:58 - 
BLOCK 34
TYPE: paragraph
HEADING: False
BOLD: False
NUMBERED: False
FONT SIZE: 10.0
TEXT: and histograms
2026-08-21 17:24:46.489 | INFO     | app.worker:process_document:58 - 
BLOCK 35
TYPE: paragraph
HEADING: False
BOLD: False
NUMBERED: False
FONT SIZE: 10.0
TEXT: • understand when data should be presented in the form of a bar chart, histogram or line graph
2026-08-21 17:24:46.489 | INFO     | app.worker:process_document:58 - 
BLOCK 36
TYPE: paragraph
HEADING: False
BOLD: False
NUMBERED: False
FONT SIZE: 10.0
TEXT: • plot data on graph paper with the variables correctly orientated on the axes and with each axis scaled
2026-08-21 17:24:46.489 | INFO     | app.worker:process_document:58 - 
BLOCK 37
TYPE: paragraph
HEADING: False
BOLD: False
NUMBERED: False
FONT SIZE: 10.0
TEXT: appropriately
2026-08-21 17:24:46.490 | INFO     | app.worker:process_document:58 - 
BLOCK 38
TYPE: paragraph
HEADING: False
BOLD: False
NUMBERED: False
FONT SIZE: 10.0
TEXT: • recognise when it is appropriate to join the points on a graph with straight ruled lines and when it is
2026-08-21 17:24:46.490 | INFO     | app.worker:process_document:58 - 
BLOCK 39
TYPE: paragraph
HEADING: False
BOLD: False
NUMBERED: False
FONT SIZE: 10.0
TEXT: appropriate to use a line (straight or curved) of best fit
2026-08-21 17:24:46.491 | INFO     | app.worker:process_document:58 - 
BLOCK 40
TYPE: paragraph
HEADING: False
BOLD: False
NUMBERED: False
FONT SIZE: 10.0
TEXT: • calculate the rate of change from the gradient of a straight line on a graph
2026-08-21 17:24:46.491 | INFO     | app.worker:process_document:58 - 
BLOCK 41
TYPE: paragraph
HEADING: False
BOLD: False
NUMBERED: False
FONT SIZE: 10.0
TEXT: • calculate the rate of change from the gradient of a tangent to a curved line on a graph.
2026-08-21 17:24:46.492 | INFO     | app.worker:process_document:58 - 
BLOCK 42
TYPE: paragraph
HEADING: False
BOLD: False
NUMBERED: False
FONT SIZE: 9.17
TEXT: Back to contents page www.cambridgeinternational.org/alevel 64
2026-08-21 17:24:46.492 | INFO     | app.worker:process_document:52 - 
PAGE 65 (31 blocks)
2026-08-21 17:24:46.493 | INFO     | app.worker:process_document:58 - 
BLOCK 0
TYPE: paragraph
HEADING: False
BOLD: False
NUMBERED: False
FONT SIZE: 9.0
TEXT: Cambridge International AS & A Level Biology 9700 syllabus for 2028, 2029 and 2030. Additional information
2026-08-21 17:24:46.493 | INFO     | app.worker:process_document:58 - 
BLOCK 1
TYPE: paragraph
HEADING: False
BOLD: False
NUMBERED: False
FONT SIZE: 13.0
TEXT: At A Level only
2026-08-21 17:24:46.494 | INFO     | app.worker:process_document:58 - 
BLOCK 2
TYPE: paragraph
HEADING: False
BOLD: False
NUMBERED: False
FONT SIZE: 10.0
TEXT: Candidates should be able to:
2026-08-21 17:24:46.495 | INFO     | app.worker:process_document:58 - 
BLOCK 3
TYPE: paragraph
HEADING: False
BOLD: False
NUMBERED: False
FONT SIZE: 10.0
TEXT: • relate genetic ratios to probabilities
2026-08-21 17:24:46.495 | INFO     | app.worker:process_document:58 - 
BLOCK 4
TYPE: paragraph
HEADING: False
BOLD: False
NUMBERED: False
FONT SIZE: 10.0
TEXT: • understand the principles of sampling as applied to biological situations and data
2026-08-21 17:24:46.496 | INFO     | app.worker:process_document:58 - 
BLOCK 5
TYPE: paragraph
HEADING: False
BOLD: False
NUMBERED: False
FONT SIZE: 10.0
TEXT: • understand the importance of chance and probability when interpreting data
2026-08-21 17:24:46.496 | INFO     | app.worker:process_document:58 - 
BLOCK 6
TYPE: paragraph
HEADING: False
BOLD: False
NUMBERED: False
FONT SIZE: 10.0
TEXT: • use the Hardy–Weinberg equations to calculate allele and genotype frequencies in populations (formulae
2026-08-21 17:24:46.497 | INFO     | app.worker:process_document:58 - 
BLOCK 7
TYPE: paragraph
HEADING: False
BOLD: False
NUMBERED: False
FONT SIZE: 10.0
TEXT: will be provided – see Mathematical formulae)
2026-08-21 17:24:46.497 | INFO     | app.worker:process_document:58 - 
BLOCK 8
TYPE: paragraph
HEADING: False
BOLD: False
NUMBERED: False
FONT SIZE: 10.0
TEXT: • use the Lincoln index to calculate an estimate of population size using mark-release-recapture data (formula
2026-08-21 17:24:46.498 | INFO     | app.worker:process_document:58 - 
BLOCK 9
TYPE: paragraph
HEADING: False
BOLD: False
NUMBERED: False
FONT SIZE: 10.0
TEXT: will be provided – see Mathematical formulae)
2026-08-21 17:24:46.500 | INFO     | app.worker:process_document:58 - 
BLOCK 10
TYPE: paragraph
HEADING: False
BOLD: False
NUMBERED: False
FONT SIZE: 10.0
TEXT: • calculate Simpson’s index of diversity ( D ) (formula will be provided – see Mathematical formulae)
2026-08-21 17:24:46.504 | INFO     | app.worker:process_document:58 - 
BLOCK 11
TYPE: paragraph
HEADING: False
BOLD: False
NUMBERED: False
FONT SIZE: 10.0
TEXT: • understand the difference between a normal distribution and a distribution that is non-normal
2026-08-21 17:24:46.505 | INFO     | app.worker:process_document:58 - 
BLOCK 12
TYPE: paragraph
HEADING: False
BOLD: False
NUMBERED: False
FONT SIZE: 10.0
TEXT: • understand the use of descriptive statistics to simplify data, including the mean, median, mode, range,
2026-08-21 17:24:46.506 | INFO     | app.worker:process_document:58 - 
BLOCK 13
TYPE: paragraph
HEADING: False
BOLD: False
NUMBERED: False
FONT SIZE: 10.0
TEXT: standard deviation, standard error and 95% confidence intervals (mean, median, mode and range are also
2026-08-21 17:24:46.506 | INFO     | app.worker:process_document:58 - 
BLOCK 14
TYPE: paragraph
HEADING: False
BOLD: False
NUMBERED: False
FONT SIZE: 10.0
TEXT: expected at AS Level)
2026-08-21 17:24:46.507 | INFO     | app.worker:process_document:58 - 
BLOCK 15
TYPE: paragraph
HEADING: False
BOLD: False
NUMBERED: False
FONT SIZE: 10.0
TEXT: • calculate sample standard deviation, standard error and 95% confidence intervals (formulae will be
2026-08-21 17:24:46.507 | INFO     | app.worker:process_document:58 - 
BLOCK 16
TYPE: paragraph
HEADING: False
BOLD: False
NUMBERED: False
FONT SIZE: 10.0
TEXT: provided – see Mathematical formulae)
2026-08-21 17:24:46.508 | INFO     | app.worker:process_document:58 - 
BLOCK 17
TYPE: paragraph
HEADING: False
BOLD: False
NUMBERED: False
FONT SIZE: 10.0
TEXT: • use standard deviations, standard errors or 95% confidence intervals to plot error bars on graphs
2026-08-21 17:24:46.508 | INFO     | app.worker:process_document:58 - 
BLOCK 18
TYPE: paragraph
HEADING: False
BOLD: False
NUMBERED: False
FONT SIZE: 10.0
TEXT: • understand the difference between correlation and causation and that a correlation does not necessarily
2026-08-21 17:24:46.509 | INFO     | app.worker:process_document:58 - 
BLOCK 19
TYPE: paragraph
HEADING: False
BOLD: False
NUMBERED: False
FONT SIZE: 10.0
TEXT: imply a causative relationship
2026-08-21 17:24:46.509 | INFO     | app.worker:process_document:58 - 
BLOCK 20
TYPE: paragraph
HEADING: False
BOLD: False
NUMBERED: False
FONT SIZE: 10.0
TEXT: • calculate the results of chi-squared tests and t -tests (formulae will be provided – see Mathematical
2026-08-21 17:24:46.510 | INFO     | app.worker:process_document:58 - 
BLOCK 21
TYPE: paragraph
HEADING: False
BOLD: False
NUMBERED: False
FONT SIZE: 10.0
TEXT: formulae)
2026-08-21 17:24:46.511 | INFO     | app.worker:process_document:58 - 
BLOCK 22
TYPE: paragraph
HEADING: False
BOLD: False
NUMBERED: False
FONT SIZE: 10.0
TEXT: • calculate the number of degrees of freedom for chi-squared tests and t -tests (formulae will not be provided
2026-08-21 17:24:46.512 | INFO     | app.worker:process_document:58 - 
BLOCK 23
TYPE: paragraph
HEADING: False
BOLD: False
NUMBERED: False
FONT SIZE: 10.0
TEXT: – see Mathematical formulae)
2026-08-21 17:24:46.513 | INFO     | app.worker:process_document:58 - 
BLOCK 24
TYPE: paragraph
HEADING: False
BOLD: False
NUMBERED: False
FONT SIZE: 10.0
TEXT: • use the results of chi-squared tests and t -tests, together with the relevant probability tables of critical
2026-08-21 17:24:46.513 | INFO     | app.worker:process_document:58 - 
BLOCK 25
TYPE: paragraph
HEADING: False
BOLD: False
NUMBERED: False
FONT SIZE: 10.0
TEXT: values, to assess the significance of differences (tables of critical values will be provided)
2026-08-21 17:24:46.514 | INFO     | app.worker:process_document:58 - 
BLOCK 26
TYPE: paragraph
HEADING: False
BOLD: False
NUMBERED: False
FONT SIZE: 10.0
TEXT: • use Pearson’s linear correlation and Spearman’s rank correlation to test for correlation (formulae will be
2026-08-21 17:24:46.514 | INFO     | app.worker:process_document:58 - 
BLOCK 27
TYPE: paragraph
HEADING: False
BOLD: False
NUMBERED: False
FONT SIZE: 10.0
TEXT: provided – see Mathematical formulae)
2026-08-21 17:24:46.515 | INFO     | app.worker:process_document:58 - 
BLOCK 28
TYPE: paragraph
HEADING: False
BOLD: False
NUMBERED: False
FONT SIZE: 10.0
TEXT: • understand when it is appropriate to use the different statistical tests (chi-squared test, t -test, Pearson’s
2026-08-21 17:24:46.519 | INFO     | app.worker:process_document:58 - 
BLOCK 29
TYPE: paragraph
HEADING: False
BOLD: False
NUMBERED: False
FONT SIZE: 10.0
TEXT: linear correlation and Spearman’s rank correlation) and the conditions in which each is valid.
2026-08-21 17:24:46.520 | INFO     | app.worker:process_document:58 - 
BLOCK 30
TYPE: paragraph
HEADING: False
BOLD: False
NUMBERED: False
FONT SIZE: 9.17
TEXT: Back to contents page www.cambridgeinternational.org/alevel 65
2026-08-21 17:24:46.521 | INFO     | app.worker:process_document:52 - 
PAGE 66 (65 blocks)
2026-08-21 17:24:46.522 | INFO     | app.worker:process_document:58 - 
BLOCK 0
TYPE: paragraph
HEADING: False
BOLD: False
NUMBERED: False
FONT SIZE: 9.0
TEXT: Cambridge International AS & A Level Biology 9700 syllabus for 2028, 2029 and 2030. Additional information
2026-08-21 17:24:46.522 | INFO     | app.worker:process_document:58 - 
BLOCK 1
TYPE: paragraph
HEADING: False
BOLD: False
NUMBERED: False
FONT SIZE: 16.0
TEXT: Mathematical formulae (A Level only)
2026-08-21 17:24:46.522 | INFO     | app.worker:process_document:58 - 
BLOCK 2
TYPE: paragraph
HEADING: False
BOLD: False
NUMBERED: False
FONT SIZE: 10.0
TEXT: Candidates are not expected to remember the formulae and symbols for the mathematical formulae in the
2026-08-21 17:24:46.523 | INFO     | app.worker:process_document:58 - 
BLOCK 3
TYPE: paragraph
HEADING: False
BOLD: False
NUMBERED: False
FONT SIZE: 10.0
TEXT: table below. When needed, candidates will be provided with this information.
2026-08-21 17:24:46.523 | INFO     | app.worker:process_document:58 - 
BLOCK 4
TYPE: paragraph
HEADING: False
BOLD: False
NUMBERED: False
FONT SIZE: 10.0
TEXT: Hardy–Weinberg equations
2026-08-21 17:24:46.524 | INFO     | app.worker:process_document:58 - 
BLOCK 5
TYPE: paragraph
HEADING: False
BOLD: False
NUMBERED: False
FONT SIZE: 11.0
TEXT: Key to symbols:
2026-08-21 17:24:46.524 | INFO     | app.worker:process_document:58 - 
BLOCK 6
TYPE: paragraph
HEADING: False
BOLD: False
NUMBERED: False
FONT SIZE: 10.0
TEXT: equation 1:
2026-08-21 17:24:46.525 | INFO     | app.worker:process_document:58 - 
BLOCK 7
TYPE: paragraph
HEADING: False
BOLD: False
NUMBERED: False
FONT SIZE: 10.0
TEXT: p = frequency of the dominant allele, e.g. A
2026-08-21 17:24:46.525 | INFO     | app.worker:process_document:58 - 
BLOCK 8
TYPE: paragraph
HEADING: False
BOLD: False
NUMBERED: False
FONT SIZE: 10.0
TEXT: p + q = 1
2026-08-21 17:24:46.526 | INFO     | app.worker:process_document:58 - 
BLOCK 9
TYPE: paragraph
HEADING: False
BOLD: False
NUMBERED: False
FONT SIZE: 10.0
TEXT: q = frequency of the recessive allele, e.g. a
2026-08-21 17:24:46.527 | INFO     | app.worker:process_document:58 - 
BLOCK 10
TYPE: paragraph
HEADING: False
BOLD: False
NUMBERED: False
FONT SIZE: 9.75
TEXT: equation 2: p 2 = frequency of homozygous dominant genotype, e.g. AA
2026-08-21 17:24:46.527 | INFO     | app.worker:process_document:58 - 
BLOCK 11
TYPE: paragraph
HEADING: False
BOLD: False
NUMBERED: False
FONT SIZE: 9.68
TEXT: p 2 + 2 pq + q 2 = 1 2 pq = frequency of heterozygous genotype, e.g. Aa
2026-08-21 17:24:46.528 | INFO     | app.worker:process_document:58 - 
BLOCK 12
TYPE: paragraph
HEADING: False
BOLD: False
NUMBERED: False
FONT SIZE: 7.0
TEXT: 2
2026-08-21 17:24:46.528 | INFO     | app.worker:process_document:58 - 
BLOCK 13
TYPE: paragraph
HEADING: False
BOLD: False
NUMBERED: False
FONT SIZE: 10.0
TEXT: q = frequency of homozygous recessive genotype, e.g. aa
2026-08-21 17:24:46.529 | INFO     | app.worker:process_document:58 - 
BLOCK 14
TYPE: paragraph
HEADING: False
BOLD: False
NUMBERED: False
FONT SIZE: 10.0
TEXT: Lincoln index
2026-08-21 17:24:46.529 | INFO     | app.worker:process_document:58 - 
BLOCK 15
TYPE: paragraph
HEADING: False
BOLD: False
NUMBERED: False
FONT SIZE: 10.67
TEXT: n # n
2026-08-21 17:24:46.530 | INFO     | app.worker:process_document:58 - 
BLOCK 16
TYPE: paragraph
HEADING: False
BOLD: False
NUMBERED: False
FONT SIZE: 9.6
TEXT: 1 2 Key to symbols:
2026-08-21 17:24:46.530 | INFO     | app.worker:process_document:58 - 
BLOCK 17
TYPE: paragraph
HEADING: False
BOLD: False
NUMBERED: False
FONT SIZE: 11.0
TEXT: N =
2026-08-21 17:24:46.531 | INFO     | app.worker:process_document:58 - 
BLOCK 18
TYPE: paragraph
HEADING: False
BOLD: False
NUMBERED: False
FONT SIZE: 11.0
TEXT: m
2026-08-21 17:24:46.537 | INFO     | app.worker:process_document:58 - 
BLOCK 19
TYPE: heading
HEADING: True
BOLD: False
NUMBERED: True
FONT SIZE: 9.79
TEXT: 2 N = estimate of population size
2026-08-21 17:24:46.539 | INFO     | app.worker:process_document:58 - 
BLOCK 20
TYPE: paragraph
HEADING: False
BOLD: False
NUMBERED: False
FONT SIZE: 10.11
TEXT: n = number of individuals captured in first sample
2026-08-21 17:24:46.540 | INFO     | app.worker:process_document:58 - 
BLOCK 21
TYPE: paragraph
HEADING: False
BOLD: False
NUMBERED: False
FONT SIZE: 7.7
TEXT: 1
2026-08-21 17:24:46.540 | INFO     | app.worker:process_document:58 - 
BLOCK 22
TYPE: paragraph
HEADING: False
BOLD: False
NUMBERED: False
FONT SIZE: 10.1
TEXT: n = n umber of individuals (both marked and unmarked)
2026-08-21 17:24:46.541 | INFO     | app.worker:process_document:58 - 
BLOCK 23
TYPE: paragraph
HEADING: False
BOLD: False
NUMBERED: False
FONT SIZE: 7.7
TEXT: 2
2026-08-21 17:24:46.541 | INFO     | app.worker:process_document:58 - 
BLOCK 24
TYPE: paragraph
HEADING: False
BOLD: False
NUMBERED: False
FONT SIZE: 10.0
TEXT: captured in second sample
2026-08-21 17:24:46.542 | INFO     | app.worker:process_document:58 - 
BLOCK 25
TYPE: paragraph
HEADING: False
BOLD: False
NUMBERED: False
FONT SIZE: 10.1
TEXT: m = n umber of marked individuals recaptured in second
2026-08-21 17:24:46.542 | INFO     | app.worker:process_document:58 - 
BLOCK 26
TYPE: paragraph
HEADING: False
BOLD: False
NUMBERED: False
FONT SIZE: 7.7
TEXT: 2
2026-08-21 17:24:46.543 | INFO     | app.worker:process_document:58 - 
BLOCK 27
TYPE: paragraph
HEADING: False
BOLD: False
NUMBERED: False
FONT SIZE: 10.0
TEXT: sample
2026-08-21 17:24:46.543 | INFO     | app.worker:process_document:58 - 
BLOCK 28
TYPE: paragraph
HEADING: False
BOLD: False
NUMBERED: False
FONT SIZE: 10.0
TEXT: Simpson's index of diversity ( D )
2026-08-21 17:24:46.544 | INFO     | app.worker:process_document:58 - 
BLOCK 29
TYPE: paragraph
HEADING: False
BOLD: False
NUMBERED: False
FONT SIZE: 7.5
TEXT: 2
2026-08-21 17:24:46.544 | INFO     | app.worker:process_document:58 - 
BLOCK 30
TYPE: heading
HEADING: True
BOLD: False
NUMBERED: True
FONT SIZE: 11.0
TEXT: 1 n Key to symbols:
2026-08-21 17:24:46.544 | INFO     | app.worker:process_document:58 - 
BLOCK 31
TYPE: paragraph
HEADING: False
BOLD: False
NUMBERED: False
FONT SIZE: 10.75
TEXT: D = - /
2026-08-21 17:24:46.545 | INFO     | app.worker:process_document:58 - 
BLOCK 32
TYPE: paragraph
HEADING: False
BOLD: False
NUMBERED: False
FONT SIZE: 11.03
TEXT: d c N m n
2026-08-21 17:24:46.546 | INFO     | app.worker:process_document:58 - 
BLOCK 33
TYPE: paragraph
HEADING: False
BOLD: False
NUMBERED: False
FONT SIZE: 10.08
TEXT: n = n umber of individuals of each type present in the
2026-08-21 17:24:46.548 | INFO     | app.worker:process_document:58 - 
BLOCK 34
TYPE: paragraph
HEADING: False
BOLD: False
NUMBERED: False
FONT SIZE: 10.0
TEXT: sample (types may be species and/or higher taxa such
2026-08-21 17:24:46.550 | INFO     | app.worker:process_document:58 - 
BLOCK 35
TYPE: paragraph
HEADING: False
BOLD: False
NUMBERED: False
FONT SIZE: 10.0
TEXT: as genera, families, etc.)
2026-08-21 17:24:46.554 | INFO     | app.worker:process_document:58 - 
BLOCK 36
TYPE: paragraph
HEADING: False
BOLD: False
NUMBERED: False
FONT SIZE: 10.07
TEXT: N = t he total number of all individuals of all types present in
2026-08-21 17:24:46.555 | INFO     | app.worker:process_document:58 - 
BLOCK 37
TYPE: paragraph
HEADING: False
BOLD: False
NUMBERED: False
FONT SIZE: 10.0
TEXT: the sample
2026-08-21 17:24:46.555 | INFO     | app.worker:process_document:58 - 
BLOCK 38
TYPE: paragraph
HEADING: False
BOLD: False
NUMBERED: False
FONT SIZE: 7.0
TEXT: 2
2026-08-21 17:24:46.556 | INFO     | app.worker:process_document:58 - 
BLOCK 39
TYPE: paragraph
HEADING: False
BOLD: True
NUMBERED: False
FONT SIZE: 10.0
TEXT: chi-squared ( χ ) test
2026-08-21 17:24:46.556 | INFO     | app.worker:process_document:58 - 
BLOCK 40
TYPE: paragraph
HEADING: False
BOLD: False
NUMBERED: False
FONT SIZE: 7.5
TEXT: 2
2026-08-21 17:24:46.557 | INFO     | app.worker:process_document:58 - 
BLOCK 41
TYPE: paragraph
HEADING: False
BOLD: False
NUMBERED: False
FONT SIZE: 11.0
TEXT: O - E
2026-08-21 17:24:46.557 | INFO     | app.worker:process_document:58 - 
BLOCK 42
TYPE: paragraph
HEADING: False
BOLD: False
NUMBERED: False
FONT SIZE: 11.0
TEXT: Key to symbols:
2026-08-21 17:24:46.557 | INFO     | app.worker:process_document:58 - 
BLOCK 43
TYPE: paragraph
HEADING: False
BOLD: False
NUMBERED: False
FONT SIZE: 7.0
TEXT: 2
2026-08-21 17:24:46.558 | INFO     | app.worker:process_document:58 - 
BLOCK 44
TYPE: paragraph
HEADING: False
BOLD: False
NUMBERED: False
FONT SIZE: 10.57
TEXT: χ = / ^ h
2026-08-21 17:24:46.558 | INFO     | app.worker:process_document:58 - 
BLOCK 45
TYPE: paragraph
HEADING: False
BOLD: False
NUMBERED: False
FONT SIZE: 11.0
TEXT: E
2026-08-21 17:24:46.559 | INFO     | app.worker:process_document:58 - 
BLOCK 46
TYPE: paragraph
HEADING: False
BOLD: False
NUMBERED: False
FONT SIZE: 10.25
TEXT: O = observed value
2026-08-21 17:24:46.559 | INFO     | app.worker:process_document:58 - 
BLOCK 47
TYPE: paragraph
HEADING: False
BOLD: False
NUMBERED: False
FONT SIZE: 10.25
TEXT: E = expected value
2026-08-21 17:24:46.560 | INFO     | app.worker:process_document:58 - 
BLOCK 48
TYPE: paragraph
HEADING: False
BOLD: True
NUMBERED: False
FONT SIZE: 10.17
TEXT: sample standard deviation ( s )
2026-08-21 17:24:46.560 | INFO     | app.worker:process_document:58 - 
BLOCK 49
TYPE: paragraph
HEADING: False
BOLD: False
NUMBERED: False
FONT SIZE: 7.5
TEXT: 2
2026-08-21 17:24:46.561 | INFO     | app.worker:process_document:58 - 
BLOCK 50
TYPE: paragraph
HEADING: False
BOLD: False
NUMBERED: False
FONT SIZE: 11.0
TEXT: / x - x r Key to symbols:
2026-08-21 17:24:46.561 | INFO     | app.worker:process_document:58 - 
BLOCK 51
TYPE: paragraph
HEADING: False
BOLD: False
NUMBERED: False
FONT SIZE: 10.81
TEXT: s = ^ h
2026-08-21 17:24:46.562 | INFO     | app.worker:process_document:58 - 
BLOCK 52
TYPE: paragraph
HEADING: False
BOLD: False
NUMBERED: False
FONT SIZE: 11.0
TEXT: 1
2026-08-21 17:24:46.563 | INFO     | app.worker:process_document:58 - 
BLOCK 53
TYPE: paragraph
HEADING: False
BOLD: False
NUMBERED: False
FONT SIZE: 11.0
TEXT: n -
2026-08-21 17:24:46.564 | INFO     | app.worker:process_document:58 - 
BLOCK 54
TYPE: paragraph
HEADING: False
BOLD: False
NUMBERED: False
FONT SIZE: 10.25
TEXT: x = o bservation
2026-08-21 17:24:46.564 | INFO     | app.worker:process_document:58 - 
BLOCK 55
TYPE: paragraph
HEADING: False
BOLD: False
NUMBERED: False
FONT SIZE: 10.5
TEXT: x r = mean
2026-08-21 17:24:46.564 | INFO     | app.worker:process_document:58 - 
BLOCK 56
TYPE: paragraph
HEADING: False
BOLD: False
NUMBERED: False
FONT SIZE: 10.14
TEXT: n = sample size (number of observations)
2026-08-21 17:24:46.567 | INFO     | app.worker:process_document:58 - 
BLOCK 57
TYPE: paragraph
HEADING: False
BOLD: False
NUMBERED: False
FONT SIZE: 10.0
TEXT: standard error (SE)
2026-08-21 17:24:46.570 | INFO     | app.worker:process_document:58 - 
BLOCK 58
TYPE: paragraph
HEADING: False
BOLD: False
NUMBERED: False
FONT SIZE: 11.0
TEXT: s
2026-08-21 17:24:46.570 | INFO     | app.worker:process_document:58 - 
BLOCK 59
TYPE: paragraph
HEADING: False
BOLD: False
NUMBERED: False
FONT SIZE: 10.5
TEXT: SE =
2026-08-21 17:24:46.571 | INFO     | app.worker:process_document:58 - 
BLOCK 60
TYPE: paragraph
HEADING: False
BOLD: False
NUMBERED: False
FONT SIZE: 11.0
TEXT: Key to symbols:
2026-08-21 17:24:46.571 | INFO     | app.worker:process_document:58 - 
BLOCK 61
TYPE: paragraph
HEADING: False
BOLD: False
NUMBERED: False
FONT SIZE: 11.0
TEXT: n
2026-08-21 17:24:46.572 | INFO     | app.worker:process_document:58 - 
BLOCK 62
TYPE: paragraph
HEADING: False
BOLD: False
NUMBERED: False
FONT SIZE: 10.2
TEXT: s = sample standard deviation
2026-08-21 17:24:46.572 | INFO     | app.worker:process_document:58 - 
BLOCK 63
TYPE: paragraph
HEADING: False
BOLD: False
NUMBERED: False
FONT SIZE: 10.14
TEXT: n = sample size (number of observations)
2026-08-21 17:24:46.574 | INFO     | app.worker:process_document:58 - 
BLOCK 64
TYPE: paragraph
HEADING: False
BOLD: False
NUMBERED: False
FONT SIZE: 9.17
TEXT: Back to contents page www.cambridgeinternational.org/alevel 66
2026-08-21 17:24:46.574 | INFO     | app.worker:process_document:52 - 
PAGE 67 (49 blocks)
2026-08-21 17:24:46.575 | INFO     | app.worker:process_document:58 - 
BLOCK 0
TYPE: paragraph
HEADING: False
BOLD: False
NUMBERED: False
FONT SIZE: 9.0
TEXT: Cambridge International AS & A Level Biology 9700 syllabus for 2028, 2029 and 2030. Additional information
2026-08-21 17:24:46.575 | INFO     | app.worker:process_document:58 - 
BLOCK 1
TYPE: paragraph
HEADING: False
BOLD: True
NUMBERED: False
FONT SIZE: 10.0
TEXT: 95% confidence intervals (95% C I )
2026-08-21 17:24:46.576 | INFO     | app.worker:process_document:58 - 
BLOCK 2
TYPE: paragraph
HEADING: False
BOLD: False
NUMBERED: False
FONT SIZE: 10.38
TEXT: You can assume this approximation: Key to symbols:
2026-08-21 17:24:46.576 | INFO     | app.worker:process_document:58 - 
BLOCK 3
TYPE: paragraph
HEADING: False
BOLD: False
NUMBERED: False
FONT SIZE: 10.33
TEXT: 95% C I = x r ± (2 × SE) x r
2026-08-21 17:24:46.577 | INFO     | app.worker:process_document:58 - 
BLOCK 4
TYPE: paragraph
HEADING: False
BOLD: False
NUMBERED: False
FONT SIZE: 10.0
TEXT: = mean
2026-08-21 17:24:46.579 | INFO     | app.worker:process_document:58 - 
BLOCK 5
TYPE: paragraph
HEADING: False
BOLD: False
NUMBERED: False
FONT SIZE: 10.0
TEXT: SE = standard error
2026-08-21 17:24:46.579 | INFO     | app.worker:process_document:58 - 
BLOCK 6
TYPE: paragraph
HEADING: False
BOLD: False
NUMBERED: False
FONT SIZE: 10.0
TEXT: t -test
2026-08-21 17:24:46.580 | INFO     | app.worker:process_document:58 - 
BLOCK 7
TYPE: paragraph
HEADING: False
BOLD: False
NUMBERED: False
FONT SIZE: 11.0
TEXT: x r - x r
2026-08-21 17:24:46.580 | INFO     | app.worker:process_document:58 - 
BLOCK 8
TYPE: paragraph
HEADING: False
BOLD: False
NUMBERED: False
FONT SIZE: 9.6
TEXT: 1 2 Key to symbols:
2026-08-21 17:24:46.581 | INFO     | app.worker:process_document:58 - 
BLOCK 9
TYPE: paragraph
HEADING: False
BOLD: False
NUMBERED: False
FONT SIZE: 11.0
TEXT: t =
2026-08-21 17:24:46.581 | INFO     | app.worker:process_document:58 - 
BLOCK 10
TYPE: paragraph
HEADING: False
BOLD: False
NUMBERED: False
FONT SIZE: 7.5
TEXT: 2 2
2026-08-21 17:24:46.585 | INFO     | app.worker:process_document:58 - 
BLOCK 11
TYPE: paragraph
HEADING: False
BOLD: False
NUMBERED: False
FONT SIZE: 10.67
TEXT: s s x r = mean
2026-08-21 17:24:46.586 | INFO     | app.worker:process_document:58 - 
BLOCK 12
TYPE: paragraph
HEADING: False
BOLD: False
NUMBERED: False
FONT SIZE: 7.5
TEXT: 1 2
2026-08-21 17:24:46.587 | INFO     | app.worker:process_document:58 - 
BLOCK 13
TYPE: paragraph
HEADING: False
BOLD: False
NUMBERED: False
FONT SIZE: 11.0
TEXT: +
2026-08-21 17:24:46.589 | INFO     | app.worker:process_document:58 - 
BLOCK 14
TYPE: paragraph
HEADING: False
BOLD: False
NUMBERED: False
FONT SIZE: 10.64
TEXT: f n n p s = s ample standard deviation
2026-08-21 17:24:46.589 | INFO     | app.worker:process_document:58 - 
BLOCK 15
TYPE: paragraph
HEADING: False
BOLD: False
NUMBERED: False
FONT SIZE: 7.5
TEXT: 1 2
2026-08-21 17:24:46.590 | INFO     | app.worker:process_document:58 - 
BLOCK 16
TYPE: paragraph
HEADING: False
BOLD: False
NUMBERED: False
FONT SIZE: 10.14
TEXT: n = sample size (number of observations)
2026-08-21 17:24:46.590 | INFO     | app.worker:process_document:58 - 
BLOCK 17
TYPE: paragraph
HEADING: False
BOLD: False
NUMBERED: False
FONT SIZE: 10.0
TEXT: Pearson's linear correlation ( r )
2026-08-21 17:24:46.591 | INFO     | app.worker:process_document:58 - 
BLOCK 18
TYPE: paragraph
HEADING: False
BOLD: False
NUMBERED: False
FONT SIZE: 11.0
TEXT: / xy - nxy rr
2026-08-21 17:24:46.591 | INFO     | app.worker:process_document:58 - 
BLOCK 19
TYPE: paragraph
HEADING: False
BOLD: False
NUMBERED: False
FONT SIZE: 11.0
TEXT: Key to symbols:
2026-08-21 17:24:46.592 | INFO     | app.worker:process_document:58 - 
BLOCK 20
TYPE: paragraph
HEADING: False
BOLD: False
NUMBERED: False
FONT SIZE: 11.0
TEXT: r =
2026-08-21 17:24:46.592 | INFO     | app.worker:process_document:58 - 
BLOCK 21
TYPE: paragraph
HEADING: False
BOLD: False
NUMBERED: False
FONT SIZE: 11.0
TEXT: n - 1 s s
2026-08-21 17:24:46.593 | INFO     | app.worker:process_document:58 - 
BLOCK 22
TYPE: paragraph
HEADING: False
BOLD: False
NUMBERED: False
FONT SIZE: 10.33
TEXT: x , y = o bservations
2026-08-21 17:24:46.593 | INFO     | app.worker:process_document:58 - 
BLOCK 23
TYPE: paragraph
HEADING: False
BOLD: False
NUMBERED: False
FONT SIZE: 9.06
TEXT: ^ h x y
2026-08-21 17:24:46.594 | INFO     | app.worker:process_document:58 - 
BLOCK 24
TYPE: paragraph
HEADING: False
BOLD: False
NUMBERED: False
FONT SIZE: 10.57
TEXT: x r , y r = means
2026-08-21 17:24:46.594 | INFO     | app.worker:process_document:58 - 
BLOCK 25
TYPE: paragraph
HEADING: False
BOLD: False
NUMBERED: False
FONT SIZE: 10.14
TEXT: n = sample size (number of observations)
2026-08-21 17:24:46.595 | INFO     | app.worker:process_document:58 - 
BLOCK 26
TYPE: paragraph
HEADING: False
BOLD: False
NUMBERED: False
FONT SIZE: 10.2
TEXT: s = sample standard deviation
2026-08-21 17:24:46.595 | INFO     | app.worker:process_document:58 - 
BLOCK 27
TYPE: paragraph
HEADING: False
BOLD: False
NUMBERED: False
FONT SIZE: 10.0
TEXT: Spearman's rank correlation ( r )
2026-08-21 17:24:46.596 | INFO     | app.worker:process_document:58 - 
BLOCK 28
TYPE: paragraph
HEADING: False
BOLD: False
NUMBERED: False
FONT SIZE: 7.0
TEXT: s
2026-08-21 17:24:46.596 | INFO     | app.worker:process_document:58 - 
BLOCK 29
TYPE: paragraph
HEADING: False
BOLD: False
NUMBERED: False
FONT SIZE: 9.25
TEXT: 6 2
2026-08-21 17:24:46.597 | INFO     | app.worker:process_document:58 - 
BLOCK 30
TYPE: paragraph
HEADING: False
BOLD: False
NUMBERED: False
FONT SIZE: 10.67
TEXT: # / D Key to symbols:
2026-08-21 17:24:46.598 | INFO     | app.worker:process_document:58 - 
BLOCK 31
TYPE: paragraph
HEADING: False
BOLD: False
NUMBERED: False
FONT SIZE: 11.0
TEXT: 1
2026-08-21 17:24:46.598 | INFO     | app.worker:process_document:58 - 
BLOCK 32
TYPE: paragraph
HEADING: False
BOLD: False
NUMBERED: False
FONT SIZE: 11.0
TEXT: r = -
2026-08-21 17:24:46.602 | INFO     | app.worker:process_document:58 - 
BLOCK 33
TYPE: paragraph
HEADING: False
BOLD: False
NUMBERED: False
FONT SIZE: 7.5
TEXT: 3
2026-08-21 17:24:46.603 | INFO     | app.worker:process_document:58 - 
BLOCK 34
TYPE: paragraph
HEADING: False
BOLD: False
NUMBERED: False
FONT SIZE: 7.5
TEXT: s
2026-08-21 17:24:46.604 | INFO     | app.worker:process_document:58 - 
BLOCK 35
TYPE: paragraph
HEADING: False
BOLD: False
NUMBERED: False
FONT SIZE: 10.87
TEXT: f n - n p
2026-08-21 17:24:46.605 | INFO     | app.worker:process_document:58 - 
BLOCK 36
TYPE: paragraph
HEADING: False
BOLD: False
NUMBERED: False
FONT SIZE: 10.1
TEXT: D = difference in rank between each pair of measurements
2026-08-21 17:24:46.606 | INFO     | app.worker:process_document:58 - 
BLOCK 37
TYPE: paragraph
HEADING: False
BOLD: False
NUMBERED: False
FONT SIZE: 10.1
TEXT: n = number of pairs of items in the sample
2026-08-21 17:24:46.607 | INFO     | app.worker:process_document:58 - 
BLOCK 38
TYPE: paragraph
HEADING: False
BOLD: False
NUMBERED: False
FONT SIZE: 10.0
TEXT: Number of degrees of freedom for the chi-squared test and the t -test
2026-08-21 17:24:46.607 | INFO     | app.worker:process_document:58 - 
BLOCK 39
TYPE: paragraph
HEADING: False
BOLD: False
NUMBERED: False
FONT SIZE: 10.0
TEXT: In both the t -test and the chi-squared test, candidates are expected to know how to calculate the number of
2026-08-21 17:24:46.608 | INFO     | app.worker:process_document:58 - 
BLOCK 40
TYPE: paragraph
HEADING: False
BOLD: False
NUMBERED: False
FONT SIZE: 10.0
TEXT: degrees of freedom, without being provided with the formulae.
2026-08-21 17:24:46.608 | INFO     | app.worker:process_document:58 - 
BLOCK 41
TYPE: paragraph
HEADING: False
BOLD: True
NUMBERED: False
FONT SIZE: 10.08
TEXT: number of degrees of freedom ( v ) for the chi-squared test
2026-08-21 17:24:46.609 | INFO     | app.worker:process_document:58 - 
BLOCK 42
TYPE: paragraph
HEADING: False
BOLD: False
NUMBERED: False
FONT SIZE: 10.62
TEXT: v = c – 1 Key to symbols:
2026-08-21 17:24:46.610 | INFO     | app.worker:process_document:58 - 
BLOCK 43
TYPE: paragraph
HEADING: False
BOLD: False
NUMBERED: False
FONT SIZE: 10.2
TEXT: c = number of classes
2026-08-21 17:24:46.610 | INFO     | app.worker:process_document:58 - 
BLOCK 44
TYPE: paragraph
HEADING: False
BOLD: True
NUMBERED: False
FONT SIZE: 10.08
TEXT: number of degrees of freedom ( v ) for the t -test
2026-08-21 17:24:46.611 | INFO     | app.worker:process_document:58 - 
BLOCK 45
TYPE: paragraph
HEADING: False
BOLD: False
NUMBERED: False
FONT SIZE: 10.6
TEXT: v = n + n – 2 Key to symbols:
2026-08-21 17:24:46.611 | INFO     | app.worker:process_document:58 - 
BLOCK 46
TYPE: paragraph
HEADING: False
BOLD: False
NUMBERED: False
FONT SIZE: 7.0
TEXT: 1 2
2026-08-21 17:24:46.612 | INFO     | app.worker:process_document:58 - 
BLOCK 47
TYPE: paragraph
HEADING: False
BOLD: False
NUMBERED: False
FONT SIZE: 10.14
TEXT: n = sample size (number of observations)
2026-08-21 17:24:46.613 | INFO     | app.worker:process_document:58 - 
BLOCK 48
TYPE: paragraph
HEADING: False
BOLD: False
NUMBERED: False
FONT SIZE: 9.17
TEXT: Back to contents page www.cambridgeinternational.org/alevel 67
2026-08-21 17:24:46.613 | INFO     | app.worker:process_document:52 - 
PAGE 68 (39 blocks)
2026-08-21 17:24:46.613 | INFO     | app.worker:process_document:58 - 
BLOCK 0
TYPE: paragraph
HEADING: False
BOLD: False
NUMBERED: False
FONT SIZE: 9.0
TEXT: Cambridge International AS & A Level Biology 9700 syllabus for 2028, 2029 and 2030. Additional information
2026-08-21 17:24:46.614 | INFO     | app.worker:process_document:58 - 
BLOCK 1
TYPE: paragraph
HEADING: False
BOLD: False
NUMBERED: False
FONT SIZE: 16.0
TEXT: Notes on the use of statistics in Biology (A Level only)
2026-08-21 17:24:46.614 | INFO     | app.worker:process_document:58 - 
BLOCK 2
TYPE: paragraph
HEADING: False
BOLD: False
NUMBERED: False
FONT SIZE: 10.0
TEXT: Paper 4 and Paper 5 may include questions involving the use of descriptive statistics and the statistical
2026-08-21 17:24:46.615 | INFO     | app.worker:process_document:58 - 
BLOCK 3
TYPE: paragraph
HEADING: False
BOLD: False
NUMBERED: False
FONT SIZE: 10.0
TEXT: tests stated in the syllabus. Candidates will not be expected to carry out all the steps in calculations of
2026-08-21 17:24:46.619 | INFO     | app.worker:process_document:58 - 
BLOCK 4
TYPE: paragraph
HEADING: False
BOLD: False
NUMBERED: False
FONT SIZE: 10.0
TEXT: sample standard deviations , t- tests, Pearson’s linear correlation and Spearman’s rank correlation during an
2026-08-21 17:24:46.620 | INFO     | app.worker:process_document:58 - 
BLOCK 5
TYPE: paragraph
HEADING: False
BOLD: False
NUMBERED: False
FONT SIZE: 10.0
TEXT: examination, but they may be given partly completed calculations to finish.
2026-08-21 17:24:46.620 | INFO     | app.worker:process_document:58 - 
BLOCK 6
TYPE: paragraph
HEADING: False
BOLD: False
NUMBERED: False
FONT SIZE: 10.0
TEXT: Candidates are allowed to use electronic calculators in the examination, as long as they are permitted by the
2026-08-21 17:24:46.621 | INFO     | app.worker:process_document:58 - 
BLOCK 7
TYPE: paragraph
HEADING: False
BOLD: False
NUMBERED: False
FONT SIZE: 10.0
TEXT: Cambridge International general regulations.
2026-08-21 17:24:46.621 | INFO     | app.worker:process_document:58 - 
BLOCK 8
TYPE: paragraph
HEADING: False
BOLD: False
NUMBERED: False
FONT SIZE: 10.0
TEXT: The chi-squared test is used to test whether the difference between observed and expected frequencies of
2026-08-21 17:24:46.622 | INFO     | app.worker:process_document:58 - 
BLOCK 9
TYPE: paragraph
HEADING: False
BOLD: False
NUMBERED: False
FONT SIZE: 10.0
TEXT: nominal data is significant. The chi-squared test is commonly used in the context of evaluating the results of
2026-08-21 17:24:46.622 | INFO     | app.worker:process_document:58 - 
BLOCK 10
TYPE: paragraph
HEADING: False
BOLD: False
NUMBERED: False
FONT SIZE: 10.0
TEXT: breeding experiments and some forms of ecological sampling. Chi-squared tests will only be expected on one
2026-08-21 17:24:46.623 | INFO     | app.worker:process_document:58 - 
BLOCK 11
TYPE: paragraph
HEADING: False
BOLD: False
NUMBERED: False
FONT SIZE: 10.0
TEXT: row or one column of data.
2026-08-21 17:24:46.623 | INFO     | app.worker:process_document:58 - 
BLOCK 12
TYPE: paragraph
HEADING: False
BOLD: False
NUMBERED: False
FONT SIZE: 10.0
TEXT: The t -test is used to test for the significance of differences between two samples, each with continuous data,
2026-08-21 17:24:46.623 | INFO     | app.worker:process_document:58 - 
BLOCK 13
TYPE: paragraph
HEADING: False
BOLD: False
NUMBERED: False
FONT SIZE: 10.0
TEXT: including samples with fewer than 30 values. This test can be used if:
2026-08-21 17:24:46.624 | INFO     | app.worker:process_document:58 - 
BLOCK 14
TYPE: paragraph
HEADING: False
BOLD: False
NUMBERED: False
FONT SIZE: 10.0
TEXT: • continuous data have been collected
2026-08-21 17:24:46.625 | INFO     | app.worker:process_document:58 - 
BLOCK 15
TYPE: paragraph
HEADING: False
BOLD: False
NUMBERED: False
FONT SIZE: 10.0
TEXT: • the data are from populations that are normally distributed
2026-08-21 17:24:46.625 | INFO     | app.worker:process_document:58 - 
BLOCK 16
TYPE: paragraph
HEADING: False
BOLD: False
NUMBERED: False
FONT SIZE: 10.0
TEXT: • standard deviations are approximately the same.
2026-08-21 17:24:46.626 | INFO     | app.worker:process_document:58 - 
BLOCK 17
TYPE: paragraph
HEADING: False
BOLD: False
NUMBERED: False
FONT SIZE: 10.0
TEXT: Candidates should be able to use Pearson’s linear correlation to test for a correlation between two sets of
2026-08-21 17:24:46.626 | INFO     | app.worker:process_document:58 - 
BLOCK 18
TYPE: paragraph
HEADING: False
BOLD: False
NUMBERED: False
FONT SIZE: 10.0
TEXT: normally distributed data. The test can be used if:
2026-08-21 17:24:46.628 | INFO     | app.worker:process_document:58 - 
BLOCK 19
TYPE: paragraph
HEADING: False
BOLD: False
NUMBERED: False
FONT SIZE: 10.0
TEXT: • continuous data have been collected
2026-08-21 17:24:46.628 | INFO     | app.worker:process_document:58 - 
BLOCK 20
TYPE: paragraph
HEADING: False
BOLD: False
NUMBERED: False
FONT SIZE: 10.0
TEXT: • a scatter diagram indicates the possibility of a linear relationship
2026-08-21 17:24:46.629 | INFO     | app.worker:process_document:58 - 
BLOCK 21
TYPE: paragraph
HEADING: False
BOLD: False
NUMBERED: False
FONT SIZE: 10.0
TEXT: • the data are from a population that is normally distributed
2026-08-21 17:24:46.629 | INFO     | app.worker:process_document:58 - 
BLOCK 22
TYPE: paragraph
HEADING: False
BOLD: False
NUMBERED: False
FONT SIZE: 10.0
TEXT: • there are at least five paired observations, although ideally the number of paired observations should be ten
2026-08-21 17:24:46.630 | INFO     | app.worker:process_document:58 - 
BLOCK 23
TYPE: paragraph
HEADING: False
BOLD: False
NUMBERED: False
FONT SIZE: 10.0
TEXT: or more.
2026-08-21 17:24:46.630 | INFO     | app.worker:process_document:58 - 
BLOCK 24
TYPE: paragraph
HEADING: False
BOLD: False
NUMBERED: False
FONT SIZE: 10.0
TEXT: Spearman’s rank correlation is used to test for a correlation between two sets of data that are not
2026-08-21 17:24:46.631 | INFO     | app.worker:process_document:58 - 
BLOCK 25
TYPE: paragraph
HEADING: False
BOLD: False
NUMBERED: False
FONT SIZE: 10.0
TEXT: distributed normally. The test can be used if:
2026-08-21 17:24:46.633 | INFO     | app.worker:process_document:58 - 
BLOCK 26
TYPE: paragraph
HEADING: False
BOLD: False
NUMBERED: False
FONT SIZE: 10.0
TEXT: • data points within samples are independent of each other
2026-08-21 17:24:46.637 | INFO     | app.worker:process_document:58 - 
BLOCK 27
TYPE: paragraph
HEADING: False
BOLD: False
NUMBERED: False
FONT SIZE: 10.0
TEXT: • ordinal data have been collected or the data that have been collected can be converted to an ordinal scale
2026-08-21 17:24:46.640 | INFO     | app.worker:process_document:58 - 
BLOCK 28
TYPE: paragraph
HEADING: False
BOLD: False
NUMBERED: False
FONT SIZE: 10.0
TEXT: using ranking
2026-08-21 17:24:46.640 | INFO     | app.worker:process_document:58 - 
BLOCK 29
TYPE: paragraph
HEADING: False
BOLD: False
NUMBERED: False
FONT SIZE: 10.0
TEXT: • a scatter diagram indicates the possibility of an increasing or a decreasing relationship
2026-08-21 17:24:46.641 | INFO     | app.worker:process_document:58 - 
BLOCK 30
TYPE: paragraph
HEADING: False
BOLD: False
NUMBERED: False
FONT SIZE: 10.0
TEXT: • there are more than five paired observations, although ideally the number of paired observations should be
2026-08-21 17:24:46.641 | INFO     | app.worker:process_document:58 - 
BLOCK 31
TYPE: paragraph
HEADING: False
BOLD: False
NUMBERED: False
FONT SIZE: 10.0
TEXT: between 10 and 30
2026-08-21 17:24:46.641 | INFO     | app.worker:process_document:58 - 
BLOCK 32
TYPE: paragraph
HEADING: False
BOLD: False
NUMBERED: False
FONT SIZE: 10.0
TEXT: • all individuals were selected at random from a population and each individual had an equal chance of being
2026-08-21 17:24:46.642 | INFO     | app.worker:process_document:58 - 
BLOCK 33
TYPE: paragraph
HEADING: False
BOLD: False
NUMBERED: False
FONT SIZE: 10.0
TEXT: selected.
2026-08-21 17:24:46.642 | INFO     | app.worker:process_document:58 - 
BLOCK 34
TYPE: paragraph
HEADING: False
BOLD: False
NUMBERED: False
FONT SIZE: 10.0
TEXT: For both Pearson’s linear correlation and Spearman’s rank correlation, candidates should know that
2026-08-21 17:24:46.643 | INFO     | app.worker:process_document:58 - 
BLOCK 35
TYPE: paragraph
HEADING: False
BOLD: False
NUMBERED: False
FONT SIZE: 10.0
TEXT: correlations exist between –1 (perfect negative correlation), 0 (no correlation) and +1 (perfect positive
2026-08-21 17:24:46.643 | INFO     | app.worker:process_document:58 - 
BLOCK 36
TYPE: paragraph
HEADING: False
BOLD: False
NUMBERED: False
FONT SIZE: 10.0
TEXT: correlation).
2026-08-21 17:24:46.643 | INFO     | app.worker:process_document:58 - 
BLOCK 37
TYPE: paragraph
HEADING: False
BOLD: False
NUMBERED: False
FONT SIZE: 10.0
TEXT: These statistical methods are dealt with fully in many textbooks and websites on statistics for biology.
2026-08-21 17:24:46.644 | INFO     | app.worker:process_document:58 - 
BLOCK 38
TYPE: paragraph
HEADING: False
BOLD: False
NUMBERED: False
FONT SIZE: 9.17
TEXT: Back to contents page www.cambridgeinternational.org/alevel 68
2026-08-21 17:24:46.646 | INFO     | app.worker:process_document:52 - 
PAGE 69 (34 blocks)
2026-08-21 17:24:46.646 | INFO     | app.worker:process_document:58 - 
BLOCK 0
TYPE: paragraph
HEADING: False
BOLD: False
NUMBERED: False
FONT SIZE: 9.0
TEXT: Cambridge International AS & A Level Biology 9700 syllabus for 2028, 2029 and 2030.
2026-08-21 17:24:46.647 | INFO     | app.worker:process_document:58 - 
BLOCK 1
TYPE: heading
HEADING: True
BOLD: False
NUMBERED: True
FONT SIZE: 18.0
TEXT: 7 What else you need to know
2026-08-21 17:24:46.647 | INFO     | app.worker:process_document:58 - 
BLOCK 2
TYPE: paragraph
HEADING: False
BOLD: False
NUMBERED: False
FONT SIZE: 10.0
TEXT: This section is an overview of other information you need to know about this syllabus. It will help to share the
2026-08-21 17:24:46.648 | INFO     | app.worker:process_document:58 - 
BLOCK 3
TYPE: paragraph
HEADING: False
BOLD: False
NUMBERED: False
FONT SIZE: 10.0
TEXT: administrative information with your exams officer so they know when you will need their support. Find more
2026-08-21 17:24:46.650 | INFO     | app.worker:process_document:58 - 
BLOCK 4
TYPE: paragraph
HEADING: False
BOLD: False
NUMBERED: False
FONT SIZE: 10.0
TEXT: information about our administrative processes at www.cambridgeinternational.org/eoguide
2026-08-21 17:24:46.653 | INFO     | app.worker:process_document:58 - 
BLOCK 5
TYPE: paragraph
HEADING: False
BOLD: False
NUMBERED: False
FONT SIZE: 16.0
TEXT: Before you start
2026-08-21 17:24:46.654 | INFO     | app.worker:process_document:58 - 
BLOCK 6
TYPE: paragraph
HEADING: False
BOLD: False
NUMBERED: False
FONT SIZE: 13.0
TEXT: Previous study
2026-08-21 17:24:46.655 | INFO     | app.worker:process_document:58 - 
BLOCK 7
TYPE: paragraph
HEADING: False
BOLD: False
NUMBERED: False
FONT SIZE: 10.0
TEXT: We recommend that learners starting this course should have completed a course in Biology or Co-ordinated
2026-08-21 17:24:46.655 | INFO     | app.worker:process_document:58 - 
BLOCK 8
TYPE: paragraph
HEADING: False
BOLD: False
NUMBERED: False
FONT SIZE: 7.0
TEXT: ™
2026-08-21 17:24:46.656 | INFO     | app.worker:process_document:58 - 
BLOCK 9
TYPE: paragraph
HEADING: False
BOLD: False
NUMBERED: False
FONT SIZE: 10.0
TEXT: Sciences equivalent to Cambridge IGCSE or Cambridge O Level.
2026-08-21 17:24:46.656 | INFO     | app.worker:process_document:58 - 
BLOCK 10
TYPE: paragraph
HEADING: False
BOLD: False
NUMBERED: False
FONT SIZE: 13.0
TEXT: Guided learning hours
2026-08-21 17:24:46.657 | INFO     | app.worker:process_document:58 - 
BLOCK 11
TYPE: paragraph
HEADING: False
BOLD: False
NUMBERED: False
FONT SIZE: 10.0
TEXT: We design Cambridge International AS & A Level syllabuses to require about 180 guided learning hours for
2026-08-21 17:24:46.657 | INFO     | app.worker:process_document:58 - 
BLOCK 12
TYPE: paragraph
HEADING: False
BOLD: False
NUMBERED: False
FONT SIZE: 10.0
TEXT: each Cambridge International AS Level and about 360 guided learning hours for a Cambridge International
2026-08-21 17:24:46.658 | INFO     | app.worker:process_document:58 - 
BLOCK 13
TYPE: paragraph
HEADING: False
BOLD: False
NUMBERED: False
FONT SIZE: 10.0
TEXT: A Level. The number of hours a learner needs to achieve the qualification may vary according to each school
2026-08-21 17:24:46.658 | INFO     | app.worker:process_document:58 - 
BLOCK 14
TYPE: paragraph
HEADING: False
BOLD: False
NUMBERED: False
FONT SIZE: 10.0
TEXT: and the learners’ previous experience of the subject.
2026-08-21 17:24:46.658 | INFO     | app.worker:process_document:58 - 
BLOCK 15
TYPE: paragraph
HEADING: False
BOLD: False
NUMBERED: False
FONT SIZE: 13.0
TEXT: Availability and timetables
2026-08-21 17:24:46.659 | INFO     | app.worker:process_document:58 - 
BLOCK 16
TYPE: paragraph
HEADING: False
BOLD: False
NUMBERED: False
FONT SIZE: 10.0
TEXT: All Cambridge schools are allocated to one of six administrative zones. Each zone has a specific timetable.
2026-08-21 17:24:46.659 | INFO     | app.worker:process_document:58 - 
BLOCK 17
TYPE: paragraph
HEADING: False
BOLD: False
NUMBERED: False
FONT SIZE: 10.0
TEXT: Find your administrative zone at www.cambridgeinternational.org/adminzone
2026-08-21 17:24:46.661 | INFO     | app.worker:process_document:58 - 
BLOCK 18
TYPE: paragraph
HEADING: False
BOLD: False
NUMBERED: False
FONT SIZE: 10.0
TEXT: You can view the timetable for your administrative zone at www.cambridgeinternational.org/timetables
2026-08-21 17:24:46.662 | INFO     | app.worker:process_document:58 - 
BLOCK 19
TYPE: paragraph
HEADING: False
BOLD: False
NUMBERED: False
FONT SIZE: 10.0
TEXT: You can enter candidates in the June and November exam series. If your school is in India, you can also enter
2026-08-21 17:24:46.663 | INFO     | app.worker:process_document:58 - 
BLOCK 20
TYPE: paragraph
HEADING: False
BOLD: False
NUMBERED: False
FONT SIZE: 10.0
TEXT: your candidates in the March exam series.
2026-08-21 17:24:46.663 | INFO     | app.worker:process_document:58 - 
BLOCK 21
TYPE: paragraph
HEADING: False
BOLD: False
NUMBERED: False
FONT SIZE: 10.0
TEXT: Check you are using the syllabus for the year the candidate is taking the exam.
2026-08-21 17:24:46.664 | INFO     | app.worker:process_document:58 - 
BLOCK 22
TYPE: paragraph
HEADING: False
BOLD: False
NUMBERED: False
FONT SIZE: 10.0
TEXT: Private candidates can enter for this syllabus. For more information, please refer to the Cambridge Guide to
2026-08-21 17:24:46.664 | INFO     | app.worker:process_document:58 - 
BLOCK 23
TYPE: paragraph
HEADING: False
BOLD: False
NUMBERED: False
FONT SIZE: 10.0
TEXT: Making Entries .
2026-08-21 17:24:46.667 | INFO     | app.worker:process_document:58 - 
BLOCK 24
TYPE: paragraph
HEADING: False
BOLD: False
NUMBERED: False
FONT SIZE: 13.0
TEXT: Combining with other syllabuses
2026-08-21 17:24:46.670 | INFO     | app.worker:process_document:58 - 
BLOCK 25
TYPE: paragraph
HEADING: False
BOLD: False
NUMBERED: False
FONT SIZE: 10.0
TEXT: Candidates can take this syllabus alongside other Cambridge International syllabuses in a single exam series.
2026-08-21 17:24:46.671 | INFO     | app.worker:process_document:58 - 
BLOCK 26
TYPE: paragraph
HEADING: False
BOLD: False
NUMBERED: False
FONT SIZE: 10.0
TEXT: The only exceptions are:
2026-08-21 17:24:46.671 | INFO     | app.worker:process_document:58 - 
BLOCK 27
TYPE: paragraph
HEADING: False
BOLD: False
NUMBERED: False
FONT SIZE: 10.0
TEXT: • syllabuses with the same title at the same level.
2026-08-21 17:24:46.673 | INFO     | app.worker:process_document:58 - 
BLOCK 28
TYPE: paragraph
HEADING: False
BOLD: False
NUMBERED: False
FONT SIZE: 13.0
TEXT: Group awards: Cambridge AICE Diploma
2026-08-21 17:24:46.673 | INFO     | app.worker:process_document:58 - 
BLOCK 29
TYPE: paragraph
HEADING: False
BOLD: False
NUMBERED: False
FONT SIZE: 10.0
TEXT: Cambridge AICE Diploma (Advanced International Certificate of Education) is a group award for Cambridge
2026-08-21 17:24:46.674 | INFO     | app.worker:process_document:58 - 
BLOCK 30
TYPE: paragraph
HEADING: False
BOLD: False
NUMBERED: False
FONT SIZE: 10.0
TEXT: International AS & A Level. It encourages schools to offer a broad and balanced curriculum by recognising the
2026-08-21 17:24:46.674 | INFO     | app.worker:process_document:58 - 
BLOCK 31
TYPE: paragraph
HEADING: False
BOLD: False
NUMBERED: False
FONT SIZE: 10.0
TEXT: achievements of learners who pass exams in a range of different subjects.
2026-08-21 17:24:46.675 | INFO     | app.worker:process_document:58 - 
BLOCK 32
TYPE: paragraph
HEADING: False
BOLD: False
NUMBERED: False
FONT SIZE: 10.0
TEXT: Learn more about Cambridge AICE Diploma at www.cambridgeinternational.org/aice
2026-08-21 17:24:46.675 | INFO     | app.worker:process_document:58 - 
BLOCK 33
TYPE: paragraph
HEADING: False
BOLD: False
NUMBERED: False
FONT SIZE: 9.17
TEXT: Back to contents page www.cambridgeinternational.org/alevel 69
2026-08-21 17:24:46.675 | INFO     | app.worker:process_document:52 - 
PAGE 70 (31 blocks)
2026-08-21 17:24:46.676 | INFO     | app.worker:process_document:58 - 
BLOCK 0
TYPE: paragraph
HEADING: False
BOLD: False
NUMBERED: False
FONT SIZE: 9.0
TEXT: Cambridge International AS & A Level Biology 9700 syllabus for 2028, 2029 and 2030. What else you need to know
2026-08-21 17:24:46.676 | INFO     | app.worker:process_document:58 - 
BLOCK 1
TYPE: paragraph
HEADING: False
BOLD: False
NUMBERED: False
FONT SIZE: 16.0
TEXT: Making entries
2026-08-21 17:24:46.677 | INFO     | app.worker:process_document:58 - 
BLOCK 2
TYPE: paragraph
HEADING: False
BOLD: False
NUMBERED: False
FONT SIZE: 10.0
TEXT: Exams officers are responsible for submitting entries. We encourage them to work closely with you to make
2026-08-21 17:24:46.678 | INFO     | app.worker:process_document:58 - 
BLOCK 3
TYPE: paragraph
HEADING: False
BOLD: False
NUMBERED: False
FONT SIZE: 10.0
TEXT: sure they enter the right number of candidates for the right combination of syllabus components. Entry option
2026-08-21 17:24:46.679 | INFO     | app.worker:process_document:58 - 
BLOCK 4
TYPE: paragraph
HEADING: False
BOLD: False
NUMBERED: False
FONT SIZE: 10.0
TEXT: codes and instructions for submitting entries are in the Cambridge Guide to Making Entries . Your exams officer
2026-08-21 17:24:46.679 | INFO     | app.worker:process_document:58 - 
BLOCK 5
TYPE: paragraph
HEADING: False
BOLD: False
NUMBERED: False
FONT SIZE: 10.0
TEXT: has access to this guide.
2026-08-21 17:24:46.680 | INFO     | app.worker:process_document:58 - 
BLOCK 6
TYPE: paragraph
HEADING: False
BOLD: False
NUMBERED: False
FONT SIZE: 13.0
TEXT: Exam administration
2026-08-21 17:24:46.680 | INFO     | app.worker:process_document:58 - 
BLOCK 7
TYPE: paragraph
HEADING: False
BOLD: False
NUMBERED: False
FONT SIZE: 10.0
TEXT: To keep our exams secure, we produce question papers for different areas of the world, known as
2026-08-21 17:24:46.680 | INFO     | app.worker:process_document:58 - 
BLOCK 8
TYPE: paragraph
HEADING: False
BOLD: False
NUMBERED: False
FONT SIZE: 10.0
TEXT: administrative zones. We allocate all Cambridge schools to an administrative zone determined by their location.
2026-08-21 17:24:46.681 | INFO     | app.worker:process_document:58 - 
BLOCK 9
TYPE: paragraph
HEADING: False
BOLD: False
NUMBERED: False
FONT SIZE: 10.0
TEXT: Each zone has a specific timetable.
2026-08-21 17:24:46.681 | INFO     | app.worker:process_document:58 - 
BLOCK 10
TYPE: paragraph
HEADING: False
BOLD: False
NUMBERED: False
FONT SIZE: 10.0
TEXT: Some of our syllabuses offer candidates different assessment options. An entry option code is used to identify
2026-08-21 17:24:46.685 | INFO     | app.worker:process_document:58 - 
BLOCK 11
TYPE: paragraph
HEADING: False
BOLD: False
NUMBERED: False
FONT SIZE: 10.0
TEXT: the components the candidate will take relevant to the administrative zone and the available assessment
2026-08-21 17:24:46.687 | INFO     | app.worker:process_document:58 - 
BLOCK 12
TYPE: paragraph
HEADING: False
BOLD: False
NUMBERED: False
FONT SIZE: 10.0
TEXT: options.
2026-08-21 17:24:46.688 | INFO     | app.worker:process_document:58 - 
BLOCK 13
TYPE: paragraph
HEADING: False
BOLD: False
NUMBERED: False
FONT SIZE: 13.0
TEXT: Support for exams officers
2026-08-21 17:24:46.688 | INFO     | app.worker:process_document:58 - 
BLOCK 14
TYPE: paragraph
HEADING: False
BOLD: False
NUMBERED: False
FONT SIZE: 10.0
TEXT: We know how important exams officers are to the successful running of exams. We provide them with the
2026-08-21 17:24:46.689 | INFO     | app.worker:process_document:58 - 
BLOCK 15
TYPE: paragraph
HEADING: False
BOLD: False
NUMBERED: False
FONT SIZE: 10.0
TEXT: support they need to make entries on time. Your exams officer will find this support, and guidance for all other
2026-08-21 17:24:46.689 | INFO     | app.worker:process_document:58 - 
BLOCK 16
TYPE: paragraph
HEADING: False
BOLD: False
NUMBERED: False
FONT SIZE: 10.0
TEXT: phases of the Cambridge Exams Cycle, at www.cambridgeinternational.org/eoguide
2026-08-21 17:24:46.690 | INFO     | app.worker:process_document:58 - 
BLOCK 17
TYPE: paragraph
HEADING: False
BOLD: False
NUMBERED: False
FONT SIZE: 13.0
TEXT: Retakes and carrying forward marks
2026-08-21 17:24:46.690 | INFO     | app.worker:process_document:58 - 
BLOCK 18
TYPE: paragraph
HEADING: False
BOLD: False
NUMBERED: False
FONT SIZE: 10.0
TEXT: Candidates can retake Cambridge International AS Level and Cambridge International A Level as many times
2026-08-21 17:24:46.691 | INFO     | app.worker:process_document:58 - 
BLOCK 19
TYPE: paragraph
HEADING: False
BOLD: False
NUMBERED: False
FONT SIZE: 10.0
TEXT: as they want to.
2026-08-21 17:24:46.691 | INFO     | app.worker:process_document:58 - 
BLOCK 20
TYPE: paragraph
HEADING: False
BOLD: False
NUMBERED: False
FONT SIZE: 10.0
TEXT: Learn more about retake entries, including definitions and information on entry deadlines, at
2026-08-21 17:24:46.694 | INFO     | app.worker:process_document:58 - 
BLOCK 21
TYPE: paragraph
HEADING: False
BOLD: False
NUMBERED: False
FONT SIZE: 10.0
TEXT: www.cambridgeinternational.org/retakes
2026-08-21 17:24:46.695 | INFO     | app.worker:process_document:58 - 
BLOCK 22
TYPE: paragraph
HEADING: False
BOLD: False
NUMBERED: False
FONT SIZE: 10.0
TEXT: Candidates can carry forward their Cambridge International AS Level marks from one series to complete their
2026-08-21 17:24:46.695 | INFO     | app.worker:process_document:58 - 
BLOCK 23
TYPE: paragraph
HEADING: False
BOLD: False
NUMBERED: False
FONT SIZE: 10.0
TEXT: Cambridge International A Level in a following series. The rules, time limits and regulations for carry-forward
2026-08-21 17:24:46.696 | INFO     | app.worker:process_document:58 - 
BLOCK 24
TYPE: paragraph
HEADING: False
BOLD: False
NUMBERED: False
FONT SIZE: 10.0
TEXT: entries can be found in the Cambridge Handbook for the relevant year of assessment and the Carry-forward
2026-08-21 17:24:46.696 | INFO     | app.worker:process_document:58 - 
BLOCK 25
TYPE: paragraph
HEADING: False
BOLD: False
NUMBERED: False
FONT SIZE: 10.0
TEXT: regulations supplement at www.cambridgeinternational.org/eoguide
2026-08-21 17:24:46.697 | INFO     | app.worker:process_document:58 - 
BLOCK 26
TYPE: paragraph
HEADING: False
BOLD: False
NUMBERED: False
FONT SIZE: 10.0
TEXT: To confirm what entry options are available for this syllabus, refer to the Cambridge Guide to Making Entries for
2026-08-21 17:24:46.697 | INFO     | app.worker:process_document:58 - 
BLOCK 27
TYPE: paragraph
HEADING: False
BOLD: False
NUMBERED: False
FONT SIZE: 10.0
TEXT: the relevant series.
2026-08-21 17:24:46.698 | INFO     | app.worker:process_document:58 - 
BLOCK 28
TYPE: paragraph
HEADING: False
BOLD: False
NUMBERED: False
FONT SIZE: 13.0
TEXT: Language
2026-08-21 17:24:46.700 | INFO     | app.worker:process_document:58 - 
BLOCK 29
TYPE: paragraph
HEADING: False
BOLD: False
NUMBERED: False
FONT SIZE: 10.0
TEXT: This syllabus and the related assessment materials are available in English only.
2026-08-21 17:24:46.701 | INFO     | app.worker:process_document:58 - 
BLOCK 30
TYPE: paragraph
HEADING: False
BOLD: False
NUMBERED: False
FONT SIZE: 9.17
TEXT: Back to contents page www.cambridgeinternational.org/alevel 70
2026-08-21 17:24:46.704 | INFO     | app.worker:process_document:52 - 
PAGE 71 (31 blocks)
2026-08-21 17:24:46.704 | INFO     | app.worker:process_document:58 - 
BLOCK 0
TYPE: paragraph
HEADING: False
BOLD: False
NUMBERED: False
FONT SIZE: 9.0
TEXT: Cambridge International AS & A Level Biology 9700 syllabus for 2028, 2029 and 2030. What else you need to know
2026-08-21 17:24:46.705 | INFO     | app.worker:process_document:58 - 
BLOCK 1
TYPE: paragraph
HEADING: False
BOLD: False
NUMBERED: False
FONT SIZE: 16.0
TEXT: Accessibility and equality
2026-08-21 17:24:46.706 | INFO     | app.worker:process_document:58 - 
BLOCK 2
TYPE: paragraph
HEADING: False
BOLD: False
NUMBERED: False
FONT SIZE: 13.0
TEXT: Syllabus and assessment design
2026-08-21 17:24:46.706 | INFO     | app.worker:process_document:58 - 
BLOCK 3
TYPE: paragraph
HEADING: False
BOLD: False
NUMBERED: False
FONT SIZE: 10.0
TEXT: At Cambridge we recognise that our candidates have highly diverse socio-economic, cultural and linguistic
2026-08-21 17:24:46.707 | INFO     | app.worker:process_document:58 - 
BLOCK 4
TYPE: paragraph
HEADING: False
BOLD: False
NUMBERED: False
FONT SIZE: 10.0
TEXT: backgrounds, and may also have a variety of protected characteristics. Protected characteristics include special
2026-08-21 17:24:46.707 | INFO     | app.worker:process_document:58 - 
BLOCK 5
TYPE: paragraph
HEADING: False
BOLD: False
NUMBERED: False
FONT SIZE: 10.0
TEXT: educational needs and disability (SEND), religion and belief, and characteristics related to gender and identity.
2026-08-21 17:24:46.708 | INFO     | app.worker:process_document:58 - 
BLOCK 6
TYPE: paragraph
HEADING: False
BOLD: False
NUMBERED: False
FONT SIZE: 10.0
TEXT: We follow accessible design principles to make our syllabuses and assessment materials as accessible and
2026-08-21 17:24:46.708 | INFO     | app.worker:process_document:58 - 
BLOCK 7
TYPE: paragraph
HEADING: False
BOLD: False
NUMBERED: False
FONT SIZE: 10.0
TEXT: inclusive as possible. We review language accessibility, visual resources, question layout and the contexts
2026-08-21 17:24:46.709 | INFO     | app.worker:process_document:58 - 
BLOCK 8
TYPE: paragraph
HEADING: False
BOLD: False
NUMBERED: False
FONT SIZE: 10.0
TEXT: used in questions. Using this approach means that we give all candidates the fairest possible opportunity to
2026-08-21 17:24:46.709 | INFO     | app.worker:process_document:58 - 
BLOCK 9
TYPE: paragraph
HEADING: False
BOLD: False
NUMBERED: False
FONT SIZE: 10.0
TEXT: demonstrate their knowledge, skills and understanding.
2026-08-21 17:24:46.710 | INFO     | app.worker:process_document:58 - 
BLOCK 10
TYPE: paragraph
HEADING: False
BOLD: False
NUMBERED: False
FONT SIZE: 13.0
TEXT: Access arrangements
2026-08-21 17:24:46.710 | INFO     | app.worker:process_document:58 - 
BLOCK 11
TYPE: paragraph
HEADING: False
BOLD: False
NUMBERED: False
FONT SIZE: 10.0
TEXT: Our design principles aim to make sure our assessment materials are accessible for all candidates. To further
2026-08-21 17:24:46.711 | INFO     | app.worker:process_document:58 - 
BLOCK 12
TYPE: paragraph
HEADING: False
BOLD: False
NUMBERED: False
FONT SIZE: 10.0
TEXT: minimise barriers faced by candidates with SEND, illness or injury, we offer a range of access arrangements
2026-08-21 17:24:46.711 | INFO     | app.worker:process_document:58 - 
BLOCK 13
TYPE: paragraph
HEADING: False
BOLD: False
NUMBERED: False
FONT SIZE: 10.0
TEXT: and modified papers. This is the principal way in which we comply with our duty to make ‘reasonable
2026-08-21 17:24:46.712 | INFO     | app.worker:process_document:58 - 
BLOCK 14
TYPE: paragraph
HEADING: False
BOLD: False
NUMBERED: False
FONT SIZE: 10.0
TEXT: adjustments’, as guided by the UK Equality Act 2010.
2026-08-21 17:24:46.713 | INFO     | app.worker:process_document:58 - 
BLOCK 15
TYPE: paragraph
HEADING: False
BOLD: False
NUMBERED: False
FONT SIZE: 11.0
TEXT: Important:
2026-08-21 17:24:46.713 | INFO     | app.worker:process_document:58 - 
BLOCK 16
TYPE: paragraph
HEADING: False
BOLD: False
NUMBERED: False
FONT SIZE: 10.0
TEXT: Requested access arrangements should be based on evidence of the candidate’s barrier to taking an
2026-08-21 17:24:46.713 | INFO     | app.worker:process_document:58 - 
BLOCK 17
TYPE: paragraph
HEADING: False
BOLD: False
NUMBERED: False
FONT SIZE: 10.0
TEXT: assessment and should also reflect their normal way of working. For Cambridge to approve an access
2026-08-21 17:24:46.714 | INFO     | app.worker:process_document:58 - 
BLOCK 18
TYPE: paragraph
HEADING: False
BOLD: False
NUMBERED: False
FONT SIZE: 10.0
TEXT: arrangement, we need to agree that it constitutes a reasonable adjustment and does not affect the
2026-08-21 17:24:46.714 | INFO     | app.worker:process_document:58 - 
BLOCK 19
TYPE: paragraph
HEADING: False
BOLD: False
NUMBERED: False
FONT SIZE: 10.0
TEXT: security or integrity of the assessment. This is explained in section 1.3 of the Cambridge Handbook
2026-08-21 17:24:46.715 | INFO     | app.worker:process_document:58 - 
BLOCK 20
TYPE: paragraph
HEADING: False
BOLD: False
NUMBERED: False
FONT SIZE: 10.0
TEXT: www.cambridgeinternational.org/eoguide
2026-08-21 17:24:46.719 | INFO     | app.worker:process_document:58 - 
BLOCK 21
TYPE: paragraph
HEADING: False
BOLD: False
NUMBERED: False
FONT SIZE: 11.0
TEXT: Applying for access arrangements
2026-08-21 17:24:46.720 | INFO     | app.worker:process_document:58 - 
BLOCK 22
TYPE: paragraph
HEADING: False
BOLD: False
NUMBERED: False
FONT SIZE: 10.0
TEXT: • Details of our standard access arrangements and modified question papers are available in section 1.3 of
2026-08-21 17:24:46.720 | INFO     | app.worker:process_document:58 - 
BLOCK 23
TYPE: paragraph
HEADING: False
BOLD: False
NUMBERED: False
FONT SIZE: 10.0
TEXT: the Cambridge Handbook www.cambridgeinternational.org/eoguide
2026-08-21 17:24:46.721 | INFO     | app.worker:process_document:58 - 
BLOCK 24
TYPE: paragraph
HEADING: False
BOLD: False
NUMBERED: False
FONT SIZE: 10.0
TEXT: • Centres are expected to check the availability of access arrangements and modified question papers at
2026-08-21 17:24:46.722 | INFO     | app.worker:process_document:58 - 
BLOCK 25
TYPE: paragraph
HEADING: False
BOLD: False
NUMBERED: False
FONT SIZE: 10.0
TEXT: the start of the course. Check the Cambridge Handbook , the assessment objectives listed in the syllabus
2026-08-21 17:24:46.722 | INFO     | app.worker:process_document:58 - 
BLOCK 26
TYPE: paragraph
HEADING: False
BOLD: False
NUMBERED: False
FONT SIZE: 10.0
TEXT: document and, where applicable, any access arrangement restrictions listed in the syllabus document.
2026-08-21 17:24:46.723 | INFO     | app.worker:process_document:58 - 
BLOCK 27
TYPE: paragraph
HEADING: False
BOLD: False
NUMBERED: False
FONT SIZE: 10.0
TEXT: • Contact us at the start of the course to find out if we can approve an access arrangement that is not listed
2026-08-21 17:24:46.723 | INFO     | app.worker:process_document:58 - 
BLOCK 28
TYPE: paragraph
HEADING: False
BOLD: False
NUMBERED: False
FONT SIZE: 10.0
TEXT: in the Cambridge Handbook .
2026-08-21 17:24:46.723 | INFO     | app.worker:process_document:58 - 
BLOCK 29
TYPE: paragraph
HEADING: False
BOLD: False
NUMBERED: False
FONT SIZE: 10.0
TEXT: • All applications should be made by the deadlines published in the Cambridge Handbook .
2026-08-21 17:24:46.724 | INFO     | app.worker:process_document:58 - 
BLOCK 30
TYPE: paragraph
HEADING: False
BOLD: False
NUMBERED: False
FONT SIZE: 9.17
TEXT: Back to contents page www.cambridgeinternational.org/alevel 71
2026-08-21 17:24:46.724 | INFO     | app.worker:process_document:52 - 
PAGE 72 (28 blocks)
2026-08-21 17:24:46.725 | INFO     | app.worker:process_document:58 - 
BLOCK 0
TYPE: paragraph
HEADING: False
BOLD: False
NUMBERED: False
FONT SIZE: 9.0
TEXT: Cambridge International AS & A Level Biology 9700 syllabus for 2028, 2029 and 2030. What else you need to know
2026-08-21 17:24:46.725 | INFO     | app.worker:process_document:58 - 
BLOCK 1
TYPE: paragraph
HEADING: False
BOLD: False
NUMBERED: False
FONT SIZE: 16.0
TEXT: After the exam
2026-08-21 17:24:46.726 | INFO     | app.worker:process_document:58 - 
BLOCK 2
TYPE: paragraph
HEADING: False
BOLD: False
NUMBERED: False
FONT SIZE: 13.0
TEXT: Grading and reporting
2026-08-21 17:24:46.726 | INFO     | app.worker:process_document:58 - 
BLOCK 3
TYPE: paragraph
HEADING: False
BOLD: False
NUMBERED: False
FONT SIZE: 10.0
TEXT: Grades a, b, c, d or e indicate the standard a candidate achieved at Cambridge International AS Level. ‘a’ is the
2026-08-21 17:24:46.727 | INFO     | app.worker:process_document:58 - 
BLOCK 4
TYPE: paragraph
HEADING: False
BOLD: False
NUMBERED: False
FONT SIZE: 10.0
TEXT: highest and ‘e’ is the lowest grade.
2026-08-21 17:24:46.728 | INFO     | app.worker:process_document:58 - 
BLOCK 5
TYPE: paragraph
HEADING: False
BOLD: False
NUMBERED: False
FONT SIZE: 10.0
TEXT: Grades A*, A, B, C, D or E indicate the standard a candidate achieved at Cambridge International A Level. A* is
2026-08-21 17:24:46.728 | INFO     | app.worker:process_document:58 - 
BLOCK 6
TYPE: paragraph
HEADING: False
BOLD: False
NUMBERED: False
FONT SIZE: 10.0
TEXT: the highest and E is the lowest grade.
2026-08-21 17:24:46.729 | INFO     | app.worker:process_document:58 - 
BLOCK 7
TYPE: paragraph
HEADING: False
BOLD: False
NUMBERED: False
FONT SIZE: 10.0
TEXT: ‘Ungraded’ means that the candidate’s performance did not meet the standard required for the lowest grade
2026-08-21 17:24:46.729 | INFO     | app.worker:process_document:58 - 
BLOCK 8
TYPE: paragraph
HEADING: False
BOLD: False
NUMBERED: False
FONT SIZE: 10.0
TEXT: (E or e). ‘Ungraded’ is reported on the statement of results but not on the certificate. In specific circumstances
2026-08-21 17:24:46.730 | INFO     | app.worker:process_document:58 - 
BLOCK 9
TYPE: paragraph
HEADING: False
BOLD: False
NUMBERED: False
FONT SIZE: 10.0
TEXT: your candidates may see one of the following letters on their statement of results:
2026-08-21 17:24:46.730 | INFO     | app.worker:process_document:58 - 
BLOCK 10
TYPE: paragraph
HEADING: False
BOLD: False
NUMBERED: False
FONT SIZE: 10.0
TEXT: • Q (PENDING)
2026-08-21 17:24:46.731 | INFO     | app.worker:process_document:58 - 
BLOCK 11
TYPE: paragraph
HEADING: False
BOLD: False
NUMBERED: False
FONT SIZE: 10.0
TEXT: • X (NO RESULT).
2026-08-21 17:24:46.731 | INFO     | app.worker:process_document:58 - 
BLOCK 12
TYPE: paragraph
HEADING: False
BOLD: False
NUMBERED: False
FONT SIZE: 10.0
TEXT: These letters do not appear on the certificate.
2026-08-21 17:24:46.737 | INFO     | app.worker:process_document:58 - 
BLOCK 13
TYPE: paragraph
HEADING: False
BOLD: False
NUMBERED: False
FONT SIZE: 10.0
TEXT: If a candidate takes a Cambridge International A Level and fails to achieve grade E or higher, a Cambridge
2026-08-21 17:24:46.738 | INFO     | app.worker:process_document:58 - 
BLOCK 14
TYPE: paragraph
HEADING: False
BOLD: False
NUMBERED: False
FONT SIZE: 10.0
TEXT: International AS Level grade will be awarded if both of the following apply:
2026-08-21 17:24:46.739 | INFO     | app.worker:process_document:58 - 
BLOCK 15
TYPE: paragraph
HEADING: False
BOLD: False
NUMBERED: False
FONT SIZE: 10.0
TEXT: • the components taken for the Cambridge International A Level by the candidate in that series included all
2026-08-21 17:24:46.740 | INFO     | app.worker:process_document:58 - 
BLOCK 16
TYPE: paragraph
HEADING: False
BOLD: False
NUMBERED: False
FONT SIZE: 10.0
TEXT: the components making up a Cambridge International AS Level
2026-08-21 17:24:46.740 | INFO     | app.worker:process_document:58 - 
BLOCK 17
TYPE: paragraph
HEADING: False
BOLD: False
NUMBERED: False
FONT SIZE: 10.0
TEXT: • the candidate’s performance on the AS Level components was sufficient to merit the award of a Cambridge
2026-08-21 17:24:46.741 | INFO     | app.worker:process_document:58 - 
BLOCK 18
TYPE: paragraph
HEADING: False
BOLD: False
NUMBERED: False
FONT SIZE: 10.0
TEXT: International AS Level grade.
2026-08-21 17:24:46.741 | INFO     | app.worker:process_document:58 - 
BLOCK 19
TYPE: paragraph
HEADING: False
BOLD: False
NUMBERED: False
FONT SIZE: 10.0
TEXT: On the statement of results, Cambridge International AS & A Levels are shown as General Certificates of
2026-08-21 17:24:46.742 | INFO     | app.worker:process_document:58 - 
BLOCK 20
TYPE: paragraph
HEADING: False
BOLD: False
NUMBERED: False
FONT SIZE: 10.0
TEXT: Education Advanced Subsidiary Level and Advanced Level, GCE Advanced Subsidiary Level (GCE AS Level)
2026-08-21 17:24:46.742 | INFO     | app.worker:process_document:58 - 
BLOCK 21
TYPE: paragraph
HEADING: False
BOLD: False
NUMBERED: False
FONT SIZE: 10.0
TEXT: and GCE Advanced Level (GCE A Level).
2026-08-21 17:24:46.743 | INFO     | app.worker:process_document:58 - 
BLOCK 22
TYPE: paragraph
HEADING: False
BOLD: False
NUMBERED: False
FONT SIZE: 10.0
TEXT: On the certificates, Cambridge International AS & A Levels are shown as General Certificate of Education.
2026-08-21 17:24:46.743 | INFO     | app.worker:process_document:58 - 
BLOCK 23
TYPE: paragraph
HEADING: False
BOLD: False
NUMBERED: False
FONT SIZE: 11.0
TEXT: School feedback: ‘Cambridge International A Levels are the ‘gold standard’ qualification. They
2026-08-21 17:24:46.744 | INFO     | app.worker:process_document:58 - 
BLOCK 24
TYPE: paragraph
HEADING: False
BOLD: False
NUMBERED: False
FONT SIZE: 11.0
TEXT: are based on rigorous, academic syllabuses that are accessible to students from a wide range
2026-08-21 17:24:46.745 | INFO     | app.worker:process_document:58 - 
BLOCK 25
TYPE: paragraph
HEADING: False
BOLD: False
NUMBERED: False
FONT SIZE: 11.0
TEXT: of abilities yet have the capacity to stretch our most able.’
2026-08-21 17:24:46.746 | INFO     | app.worker:process_document:58 - 
BLOCK 26
TYPE: paragraph
HEADING: False
BOLD: False
NUMBERED: False
FONT SIZE: 9.0
TEXT: Feedback from: Director of Studies, Auckland Grammar School, New Zealand
2026-08-21 17:24:46.746 | INFO     | app.worker:process_document:58 - 
BLOCK 27
TYPE: paragraph
HEADING: False
BOLD: False
NUMBERED: False
FONT SIZE: 9.17
TEXT: Back to contents page www.cambridgeinternational.org/alevel 72
2026-08-21 17:24:46.747 | INFO     | app.worker:process_document:52 - 
PAGE 73 (25 blocks)
2026-08-21 17:24:46.747 | INFO     | app.worker:process_document:58 - 
BLOCK 0
TYPE: paragraph
HEADING: False
BOLD: False
NUMBERED: False
FONT SIZE: 9.0
TEXT: Cambridge International AS & A Level Biology 9700 syllabus for 2028, 2029 and 2030. What else you need to know
2026-08-21 17:24:46.748 | INFO     | app.worker:process_document:58 - 
BLOCK 1
TYPE: paragraph
HEADING: False
BOLD: False
NUMBERED: False
FONT SIZE: 16.0
TEXT: How students, teachers and higher education can use the grades
2026-08-21 17:24:46.748 | INFO     | app.worker:process_document:58 - 
BLOCK 2
TYPE: paragraph
HEADING: False
BOLD: False
NUMBERED: False
FONT SIZE: 13.0
TEXT: Cambridge International A Level
2026-08-21 17:24:46.752 | INFO     | app.worker:process_document:58 - 
BLOCK 3
TYPE: paragraph
HEADING: False
BOLD: False
NUMBERED: False
FONT SIZE: 10.0
TEXT: Assessment at Cambridge International A Level has two purposes:
2026-08-21 17:24:46.753 | INFO     | app.worker:process_document:58 - 
BLOCK 4
TYPE: heading
HEADING: True
BOLD: False
NUMBERED: True
FONT SIZE: 10.0
TEXT: 1 to measure learning and achievement
2026-08-21 17:24:46.754 | INFO     | app.worker:process_document:58 - 
BLOCK 5
TYPE: paragraph
HEADING: False
BOLD: False
NUMBERED: False
FONT SIZE: 10.0
TEXT: The assessment confirms achievement and performance in relation to the knowledge, understanding and
2026-08-21 17:24:46.755 | INFO     | app.worker:process_document:58 - 
BLOCK 6
TYPE: paragraph
HEADING: False
BOLD: False
NUMBERED: False
FONT SIZE: 10.0
TEXT: skills specified in the syllabus.
2026-08-21 17:24:46.755 | INFO     | app.worker:process_document:58 - 
BLOCK 7
TYPE: heading
HEADING: True
BOLD: False
NUMBERED: True
FONT SIZE: 10.0
TEXT: 2 to show likely future success
2026-08-21 17:24:46.756 | INFO     | app.worker:process_document:58 - 
BLOCK 8
TYPE: paragraph
HEADING: False
BOLD: False
NUMBERED: False
FONT SIZE: 10.0
TEXT: The outcomes help predict which students are well prepared for a particular course or career and/or which
2026-08-21 17:24:46.756 | INFO     | app.worker:process_document:58 - 
BLOCK 9
TYPE: paragraph
HEADING: False
BOLD: False
NUMBERED: False
FONT SIZE: 10.0
TEXT: students are more likely to be successful.
2026-08-21 17:24:46.756 | INFO     | app.worker:process_document:58 - 
BLOCK 10
TYPE: paragraph
HEADING: False
BOLD: False
NUMBERED: False
FONT SIZE: 10.0
TEXT: The outcomes help students choose the most suitable course or career
2026-08-21 17:24:46.757 | INFO     | app.worker:process_document:58 - 
BLOCK 11
TYPE: paragraph
HEADING: False
BOLD: False
NUMBERED: False
FONT SIZE: 13.0
TEXT: Cambridge International AS Level
2026-08-21 17:24:46.757 | INFO     | app.worker:process_document:58 - 
BLOCK 12
TYPE: paragraph
HEADING: False
BOLD: False
NUMBERED: False
FONT SIZE: 10.0
TEXT: Assessment at Cambridge International AS Level has two purposes:
2026-08-21 17:24:46.758 | INFO     | app.worker:process_document:58 - 
BLOCK 13
TYPE: heading
HEADING: True
BOLD: False
NUMBERED: True
FONT SIZE: 10.0
TEXT: 1 to measure learning and achievement
2026-08-21 17:24:46.759 | INFO     | app.worker:process_document:58 - 
BLOCK 14
TYPE: paragraph
HEADING: False
BOLD: False
NUMBERED: False
FONT SIZE: 10.0
TEXT: The assessment confirms achievement and performance in relation to the knowledge, understanding and
2026-08-21 17:24:46.760 | INFO     | app.worker:process_document:58 - 
BLOCK 15
TYPE: paragraph
HEADING: False
BOLD: False
NUMBERED: False
FONT SIZE: 10.0
TEXT: skills specified in the syllabus.
2026-08-21 17:24:46.761 | INFO     | app.worker:process_document:58 - 
BLOCK 16
TYPE: heading
HEADING: True
BOLD: False
NUMBERED: True
FONT SIZE: 10.0
TEXT: 2 to show likely future success
2026-08-21 17:24:46.762 | INFO     | app.worker:process_document:58 - 
BLOCK 17
TYPE: paragraph
HEADING: False
BOLD: False
NUMBERED: False
FONT SIZE: 10.0
TEXT: The outcomes help predict which students are well prepared for a particular course or career and/or which
2026-08-21 17:24:46.762 | INFO     | app.worker:process_document:58 - 
BLOCK 18
TYPE: paragraph
HEADING: False
BOLD: False
NUMBERED: False
FONT SIZE: 10.0
TEXT: students are more likely to be successful.
2026-08-21 17:24:46.762 | INFO     | app.worker:process_document:58 - 
BLOCK 19
TYPE: paragraph
HEADING: False
BOLD: False
NUMBERED: False
FONT SIZE: 10.0
TEXT: The outcomes help students choose the most suitable course or career
2026-08-21 17:24:46.763 | INFO     | app.worker:process_document:58 - 
BLOCK 20
TYPE: paragraph
HEADING: False
BOLD: False
NUMBERED: False
FONT SIZE: 10.0
TEXT: The outcomes help decide whether students part way through a Cambridge International A Level course
2026-08-21 17:24:46.763 | INFO     | app.worker:process_document:58 - 
BLOCK 21
TYPE: paragraph
HEADING: False
BOLD: False
NUMBERED: False
FONT SIZE: 10.0
TEXT: are making enough progress to continue
2026-08-21 17:24:46.764 | INFO     | app.worker:process_document:58 - 
BLOCK 22
TYPE: paragraph
HEADING: False
BOLD: False
NUMBERED: False
FONT SIZE: 10.0
TEXT: The outcomes guide teaching and learning in the next stages of the Cambridge International A Level
2026-08-21 17:24:46.764 | INFO     | app.worker:process_document:58 - 
BLOCK 23
TYPE: paragraph
HEADING: False
BOLD: False
NUMBERED: False
FONT SIZE: 10.0
TEXT: course.
2026-08-21 17:24:46.767 | INFO     | app.worker:process_document:58 - 
BLOCK 24
TYPE: paragraph
HEADING: False
BOLD: False
NUMBERED: False
FONT SIZE: 9.17
TEXT: Back to contents page www.cambridgeinternational.org/alevel 73
2026-08-21 17:24:46.769 | INFO     | app.worker:process_document:52 - 
PAGE 74 (21 blocks)
2026-08-21 17:24:46.770 | INFO     | app.worker:process_document:58 - 
BLOCK 0
TYPE: paragraph
HEADING: False
BOLD: False
NUMBERED: False
FONT SIZE: 9.0
TEXT: Cambridge International AS & A Level Biology 9700 syllabus for 2028, 2029 and 2030. What else you need to know
2026-08-21 17:24:46.771 | INFO     | app.worker:process_document:58 - 
BLOCK 1
TYPE: paragraph
HEADING: False
BOLD: False
NUMBERED: False
FONT SIZE: 16.0
TEXT: Changes to this syllabus for 2028, 2029 and 2030
2026-08-21 17:24:46.772 | INFO     | app.worker:process_document:58 - 
BLOCK 2
TYPE: paragraph
HEADING: False
BOLD: False
NUMBERED: False
FONT SIZE: 10.0
TEXT: The syllabus has been updated. This is version 1, published September 2025.
2026-08-21 17:24:46.772 | INFO     | app.worker:process_document:58 - 
BLOCK 3
TYPE: paragraph
HEADING: False
BOLD: False
NUMBERED: False
FONT SIZE: 10.0
TEXT: You must read the whole syllabus before planning your teaching programme. We review our
2026-08-21 17:24:46.773 | INFO     | app.worker:process_document:58 - 
BLOCK 4
TYPE: paragraph
HEADING: False
BOLD: False
NUMBERED: False
FONT SIZE: 10.0
TEXT: syllabuses regularly to make sure they continue to meet the needs of our schools. In updating this syllabus, we
2026-08-21 17:24:46.773 | INFO     | app.worker:process_document:58 - 
BLOCK 5
TYPE: paragraph
HEADING: False
BOLD: False
NUMBERED: False
FONT SIZE: 10.0
TEXT: have made it easier for teachers and students to understand, keeping the familiar features that teachers and
2026-08-21 17:24:46.774 | INFO     | app.worker:process_document:58 - 
BLOCK 6
TYPE: paragraph
HEADING: False
BOLD: False
NUMBERED: False
FONT SIZE: 10.0
TEXT: schools value.
2026-08-21 17:24:46.774 | INFO     | app.worker:process_document:58 - 
BLOCK 7
TYPE: paragraph
HEADING: False
BOLD: False
NUMBERED: False
FONT SIZE: 10.0
TEXT: There are no significant changes which affect teaching.
2026-08-21 17:24:46.775 | INFO     | app.worker:process_document:58 - 
BLOCK 8
TYPE: paragraph
HEADING: False
BOLD: False
NUMBERED: False
FONT SIZE: 10.0
TEXT: Any textbooks endorsed to support the syllabus for examination from 2022 are still suitable for
2026-08-21 17:24:46.775 | INFO     | app.worker:process_document:58 - 
BLOCK 9
TYPE: paragraph
HEADING: False
BOLD: False
NUMBERED: False
FONT SIZE: 10.0
TEXT: use with this syllabus.
2026-08-21 17:24:46.775 | INFO     | app.worker:process_document:58 - 
BLOCK 10
TYPE: paragraph
HEADING: False
BOLD: False
NUMBERED: False
FONT SIZE: 10.0
TEXT: Syllabuses and specimen materials represent the final authority on the content and structure of all of our
2026-08-21 17:24:46.776 | INFO     | app.worker:process_document:58 - 
BLOCK 11
TYPE: paragraph
HEADING: False
BOLD: False
NUMBERED: False
FONT SIZE: 10.0
TEXT: assessments.
2026-08-21 17:24:46.776 | INFO     | app.worker:process_document:58 - 
BLOCK 12
TYPE: paragraph
HEADING: False
BOLD: False
NUMBERED: False
FONT SIZE: 10.0
TEXT: With a Customer Services team available 24 hours a day, 6 days a week, and dedicated regional teams
2026-08-21 17:24:46.777 | INFO     | app.worker:process_document:58 - 
BLOCK 13
TYPE: paragraph
HEADING: False
BOLD: False
NUMBERED: False
FONT SIZE: 10.0
TEXT: supporting schools in 160 countries, we understand your local context and are here to guide you so you can
2026-08-21 17:24:46.778 | INFO     | app.worker:process_document:58 - 
BLOCK 14
TYPE: paragraph
HEADING: False
BOLD: False
NUMBERED: False
FONT SIZE: 10.0
TEXT: provide your learners with everything they need to prepare for Cambridge International AS & A Level.
2026-08-21 17:24:46.779 | INFO     | app.worker:process_document:58 - 
BLOCK 15
TYPE: paragraph
HEADING: False
BOLD: False
NUMBERED: False
FONT SIZE: 11.0
TEXT: Quality management
2026-08-21 17:24:46.780 | INFO     | app.worker:process_document:58 - 
BLOCK 16
TYPE: paragraph
HEADING: False
BOLD: False
NUMBERED: False
FONT SIZE: 10.0
TEXT: We are committed to providing exceptional quality. In line with this commitment, our quality management
2026-08-21 17:24:46.780 | INFO     | app.worker:process_document:58 - 
BLOCK 17
TYPE: paragraph
HEADING: False
BOLD: False
NUMBERED: False
FONT SIZE: 10.0
TEXT: system for the provision of international education programmes and qualifications
2026-08-21 17:24:46.780 | INFO     | app.worker:process_document:58 - 
BLOCK 18
TYPE: paragraph
HEADING: False
BOLD: False
NUMBERED: False
FONT SIZE: 10.0
TEXT: for students aged 5 to 19 is independently certified as meeting the internationally recognised standard,
2026-08-21 17:24:46.781 | INFO     | app.worker:process_document:58 - 
BLOCK 19
TYPE: paragraph
HEADING: False
BOLD: False
NUMBERED: False
FONT SIZE: 10.0
TEXT: ISO 9001:2015. Learn more at www.cambridgeinternational.org/about-us/our-standards/
2026-08-21 17:24:46.781 | INFO     | app.worker:process_document:58 - 
BLOCK 20
TYPE: paragraph
HEADING: False
BOLD: False
NUMBERED: False
FONT SIZE: 9.17
TEXT: Back to contents page www.cambridgeinternational.org/alevel 74
2026-08-21 17:24:46.787 | INFO     | app.worker:process_document:52 - 
PAGE 75 (10 blocks)
2026-08-21 17:24:46.788 | INFO     | app.worker:process_document:58 - 
BLOCK 0
TYPE: paragraph
HEADING: False
BOLD: False
NUMBERED: False
FONT SIZE: 11.0
TEXT: School feedback: ‘While studying Cambridge IGCSE and Cambridge International A Levels, students
2026-08-21 17:24:46.788 | INFO     | app.worker:process_document:58 - 
BLOCK 1
TYPE: paragraph
HEADING: False
BOLD: False
NUMBERED: False
FONT SIZE: 11.0
TEXT: broaden their horizons through a global perspective and develop a lasting passion for learning.’
2026-08-21 17:24:46.789 | INFO     | app.worker:process_document:58 - 
BLOCK 2
TYPE: paragraph
HEADING: False
BOLD: False
NUMBERED: False
FONT SIZE: 9.0
TEXT: Feedback from: Zhai Xiaoning, Deputy Principal, The High School Affiliated to Renmin University of China
2026-08-21 17:24:46.790 | INFO     | app.worker:process_document:58 - 
BLOCK 3
TYPE: paragraph
HEADING: False
BOLD: False
NUMBERED: False
FONT SIZE: 8.5
TEXT: We are committed to making our documents accessible in accordance with the WCAG 2.1 Standard. We are always looking to improve
2026-08-21 17:24:46.790 | INFO     | app.worker:process_document:58 - 
BLOCK 4
TYPE: paragraph
HEADING: False
BOLD: False
NUMBERED: False
FONT SIZE: 8.5
TEXT: the accessibility of our documents. If you find any problems or you think we are not meeting accessibility requirements, contact us at
2026-08-21 17:24:46.791 | INFO     | app.worker:process_document:58 - 
BLOCK 5
TYPE: paragraph
HEADING: False
BOLD: False
NUMBERED: False
FONT SIZE: 8.5
TEXT: info@cambridgeinternational.org with the subject heading: Digital accessibility. If you need this document in a different format, contact
2026-08-21 17:24:46.792 | INFO     | app.worker:process_document:58 - 
BLOCK 6
TYPE: paragraph
HEADING: False
BOLD: False
NUMBERED: False
FONT SIZE: 8.5
TEXT: us and supply your name, email address and requirements and we will respond within 15 working days.
2026-08-21 17:24:46.793 | INFO     | app.worker:process_document:58 - 
BLOCK 7
TYPE: paragraph
HEADING: False
BOLD: False
NUMBERED: False
FONT SIZE: 8.5
TEXT: Cambridge International Education, The Triangle Building, Shaftesbury Road, Cambridge, CB2 8EA, United Kingdom
2026-08-21 17:24:46.795 | INFO     | app.worker:process_document:58 - 
BLOCK 8
TYPE: paragraph
HEADING: False
BOLD: False
NUMBERED: False
FONT SIZE: 8.5
TEXT: t : +44 (0)1223 553554 email : info@cambridgeinternational.org www.cambridgeinternational.org
2026-08-21 17:24:46.795 | INFO     | app.worker:process_document:58 - 
BLOCK 9
TYPE: paragraph
HEADING: False
BOLD: False
NUMBERED: False
FONT SIZE: 8.5
TEXT: © Cambridge University Press & Assessment September 2025
2026-08-21 17:24:46.796 | INFO     | app.worker:process_document:68 - ================================================================================
2026-08-21 17:24:46.796 | INFO     | app.worker:process_document:69 - END STRUCTURED TEXT BLOCK TEST
2026-08-21 17:24:46.797 | INFO     | app.worker:process_document:70 - ================================================================================
2026-08-21 17:36:04.631 | INFO     | app.main:on_startup:64 - Starting RAG Platform in development mode
2026-08-27 13:55:53.368 | INFO     | app.main:on_startup:64 - Starting RAG Platform in development mode
2026-08-27 14:01:53.457 | INFO     | app.main:on_startup:65 - Starting RAG Platform in development mode
2026-08-27 14:07:21.620 | INFO     | app.main:on_startup:65 - Starting RAG Platform in development mode
2026-08-27 14:07:27.989 | INFO     | app.main:on_startup:65 - Starting RAG Platform in development mode
2026-08-27 14:24:31.969 | INFO     | app.main:on_startup:65 - Starting RAG Platform in development mode
2026-08-27 14:28:09.823 | INFO     | app.main:on_startup:65 - Starting RAG Platform in development mode
2026-08-27 14:37:49.910 | INFO     | app.main:on_startup:65 - Starting RAG Platform in development mode
2026-08-27 14:44:56.973 | INFO     | app.api.documents:reindex_document:168 - Reindex triggered by user1@user1.com: TS-2024-HALE-SENSOR-001_Technical_Specification.pdf
2026-08-27 14:50:57.112 | INFO     | app.api.documents:reindex_document:168 - Reindex triggered by user1@user1.com: TS-2024-HALE-SENSOR-001_Technical_Specification.pdf
2026-08-27 14:51:45.930 | INFO     | app.worker:process_document:33 - Processing document: TS-2024-HALE-SENSOR-001_Technical_Specification.pdf (general)
2026-08-27 14:51:48.431 | INFO     | app.worker:process_document:64 - Extracted 8 text pages and 8 tables from TS-2024-HALE-SENSOR-001_Technical_Specification.pdf
2026-08-27 14:51:48.529 | INFO     | app.worker:process_document:97 - Created 25 chunks for TS-2024-HALE-SENSOR-001_Technical_Specification.pdf
2026-08-27 14:51:54.650 | INFO     | app.worker:process_document:118 - Embedded 25 chunks for TS-2024-HALE-SENSOR-001_Technical_Specification.pdf
2026-08-27 14:51:54.661 | INFO     | app.worker:process_document:33 - Processing document: TS-2024-HALE-SENSOR-001_Technical_Specification.pdf (general)
2026-08-27 14:51:57.526 | INFO     | app.worker:process_document:64 - Extracted 8 text pages and 8 tables from TS-2024-HALE-SENSOR-001_Technical_Specification.pdf
2026-08-27 14:51:57.539 | INFO     | app.worker:process_document:97 - Created 25 chunks for TS-2024-HALE-SENSOR-001_Technical_Specification.pdf
2026-08-27 14:52:02.180 | INFO     | app.worker:process_document:118 - Embedded 50 chunks for TS-2024-HALE-SENSOR-001_Technical_Specification.pdf
2026-08-27 15:12:32.781 | INFO     | app.api.documents:reindex_document:168 - Reindex triggered by user1@user1.com: TS-2024-HALE-SENSOR-001_Technical_Specification.pdf
2026-08-27 15:12:32.878 | INFO     | app.worker:process_document:33 - Processing document: TS-2024-HALE-SENSOR-001_Technical_Specification.pdf (general)
2026-08-27 15:12:35.985 | INFO     | app.worker:process_document:64 - Extracted 8 text pages and 8 tables from TS-2024-HALE-SENSOR-001_Technical_Specification.pdf
2026-08-27 15:12:36.020 | INFO     | app.worker:process_document:97 - Created 25 chunks for TS-2024-HALE-SENSOR-001_Technical_Specification.pdf
2026-08-27 15:12:40.621 | INFO     | app.worker:process_document:118 - Embedded 25 chunks for TS-2024-HALE-SENSOR-001_Technical_Specification.pdf
2026-08-27 15:36:24.088 | INFO     | app.main:on_startup:65 - Starting RAG Platform in development mode
2026-08-27 15:42:28.709 | INFO     | app.main:on_startup:65 - Starting RAG Platform in development mode
2026-08-27 15:42:37.812 | INFO     | app.main:on_startup:65 - Starting RAG Platform in development mode
2026-08-27 15:43:18.212 | INFO     | app.main:on_startup:65 - Starting RAG Platform in development mode
2026-08-27 15:45:46.117 | INFO     | app.main:on_startup:65 - Starting RAG Platform in development mode
2026-08-27 16:27:34.568 | INFO     | app.main:on_startup:65 - Starting RAG Platform in development mode
2026-08-27 16:31:02.703 | INFO     | app.main:on_startup:65 - Starting RAG Platform in development mode
2026-08-28 12:09:48.188 | INFO     | app.main:on_startup:65 - Starting RAG Platform in development mode
2026-08-28 15:00:21.432 | INFO     | app.main:on_startup:65 - Starting RAG Platform in development mode
